filename,width,height,thickness,sphericity,volume_hull,surface_area_hull,ratio_lw,ratio_tl,ratio_tw,solidity_3d,mean_curvature,curvature_dev,bbox_w_px,bbox_h_px,distance_z,color_a,color_b,mask_area_px,mask_perimeter_px,mask_2d_roundness,mask_2d_solidity,ellipse_major_px,ellipse_minor_px,ellipse_aspect_ratio,ellipse_angle_deg,depth_range,depth_iqr,depth_p25,depth_p75,depth_skewness,depth_kurtosis,depth_lap_std,color_l,color_std_a,color_std_b,color_hue_mean,color_hue_std,color_saturation
mango10_bot_u.jpg,0.06261627835555425,0.08470176061544281,0.09303009510040283,0.849397385295514,0.0002286556554928916,0.010327041182801441,1.3527115127232647,1.0983253999025093,1.485717413164508,0.46342429027972465,0.0016121144872158766,0.006377659738063812,183.0,252.0,0.14909256994724274,114.61425323490612,152.00771886490583,35295.5,736.6833270788193,0.8172736951381477,0.9903616824265552,250.21778869628906,179.10195922851562,0.71578427801513,174.8401641845703,0.02712590992450714,0.009743824601173401,0.1459801197052002,0.1557239443063736,3.3432836532592773,16.63712501525879,0.006511019542813301,102.01089061666714,3.6870279719789614,4.622095369838868,38.76790074943161,4.448536735062074,118.0037050551548
mango10_bot_u_hor.jpg,0.06160443943490468,0.08532671508779797,0.09160013496875763,0.8556607346334995,0.00021666849384374465,0.009970500222893657,1.3850741256717354,1.0735223414437618,1.4869080184642924,0.4499897425666648,0.0014657684369012713,0.006075445096939802,182.0,253.0,0.1469426453113556,114.78138266467992,151.98304703533975,35227.5,759.2863595485687,0.7678572545664085,0.9873870086188774,249.59524536132812,178.81240844726562,0.716409514085121,4.391265869140625,0.026267319917678833,0.008321449160575867,0.14335058629512787,0.15167203545570374,3.559450387954712,18.389509201049805,0.006100164260715246,101.91537574854509,3.745209884872137,4.674494971708403,38.6044589389637,4.695268790189245,117.86893081053726
mango10_bot_u_ver.jpg,0.05928686424279152,0.08153076120443883,0.09108246862888336,0.8352249592002458,0.00020623598167126533,0.009675845337666503,1.3751909844743033,1.1171546454778407,1.5363009967247132,0.46843535697238053,0.001479130471125245,0.005876378156244755,181.0,250.0,0.13948869705200195,114.67880944312662,152.0643849542528,35078.5,746.6000673770905,0.7908148730067778,0.9895902390859722,249.7108612060547,178.55712890625,0.7150555167839073,5.296465873718262,0.025986626744270325,0.00841088593006134,0.1367816925048828,0.14519257843494415,3.5007102489471436,17.55238914489746,0.005371995735913515,102.00751157799615,3.33078284868995,4.523896421403909,38.686038630972554,3.676199232479257,118.06766067999548
mango10_sia_u.jpg,0.06693790643070169,0.074372967828839,0.07512976229190826,0.959005436785949,0.00017574964467450155,0.008365467988227258,1.1110740056657515,1.010175665771614,1.1223799233949348,0.4698889190392271,0.0012595064472407103,0.005079277325421572,202.0,223.0,0.15923365950584412,114.61215705794513,147.2356161976986,33824.5,735.77164041996,0.7851545662506674,0.9876775728906604,229.3550567626953,190.2779083251953,0.8296215963621347,147.82521057128906,0.02534519135951996,0.007573619484901428,0.15648308396339417,0.1640567034482956,2.956494092941284,13.139923095703125,0.005364181473851204,86.76169004187041,2.6695575319913507,4.134671845690569,43.345913975346235,4.16352201800251,110.62424969987995
mango10_sia_u_ver.jpg,0.06812163850172365,0.07405254491519321,0.07654494047164917,0.9513289173096104,0.00018148400931626777,0.008636196333616073,1.0870634726925938,1.0336571222408402,1.1236509008765605,0.46999885711669387,0.0012407932663336396,0.003730787429958582,202.0,221.0,0.1639908254146576,114.67641751076958,147.28332751193386,34032.5,729.0853471755981,0.8045387697599687,0.9898635874465548,227.3780975341797,193.42344665527344,0.8506687704438984,33.5417366027832,0.03662462532520294,0.013338416814804077,0.15914714336395264,0.1724855601787567,1.8144183158874512,4.534989356994629,0.0033354638144373894,87.18558621492606,2.448145024428994,4.114095256119427,43.251135172895566,3.65930793609983,110.29313657003144
mango10_sib_u.jpg,0.09210253379154587,0.10908728511938215,0.07196061313152313,0.8227591522640643,0.000356939754161653,0.013659834550183571,1.1844113362426878,0.6596608674674725,0.7813098095041596,0.4936900263805871,0.001078705652616918,0.0037157179322093725,239.0,282.0,0.19898632168769836,114.12783181176283,146.1996738071086,49896.5,883.6782749891281,0.8029557100337278,0.9832307010197546,278.1451416015625,230.19784545898438,0.8276177111471474,8.448342323303223,0.03394800424575806,0.011172980070114136,0.19615305960178375,0.2073260396718979,2.1270265579223633,5.8809051513671875,0.0035205907188355923,87.06064403206237,3.4009221331288884,5.013136818122338,45.54748692244963,4.8543064721450895,105.5495753525469
mango10_sib_u_ver.jpg,0.08038465952254162,0.0939539017123304,0.05603906512260437,0.7991190293286639,0.00018534006832179834,0.009125828302771517,1.1688038771375733,0.5964527720645993,0.697136312518557,0.4379156242230464,0.0007586530991829932,0.0016063913935795426,238.0,278.0,0.18706466257572174,114.05830797321973,146.31397849462365,48911.5,871.3940033912659,0.8094531396541834,0.9888502517032933,273.5539245605469,227.47750854492188,0.8315636813120306,166.98524475097656,0.04140670597553253,0.01677192747592926,0.1803831309080124,0.19715505838394165,0.9506365656852722,0.3216428756713867,0.0014386074617505074,87.34735240413877,3.132543799050785,4.876196772572338,45.50020288090891,3.562691013045731,105.73700547778454
mango10_top_u.jpg,0.07006221319699255,0.09393698645091483,0.09212392568588257,0.9010059944398217,0.0002916450659669378,0.011977750015219953,1.3407653307610203,0.9806991810836976,1.3148874619027455,0.48101843536932853,0.0014912709593772888,0.006142703350633383,180.0,242.0,0.1892809271812439,113.31138800347725,155.9757171834251,34181.0,733.8721439838409,0.7975424752168678,0.9902369778086795,243.5422821044922,179.21484375,0.735867473201666,177.64443969726562,0.03138168156147003,0.012811020016670227,0.1832398921251297,0.19605091214179993,1.986789584159851,9.07577133178711,0.006374808494001627,104.3546218487395,4.074686060103102,7.506627325935485,38.27977397855694,5.617107057056907,133.75844682700665
mango10_top_u_hor.jpg,0.06700035805795981,0.0898756905846224,0.08050365746021271,0.8740496129965691,0.00023514085750787986,0.010187259018860808,1.3414210489274383,0.8957222685751108,1.2015407050596898,0.4850573857839485,0.0013874243013560772,0.005923673510551453,179.0,242.0,0.18801604211330414,113.4622784074397,155.9308921825051,34083.0,730.7005716562271,0.8021743745945235,0.990252335226695,242.90679931640625,178.77989196777344,0.7360020076461417,1.9111883640289307,0.025222718715667725,0.009695470333099365,0.1830771267414093,0.19277259707450867,2.304198980331421,11.456267356872559,0.007067068945616484,104.2489102005231,4.083435031405101,7.463264020551146,38.13589072943912,5.693280516392638,133.62714327230455
mango10_top_u_ver.jpg,0.07384264498626181,0.09997341000122728,0.08514964580535889,0.8568543901809536,0.0003263720672256897,0.012867275324922899,1.353870924041616,0.8517229311705341,1.1531229118512847,0.5192044264593606,0.001438391045667231,0.005427379626780748,180.0,244.0,0.19929362833499908,113.52411016826436,156.0054446986591,34196.0,741.0437175035477,0.7825237238899987,0.9889954159617081,244.0181884765625,178.8866424560547,0.7330873307963944,2.521530866622925,0.028572916984558105,0.008274674415588379,0.19694162905216217,0.20521630346775055,3.1632766723632812,13.943965911865234,0.0052361623384058475,104.8838078137218,4.431856283742975,7.3809725851882275,38.09206753743231,6.149823910778539,133.63729039358222
mango11_bac_u.jpg,0.07137079813986581,0.10319243150566246,0.04821212589740753,0.6862152752804539,0.00015843502529986595,0.008462400543902425,1.4458634931255159,0.46720602658502136,0.6755161376075116,0.44619686674322545,0.0005452046752907336,0.0015556786675006151,259.0,374.0,0.15030725300312042,114.75709402636862,144.04039390157885,73256.0,1075.6610301733017,0.7956135945484542,0.9882565614186559,364.6954345703125,256.367919921875,0.7029644344847092,3.536349058151245,0.037027180194854736,0.014043837785720825,0.14459356665611267,0.1586374044418335,1.0653102397918701,0.49457597732543945,0.0017584911547601223,96.3876213987304,4.093771661059537,7.818719951487809,49.69372253268949,8.9302257469652,86.65414247734795
mango11_bac_u_hor.jpg,0.07120025113007397,0.10146458740282524,0.044549793004989624,0.6754078067959506,0.00014628266607987164,0.008013213077257171,1.4250594034768516,0.43906740415867646,0.6256971330564932,0.45451807365848496,0.0005236658616922796,0.001533852075226605,260.0,369.0,0.15249614417552948,114.73771114578386,144.00987721321485,73236.5,1071.27625477314,0.8019263567918725,0.9893615584134875,359.78192138671875,260.0815124511719,0.7228865515219095,176.597900390625,0.03322571516036987,0.013482317328453064,0.1468798816204071,0.16036219894886017,0.954961359500885,0.2371201515197754,0.001915758941322565,97.01075910725189,4.1665441289595355,7.806591946263368,49.70942269859575,9.212927702350239,86.29873142934672
mango11_bac_u_ver.jpg,0.09911295330986289,0.14438609093834753,0.03403407335281372,0.5449180705148833,0.00021363292950363864,0.012873312460959725,1.4567832570475876,0.23571573363909532,0.3433867341881229,0.4386301593237754,0.00036145024932920933,0.0005294334841892123,257.0,374.0,0.23972144722938538,114.8603899191631,143.99614156646967,73131.5,1082.9331086874008,0.783630050719336,0.9881566857637012,366.78057861328125,254.5597381591797,0.6940382152228874,176.0709991455078,0.02772332727909088,0.014188617467880249,0.2336510568857193,0.24783967435359955,0.4966215193271637,-0.8341240882873535,0.0005528900073841214,96.69586305278175,4.540808729099133,7.844557462159319,49.73280347802459,9.853413801759435,86.40715983968481
mango11_bot_u.jpg,0.0805607353114697,0.09615305588316142,0.05359092354774475,0.7758233148906274,0.00019418186658909164,0.00934908106646973,1.1935473964010825,0.5573501856546791,0.6652238629718022,0.46776844027661485,0.0007404217612929642,0.0019144224934279919,224.0,268.0,0.20508702099323273,112.40570123967824,139.40471973883544,46502.5,833.4528799057007,0.8412480339936217,0.9932187099530115,265.69085693359375,222.57110595703125,0.8377070574643832,4.027126312255859,0.0349995493888855,0.015466287732124329,0.19809381663799286,0.2135601043701172,0.7618151307106018,0.1100466251373291,0.002242324873805046,138.77487357842406,4.017155469721135,7.509070589801289,63.00183497983656,10.609595003508442,61.82832270040753
mango11_bot_u_hor.jpg,0.07900535574273237,0.09393301361218073,0.05133374035358429,0.7717458633500078,0.0001723521280760149,0.008684284015410826,1.1889448851804143,0.5464930632964128,0.6497501323928464,0.45241703764583313,0.0006946393405087292,0.001832105335779488,224.0,266.0,0.20286735892295837,112.53187477232305,139.33387618659867,46293.5,842.3401832580566,0.8198885905632732,0.9912318266492517,266.04388427734375,221.45632934570312,0.8324052625650313,175.28848266601562,0.037479519844055176,0.01638588309288025,0.19590556621551514,0.21229144930839539,0.7001816630363464,-0.20183777809143066,0.002423373982310295,138.39644716823452,4.163977039633866,7.513738925241824,62.93667902372126,10.959962049848647,61.61023849829644
mango11_bot_u_ver.jpg,0.10056138364137539,0.11757106541730972,0.06424440443515778,0.7760479333920011,0.0003317681597675921,0.013706956246630434,1.1691472527525546,0.5464304011121024,0.6388576022806909,0.43678498687982353,0.0008298861212097108,0.0015897894045338035,226.0,265.0,0.2583407163619995,112.51937210586686,139.3566421683164,46711.0,835.553384065628,0.840776615032285,0.9927737986440246,265.9973449707031,223.7716827392578,0.8412553244240237,175.2245330810547,0.04649500548839569,0.02258417010307312,0.24795717000961304,0.27054134011268616,0.5140472650527954,-0.5811166763305664,0.0013924501836299896,139.4997663452143,4.100830536984901,7.53714899824532,62.98976167211861,11.204860505941225,61.46892391350524
mango11_fro_u.jpg,0.07063579356040783,0.10837236293418279,0.031009003520011902,0.5713363436684528,0.00010180594242135372,0.007173601251995037,1.5342414584965707,0.28613386919361017,0.4389984447968714,0.4288860759523519,0.0003509820089675486,0.0010105655528604984,273.0,420.0,0.15493007004261017,116.22407817408339,140.70435498267048,85742.5,1220.472211241722,0.7233528804239499,0.9878111301202182,418.84539794921875,266.2984619140625,0.6357917819270126,179.4026336669922,0.02473747730255127,0.010540381073951721,0.14977633953094482,0.16031672060489655,0.6527701616287231,-0.27278780937194824,0.001511718612164259,89.64666334372718,5.074878179658283,9.600155480089615,55.310853261310555,17.13001384568549,95.50577843721383
mango11_fro_u_hor.jpg,0.06859199355829734,0.10363112786785644,0.032114505767822266,0.5897456409154852,9.915282498264523e-05,0.006939332571007071,1.5108341730843386,0.30989246598543785,0.46819612759217555,0.43435037354212697,0.0003465952759142965,0.0009610262932255864,273.0,413.0,0.14851440489292145,116.30562903150958,140.66476402617292,85700.0,1199.1168738603592,0.74897557868283,0.9896302455022056,413.33734130859375,268.27569580078125,0.6490478091126278,179.8653564453125,0.026652082800865173,0.011375144124031067,0.1435621827840805,0.15493732690811157,0.6738480925559998,-0.36570239067077637,0.0014673054683953524,90.11516775720452,5.142629595566731,9.601438994422237,55.197027704301824,17.38032569780426,94.52130029235695
mango11_fro_u_ver.jpg,0.09527914936720511,0.1466070482129204,0.03706812858581543,0.5477254794521706,0.00022266430990286045,0.012695604038893703,1.5387107167371736,0.2528400171592067,0.38904764402288217,0.4300284900547817,0.00039406726136803627,0.0007571300375275314,272.0,419.0,0.21315473318099976,116.2231445426353,140.739093431576,85238.5,1210.1879402399063,0.7313748481994723,0.9901666957077307,414.61334228515625,266.19879150390625,0.6420410641798021,179.50714111328125,0.030329465866088867,0.015153542160987854,0.20620423555374146,0.2213577777147293,0.5145025849342346,-0.7596592903137207,0.0009517893777228892,90.45892694755986,5.027011020997656,9.57770771327788,55.20824492270385,17.141520481155933,94.85298575325857
mango11_sia_u.jpg,0.09067224775578298,0.11156706463631544,0.04158499836921692,0.671603605609689,0.00017167341696101406,0.009731778116101562,1.2304433539224775,0.3727354350029289,0.4586298387707574,0.4080900197366541,0.00047093754983507097,0.0007105513941496611,254.0,313.0,0.2148386687040329,118.65260455515273,140.975663064407,57218.5,977.0508583784103,0.7532029134778854,0.9846245181718062,316.5567932128906,231.125732421875,0.7301240642352553,156.04916381835938,0.03503546118736267,0.016827911138534546,0.20734745264053345,0.224175363779068,0.5404055714607239,-0.703636884689331,0.000502056151162833,100.0563756526566,3.3018815468322367,7.373997623821154,45.81120227584173,8.030369083785581,71.6421447032906
mango11_sia_u_ver.jpg,0.08486634924449815,0.10170734104065612,0.03465728461742401,0.6575697364652376,0.00012870877770814368,0.008190094448164287,1.1984413368323343,0.340754996274755,0.4083748732678144,0.430254887348451,0.0004149946616962552,0.0006829723133705556,255.0,306.0,0.2023342400789261,118.87658343008647,140.756857920183,57306.5,933.6193997859955,0.8261787377641835,0.992045493889139,317.3991394042969,231.97740173339844,0.7308696619933494,23.322126388549805,0.027159392833709717,0.012051194906234741,0.19730478525161743,0.20935598015785217,0.6178901791572571,-0.47245073318481445,0.0005268044187687337,99.314970454191,3.3153027067702925,7.468028995383244,45.83473408771899,7.970841704804683,70.1683331311626
mango11_sib_u.jpg,0.07931123918876073,0.09877046739513223,0.03083401918411255,0.6305268019912362,0.0001093443955287154,0.00750790591607012,1.2453527193044927,0.31217852863610285,0.38877237954544613,0.4526937988056841,0.00035976324579678476,0.0005880871322005987,266.0,332.0,0.1809317171573639,119.74364721249184,139.62597221397613,66926.5,1019.477263212204,0.8091944377515611,0.9878668900418459,339.41302490234375,251.87351989746094,0.7420856049054989,11.726567268371582,0.025132104754447937,0.012412577867507935,0.17567963898181915,0.1880922168493271,0.5711975693702698,-0.6475992202758789,0.0004879613406956196,96.5941192186665,3.769244059601723,5.7194107002071375,44.093807516475685,11.645294446597932,65.4897583565873
mango11_sib_u_ver.jpg,0.0821079529981553,0.10455923812534945,0.03613269329071045,0.6474211951647115,0.00014049070786802017,0.0084739655291117,1.2734361813611228,0.3455715050964053,0.44006325783718214,0.45289719509585524,0.000397624186007306,0.0007145505514927208,262.0,334.0,0.18691061437129974,119.89963285773983,139.56526476031283,66549.0,1030.6072056293488,0.7873449545926006,0.9862617819669216,337.56329345703125,250.6630859375,0.7425661817978653,169.25851440429688,0.029683738946914673,0.013029709458351135,0.1814347803592682,0.19446448981761932,0.7300468683242798,-0.2575666904449463,0.000595855584833771,96.77123753805743,3.718711692544079,5.70893673526796,43.72985194913736,11.308843119105763,64.29175870097308
mango11_top_u.jpg,0.06913626138814008,0.07599188044256637,0.028963446617126465,0.7025446265945705,7.44354778257328e-05,0.0053519655063133525,1.0991609745273605,0.3811387012460712,0.4189327862917241,0.48916644355190136,0.0004015008744318038,0.0016463438514620066,296.0,326.0,0.13693399727344513,117.56235869883236,144.60566002606592,74732.0,1068.6315920352936,0.8223571086491881,0.9911865935421406,326.2737121582031,293.4122314453125,0.8992824751478697,178.83712768554688,0.02013564109802246,0.007235139608383179,0.13344629108905792,0.1406814306974411,1.066537618637085,0.9277503490447998,0.0028182566165924072,103.24624305130729,3.2743206764926143,7.8155443238678375,42.963161954411255,8.590945555702822,92.08085751522728
mango11_top_u_hor.jpg,0.06783205815786131,0.07442470654859276,0.024615108966827393,0.6705031643765863,6.295041715156001e-05,0.0049770942592870316,1.0971907468204605,0.3307384080951115,0.3628831209800857,0.5065761326954438,0.0003719357482623309,0.0015577973099425435,296.0,326.0,0.13748496770858765,117.73381753482134,144.51495757704512,74853.5,1054.1046801805496,0.8465536620652951,0.9907153729071537,326.0506591796875,292.5222473144531,0.8971680905366403,0.7733690142631531,0.016008689999580383,0.007184386253356934,0.13418196141719818,0.14136634767055511,0.8231979012489319,0.36124157905578613,0.002752471948042512,103.2031521782428,3.3386662515012064,7.8549730421960104,42.75844807669327,8.777968014886648,91.42811997928645
mango11_top_u_ver.jpg,0.07851962226053004,0.08621431327391164,0.02764664590358734,0.6634689991568281,9.742628166402781e-05,0.006685422642562535,1.0979970457301798,0.3206735036646541,0.3520985596677362,0.5205663635580547,0.00038149242755025625,0.0015083316247910261,297.0,326.0,0.15740016102790833,117.6707985665383,144.60060975609755,74329.5,1047.4183894395828,0.8513941982893947,0.9922242097394276,324.759765625,292.34771728515625,0.9001968477299928,2.3966140747070312,0.019339457154273987,0.006453424692153931,0.155216246843338,0.16166967153549194,1.2715338468551636,1.2043676376342773,0.0023636547848582268,102.97930038510911,3.2334971340893386,7.781547702850117,42.660930145485665,7.9792762220551445,91.83957798459564
mango12_bac_u.jpg,0.06443191481139152,0.08691835940565021,0.0709909200668335,0.8459803340205437,0.00017693094452030155,0.008422545897823765,1.3489954420892534,0.8167540270234169,1.1017974597626323,0.4450291232676861,0.0011066755978390574,0.0052486625500023365,222.0,304.0,0.1344030648469925,113.10837289923883,146.17793352927876,52684.0,893.837655544281,0.8286503379531661,0.9919882506896129,306.4110412597656,219.8613739013672,0.7175373739713761,178.96156311035156,0.027256697416305542,0.009169086813926697,0.13104085624217987,0.14020994305610657,2.1662440299987793,7.358980178833008,0.006470466032624245,111.91866380284874,4.874822847001947,7.899547370901203,48.42684075665084,6.379610454205268,85.56066772175748
mango12_bac_u_hor.jpg,0.05630438040118986,0.07685531953764703,0.050039827823638916,0.7813339734440778,0.00010131235320310963,0.005897037502358519,1.3649971634537847,0.6510912728575315,0.8887377406000447,0.46787568935323826,0.0008106477907858789,0.0035969631280750036,222.0,304.0,0.13067853450775146,113.11595958066836,146.11898724595997,52456.0,891.4945094585419,0.8294069861068124,0.9921413237755691,304.7761535644531,219.54623413085938,0.7203524014697246,0.649543821811676,0.026565372943878174,0.00947493314743042,0.1270868182182312,0.13656175136566162,1.376428484916687,2.086341381072998,0.0051329233683645725,111.89868675017976,4.8962969317616,7.929315575407909,48.5379971994096,6.102526990218351,85.21749990538547
mango12_bac_u_ver.jpg,0.07955044737411202,0.10829628039426922,0.05725856125354767,0.729600840497447,0.00024493830275770773,0.010795593912820948,1.3613535054676753,0.5287214024811294,0.7197767346834713,0.49654670716999055,0.000833243306260556,0.0032482442911714315,221.0,302.0,0.19794125854969025,113.08232752903727,146.18076055857665,52380.0,897.2102385759354,0.8176866669265506,0.9917637034933258,304.24835205078125,219.91583251953125,0.7228168403779085,0.47589367628097534,0.029561281204223633,0.012255311012268066,0.19283856451511383,0.2050938755273819,1.2150129079818726,1.887557029724121,0.004300469532608986,112.20982625007106,4.822206605129363,7.86964821229159,48.55556397673229,5.962971473482812,85.35534418401956
mango12_bot_u.jpg,0.07294254742468015,0.0864807321561489,0.0633433610200882,0.851689130700681,0.00018982886547512905,0.008861404713356604,1.1856006570849225,0.7324563453708502,0.868400724357701,0.47507356426138997,0.0009168257238343358,0.0028827127534896135,223.0,264.0,0.17013218998908997,116.08755064053433,144.41491295302748,45304.5,825.4528803825378,0.8355388173355004,0.9911939090292515,261.8476867675781,219.88150024414062,0.839730543196711,0.11575980484485626,0.033673956990242004,0.012823149561882019,0.16418962180614471,0.17701277136802673,1.4620145559310913,2.906127452850342,0.0024680220521986485,102.76636373590277,4.929788369692786,6.994107801976553,43.85654220956969,5.294223382768073,82.4203000109493
mango12_bot_u_hor.jpg,0.07587068543554026,0.08965517660524841,0.06068779528141022,0.8305036441131654,0.00019061846698327243,0.009011714553892764,1.1816840205222536,0.6769023003392038,0.7998846317655924,0.46175779349429796,0.0008733141585253179,0.0024424514267593622,223.0,264.0,0.18375492095947266,116.13344030244417,144.32064357306137,45132.5,828.1391712427139,0.8269754176201172,0.9911062311281911,262.13287353515625,218.62005615234375,0.8340047289910903,179.8386993408203,0.037458792328834534,0.01524457335472107,0.17653298377990723,0.1917775571346283,1.0241780281066895,1.0312833786010742,0.0022448059171438217,102.69762176894672,4.978225145629437,7.080707416738557,43.83442500439599,4.673514550420466,81.43014770529277
mango12_bot_u_ver.jpg,0.09754095722237287,0.11208644294712097,0.06171292066574097,0.7825023429180731,0.00029572998986962783,0.012581666438847063,1.1491218267582453,0.5505832734370496,0.6326872569545169,0.4383077678706619,0.00080541567876935,0.0016816037241369486,227.0,263.0,0.24763640761375427,116.25471490261744,144.33878998854323,45015.5,841.1686087846756,0.799476731427422,0.9886563296143371,260.6646728515625,219.72634887695312,0.8429464049471636,177.3047332763672,0.04629649221897125,0.01852649450302124,0.2390347123146057,0.25756120681762695,0.784493625164032,0.1529674530029297,0.0013776267878711224,103.47642548691285,5.3688285600189305,7.043622381261326,43.84068476249229,6.683309790766435,81.62247730677713
mango12_fro_u.jpg,0.0669786072890193,0.09778691293409394,0.07840251922607422,0.8189075708041872,0.0002567008612070495,0.011061961481573315,1.459972323881471,0.8017690391649408,1.1705606073258528,0.49989691801999125,0.0013194995699450374,0.005398377776145935,187.0,274.0,0.17420995235443115,114.29009568783397,144.72774947185286,39892.5,781.9970351457596,0.8197678930280675,0.9928076353545786,274.849853515625,185.73916625976562,0.6757841195254867,0.7780691385269165,0.03816831111907959,0.011084720492362976,0.1704835742712021,0.18156829476356506,2.0023913383483887,4.832629680633545,0.005759657360613346,110.45060270908414,4.7804851717410735,8.423643351301212,49.06892009444513,8.035935637975436,83.86509258108612
mango12_fro_u_hor.jpg,0.07591813871153559,0.10797204655953527,0.09214092791080475,0.843448342190337,0.00035245640556283664,0.013578737732025472,1.4222167243824848,0.8533776180670863,1.2136879206286988,0.4666550189638643,0.0015366283478215337,0.006151789333671331,192.0,274.0,0.18508630990982056,114.42855382188371,144.5351130173285,40220.5,793.1686081886292,0.8033897643474073,0.9909211855428811,276.0277099609375,187.80343627929688,0.6803789239343911,179.5525360107422,0.04492391645908356,0.013406544923782349,0.18085448443889618,0.19426102936267853,2.0103495121002197,4.859989643096924,0.005587959662079811,110.80396361754049,4.873451325604429,8.49376574805194,49.12891616751707,8.020758286806519,82.71266237767753
mango12_fro_u_ver.jpg,0.08728550260099555,0.12119520943413575,0.06004303693771362,0.7092695033965125,0.0002939225791038492,0.012541741178600638,1.388491855149763,0.49542417739163497,0.6878924351525564,0.4627460591184993,0.0009348081075586379,0.003253923263400793,196.0,272.0,0.2559678256511688,114.46596273291925,144.6311552795031,39899.5,799.6538904905319,0.784103167654479,0.9888229389970384,272.2677307128906,189.03353881835938,0.6942928503624154,0.108126699924469,0.04635287821292877,0.018713295459747314,0.2493896186351776,0.2681029140949249,1.0187093019485474,0.3299715518951416,0.0034689316526055336,111.40467080745341,5.100855777534534,8.436955282667249,48.93858385093168,8.576536212145816,83.03316770186335
mango12_sia_u.jpg,0.07994599645633603,0.08626006191813097,0.04003874957561493,0.7548938690961707,0.00011231757108076279,0.007089983165278791,1.0789791326854432,0.4641632371376631,0.5008224470312634,0.40678104876870114,0.0004169873718637973,0.0005754503072239459,272.0,295.0,0.17407138645648956,119.68077961414367,140.30424046882203,60310.5,981.938159942627,0.7860216662727365,0.9901494816164701,306.5467529296875,249.8630828857422,0.8150896412954444,147.3341522216797,0.03340610861778259,0.015454575419425964,0.16654224693775177,0.18199682235717773,0.45266106724739075,-0.666043758392334,0.00035967130679637194,90.86817673009811,3.4811897016602975,6.8377896199767525,43.139395535655495,6.371491017364473,74.35082636465398
mango12_sia_u_ver.jpg,0.0760859496377363,0.08200501943699351,0.034104570746421814,0.7280234926094781,8.982342629588184e-05,0.006273924201488705,1.0777945182709732,0.4158839419899803,0.44823743291372414,0.4221163051758901,0.0003840200079139322,0.0007002605707384646,273.0,295.0,0.1669262945652008,119.89030410742497,140.143299104792,60343.0,971.7787804603577,0.8029748414951956,0.9894728211855375,311.2447814941406,247.15919494628906,0.7940990809863329,33.487937927246094,0.02856437861919403,0.012255638837814331,0.16128018498420715,0.17353582382202148,0.5588424205780029,-0.4900550842285156,0.0004896139726042747,90.71721958925751,3.4782167592484785,6.911366370971892,43.00473933649289,6.608726591773079,73.35612493417588
mango12_sib_u.jpg,0.07536534851244105,0.08239433672972238,0.0339743047952652,0.7225077703027625,9.551163257689995e-05,0.006360437397039368,1.093265517323535,0.4123378637868146,0.4507947679649732,0.4527272293524532,0.00047277400153689086,0.0007256499957293272,222.0,243.0,0.20726434886455536,118.34937177364371,143.2087026395247,40713.0,800.7838325500488,0.7978336996894447,0.9885515181682429,254.79454040527344,204.20272827148438,0.8014407527990267,31.14333152770996,0.026592865586280823,0.011937156319618225,0.201824352145195,0.21376150846481323,0.584993839263916,-0.4202113151550293,0.0004767629725392908,103.43705561507743,3.7175308202655213,6.512001286078934,41.0085955001461,4.117278378426397,73.93067595207948
mango12_sib_u_ver.jpg,0.07743520216487289,0.08505059386859286,0.03331097960472107,0.7091264970215853,9.950316282343151e-05,0.0066594416703990725,1.0983453454089975,0.39166075261259303,0.4301787646114264,0.4535589006881914,0.00046573777217417955,0.0008159125573001802,221.0,243.0,0.21482884883880615,118.54464481273271,143.06519675841426,40746.5,787.6538898944855,0.8253332273023453,0.9891367674904112,253.7449188232422,205.00621032714844,0.807922425709557,149.472412109375,0.02729704976081848,0.011556476354598999,0.2098942995071411,0.2214507758617401,0.7107272148132324,-0.29898834228515625,0.0005254164570942521,103.22764108928962,3.710040065977679,6.5968362285811954,40.982015526514324,5.649384587180188,73.08123433355236
mango12_top_u.jpg,0.07614103205996867,0.09208364176177439,0.06665414571762085,0.8427400834257499,0.00023349726448376114,0.010202109633566341,1.2093826320773973,0.7238435018682136,0.8754037595015005,0.49963561087773667,0.001022237935103476,0.003212658455595374,204.0,247.0,0.19887976348400116,115.72701041274621,146.20105382009785,39509.5,777.2274835109711,0.8218926546456853,0.9911569916210927,247.61834716796875,203.6301727294922,0.8223549468705655,176.8357696533203,0.02955952286720276,0.012421265244483948,0.19366949796676636,0.2060907632112503,1.6699976921081543,4.871990203857422,0.0025794401299208403,115.57706686739431,4.858525076731768,7.806346966441512,43.23678333960607,6.423522033793726,83.2361560657383
mango12_top_u_hor.jpg,0.07580892830820393,0.09111947609437168,0.06859093904495239,0.8555687089577291,0.00023762021901576217,0.010273022688787515,1.2019623298712543,0.7527582684289507,0.9047870821507126,0.5015163222170429,0.0010488800471648574,0.0033778466749936342,204.0,247.0,0.19504383206367493,115.78322152709731,146.15268460591443,39460.5,772.1980460882187,0.8316010923122276,0.9920556107249255,247.5326385498047,203.58474731445312,0.8224561759094688,3.798194646835327,0.02821260690689087,0.012175962328910828,0.18994982540607452,0.20212578773498535,1.7766621112823486,5.571123123168945,0.002746051410213113,115.43428557071431,4.824790350677076,7.8304357553546895,43.112283610964546,6.010274036906185,82.89575638803045
mango12_top_u_ver.jpg,0.08286919007871828,0.09939832484776885,0.07194852828979492,0.8450562656427164,0.0002912701323009136,0.01166516820292271,1.1994605564908911,0.7238404510336164,0.868218070207399,0.49147550614154356,0.0011060270480811596,0.003441073000431061,204.0,246.0,0.2180059403181076,115.71532312968053,146.173378047858,39319.0,769.9554063081741,0.8334531309272665,0.9910770549240038,246.65811157226562,203.32994079589844,0.8243391611969227,3.269522190093994,0.03407709300518036,0.01377210021018982,0.2121429741382599,0.2259150743484497,1.44008207321167,3.5772323608398438,0.0030857096426188946,115.69807609874178,4.521117700381157,7.818188990283919,43.21526009228675,5.177432045117895,82.74116846113114
mango13_bac_u.jpg,0.07014662330927177,0.105802247803474,0.05625556409358978,0.7064164787690528,0.0002031322197204661,0.00961817126122209,1.5083013666530884,0.5317048102615325,0.8019710919734906,0.48653228693442274,0.0008131948998197913,0.002328065922483802,188.0,285.0,0.21082568168640137,118.67194778784081,142.25363569722623,41911.5,835.4284927845001,0.7546133815946386,0.9844966703076001,282.3936462402344,189.80902099609375,0.6721433839719673,179.22787475585938,0.03612065315246582,0.014488056302070618,0.20458531379699707,0.2190733700990677,0.917665421962738,0.6113982200622559,0.0021606734953820705,93.89730189883895,3.96357153383849,6.076898314418339,42.32845420795006,6.993721947746392,77.91423301567784
mango13_bac_u_hor.jpg,0.06923602114848747,0.10528255901525338,0.046019554138183594,0.659964458626829,0.0001616618791388929,0.008528747957125512,1.5206327178949015,0.43710520117122403,0.6646764700629961,0.4819219213556178,0.0006800152477808297,0.0018097271677106619,188.0,286.0,0.21568962931632996,118.81780538302277,142.15913471835512,41646.5,836.0559109449387,0.7487170609912732,0.9847370661117942,282.1793518066406,188.31869506835938,0.667372342670211,0.23054978251457214,0.033681824803352356,0.013232812285423279,0.21012544631958008,0.22335825860500336,0.9606313705444336,0.3381175994873047,0.001913858694024384,93.85538183289307,3.898686967767533,6.159576589652354,42.208919349848884,6.441774879813109,76.94091049713239
mango13_bac_u_ver.jpg,0.06419444260166829,0.09608548086310298,0.03840067982673645,0.6439323885169806,0.00011413063835717315,0.006910865232303773,1.4967881481473586,0.3996512218266099,0.5981932122226806,0.48184586148577935,0.0005541514256037772,0.0012577124871313572,188.0,282.0,0.2030775547027588,118.73432893065177,142.19344631684925,41342.5,835.2274832725525,0.7447269088436624,0.9878261492879671,278.7168884277344,189.20970153808594,0.6788598373260907,179.4154815673828,0.027720123529434204,0.011819422245025635,0.19840240478515625,0.21022182703018188,0.86392742395401,0.08263325691223145,0.001183351967483759,94.1379054102644,3.7573606917097884,6.156672521790617,42.46096315650694,6.1624532032295924,76.86453963611957
mango13_bot_u.jpg,0.06568404261129845,0.08309332816631261,0.028238743543624878,0.6452445004293904,7.495804370723699e-05,0.005519306655600695,1.2650458903395747,0.33984369343233656,0.4299178677343996,0.4863476770374647,0.00044693052768707275,0.0015615910524502397,234.0,298.0,0.17033566534519196,119.36878296910324,139.6806895252449,52696.0,890.264062166214,0.8355064940916409,0.9924477842439309,291.2157897949219,229.63714599609375,0.7885463427577445,179.48910522460938,0.018605470657348633,0.008162543177604675,0.16695785522460938,0.17512039840221405,0.7525330185890198,0.18958592414855957,0.002692672424018383,88.38479653353428,2.9655268564233443,4.481333231033958,44.208967596081386,5.046349101146841,67.88359080633006
mango13_bot_u_hor.jpg,0.06292400253454974,0.07937131129342095,0.025325551629066467,0.6324352200948141,5.958302864015231e-05,0.004851909926735214,1.2613837025043102,0.31907689587542054,0.4024783963029202,0.4710681764073691,0.00040392816299572587,0.0014713926939293742,235.0,298.0,0.16541655361652374,119.58778568611618,139.57086518056678,52850.5,907.2518692016602,0.8068693547770123,0.9910088130508157,291.0791320800781,230.78721618652344,0.7928676114199491,0.9940747022628784,0.01690065860748291,0.007823705673217773,0.16125451028347015,0.16907821595668793,0.39189669489860535,-0.5430412292480469,0.0024969703517854214,88.46036545287235,3.0396476669687753,4.529128165424003,43.836334954647036,5.266598435741836,67.04383180904806
mango13_bot_u_ver.jpg,0.07360337637242034,0.09359694353611442,0.040427565574645996,0.6977245397207585,0.00011822617915354895,0.007206634914716906,1.2716392664180254,0.43193254018008614,0.549262378536679,0.42449898895808336,0.0005107668112032115,0.0013287378242239356,234.0,298.0,0.18645265698432922,119.4564644799424,139.67415155477232,52374.5,909.7371488809586,0.7952394114407051,0.9910684718950167,290.5827941894531,229.3720703125,0.7893518642502791,179.8249053955078,0.03279732167720795,0.014371424913406372,0.17985478043556213,0.1942262053489685,0.58912193775177,-0.4703676700592041,0.001797930453903973,89.41470069922119,2.8490242365322285,4.480903989327654,44.080192522691526,4.636766593489306,67.11286074318306
mango13_fro_u.jpg,0.06012649238513176,0.09678773879408276,0.03477334976196289,0.6065834685181746,9.509952903659294e-05,0.00613678126603192,1.6097353255553735,0.35927432746356097,0.5783365764832431,0.4699434756258662,0.0005292707355692983,0.002337959362193942,225.0,365.0,0.15466183423995972,120.4858532838305,143.25240046088848,62052.5,997.8204112052917,0.783185034594138,0.9927129327446087,360.85528564453125,219.26588439941406,0.6076283017658413,178.08154296875,0.02330552041530609,0.007308527827262878,0.15163283050060272,0.1589413583278656,1.315316081047058,1.8196253776550293,0.0038210719358175993,91.75809755473051,3.214376408303763,6.481127309430395,36.74547113045705,7.067838334760788,81.0222602739726
mango13_fro_u_hor.jpg,0.051352068903806405,0.08372670292654269,0.02761794626712799,0.5870482290714236,5.374907697041971e-05,0.0043410067341045945,1.630444589942053,0.3298582805936894,0.5378156490415685,0.45264496654825676,0.0004501681250985712,0.0019971372094005346,225.0,367.0,0.13573551177978516,120.54115634293754,143.2284704678456,62102.0,1011.3767595291138,0.7629384653541295,0.9914745513762053,361.4285888671875,219.04852294921875,0.6060630777321036,1.8931105136871338,0.018637344241142273,0.007893174886703491,0.1322629153728485,0.140156090259552,0.7189788818359375,0.06027960777282715,0.003444371512159705,91.73539381535608,3.162241162892021,6.444860109163869,36.64865210578491,6.886248121023554,80.90497585622462
mango13_fro_u_ver.jpg,0.05439190425196319,0.0876853272785598,0.033023104071617126,0.615884726595162,6.804699337628828e-05,0.005058690319806547,1.6121025451208564,0.37660923550765724,0.6071327070779142,0.43204586872105716,0.00045042394776828587,0.0014644942712038755,226.0,365.0,0.141346275806427,120.49500837305166,143.3193997166044,61659.5,1015.820409655571,0.7508894353166862,0.9918285277677243,362.61273193359375,218.67369079589844,0.603050228352006,1.7678955793380737,0.02418220043182373,0.011399716138839722,0.13597002625465393,0.14736974239349365,0.5141813158988953,-0.4092864990234375,0.0023769272956997156,92.57859397140281,3.153947665776373,6.407750126021753,36.61675576452402,6.854716696445323,80.9799046760273
mango13_sia_u.jpg,0.08126253598192869,0.10198513221379951,0.04012945294380188,0.6793495541738667,0.00014360770497605672,0.008546212048026813,1.2550079933080005,0.39348336441507303,0.49382476757464155,0.43180460319742126,0.0004299823194742203,0.0008992875227704644,268.0,337.0,0.17940771579742432,119.81618141497961,144.50148079261749,69411.0,1099.4356344938278,0.7216033608080054,0.9778745165993956,338.53192138671875,267.88592529296875,0.7913165889811371,174.3621826171875,0.03342612087726593,0.01510891318321228,0.17230388522148132,0.1874127984046936,0.5446087121963501,-0.5251801013946533,0.0006084860069677234,94.38775305815867,4.025969597670677,7.69074033484633,36.67957650761857,6.995431245347623,93.36795192789184
mango13_sia_u_ver.jpg,0.09380610483368218,0.12035462487659193,0.05140644311904907,0.6930656324739124,0.0002585768009840233,0.012137460820418786,1.2830148431168755,0.42712478371113466,0.5480074373644709,0.445531193557619,0.0004989593289792538,0.0008844883413985372,263.0,338.0,0.2042972594499588,119.72263883407155,144.6921457702934,67935.0,1052.03866648674,0.771329674020114,0.9849292129700107,335.07354736328125,265.9268798828125,0.793637343130817,6.686074733734131,0.04129752516746521,0.0167534202337265,0.19780492782592773,0.21455834805965424,0.903850257396698,0.09192299842834473,0.0006073659169487655,95.4745866771916,3.8411601230873824,7.568361998995548,36.653174289932615,5.7871300487207,92.5992632548349
mango13_sib_u.jpg,0.0741585485507338,0.09045976291318941,0.034980833530426025,0.6818573006136395,9.786049406240916e-05,0.006728422703746339,1.2198157148572497,0.38670047769189625,0.4717033196313804,0.4170235529305452,0.00038927191053517163,0.0005976081592962146,250.0,305.0,0.17925754189491272,120.60748943161786,141.09187218675658,58026.5,1017.3940032720566,0.7044625215572943,0.9818607917290625,308.7525939941406,242.71151733398438,0.7861035730718118,13.859796524047852,0.029759123921394348,0.012717097997665405,0.1733596920967102,0.1860767900943756,0.5135821104049683,-0.542879581451416,0.00040331590571440756,92.30905885775898,3.2481822963902176,6.248611518194443,39.87141659107635,8.989195940149042,71.63275086001813
mango13_sib_u_ver.jpg,0.0877288840904137,0.10710139750111261,0.04566590487957001,0.7042304494948839,0.00018527956891948194,0.009807563936075854,1.220822521699165,0.42638010282821576,0.5205344323370916,0.4318149966298022,0.0005203499458730221,0.0008916460210457444,249.0,304.0,0.20742642879486084,120.6610018979297,141.11439814734203,56996.5,967.6538897752762,0.764923420171545,0.988810145468109,304.071533203125,238.70558166503906,0.7850310061928081,161.04896545410156,0.03777134418487549,0.01650930941104889,0.200276181101799,0.2167854905128479,0.673629105091095,-0.33706092834472656,0.0005859089433215559,93.6432936915603,3.1512433406449154,6.26100869777943,39.66357890337971,8.466162464743041,70.66404903275235
mango13_top_u.jpg,0.06107540526552353,0.07671192402456146,0.040515437722206116,0.7491815046780905,9.706845059003249e-05,0.005873009253559366,1.2560198936226232,0.5281504568863892,0.6633674806751824,0.5113618555865405,0.0007039612391963601,0.0030601529870182276,217.0,273.0,0.15815311670303345,119.8624916950642,143.03482715017466,46291.5,835.3107440471649,0.8337099461684382,0.9915499293149981,272.286865234375,216.4741973876953,0.7950225480078222,177.8223114013672,0.018108665943145752,0.006098821759223938,0.1554821878671646,0.16158100962638855,1.661344051361084,4.501074314117432,0.004602596629410982,100.92985276152511,4.573143849830563,6.015230328417958,36.95657858076684,9.072795026748388,75.9603291969395
mango13_top_u_hor.jpg,0.06137022229189644,0.07695681408918022,0.064830482006073,0.8758187976195971,0.00014871660086896457,0.0076109518945929495,1.2539764598399032,0.8424267918750534,1.0563833661497666,0.48570818639071284,0.0009210989810526371,0.004513975698500872,219.0,274.0,0.13574592769145966,120.03159194447993,142.9409673436369,46593.5,857.1686091423035,0.7968979006080826,0.9887109951088052,272.3792419433594,217.43797302246094,0.7982912775257546,2.3560969829559326,0.016344696283340454,0.00561794638633728,0.13285258412361145,0.13847053050994873,3.544806957244873,22.21245574951172,0.005183982662856579,101.05445565632051,4.5108808564545475,6.018501764319632,36.837058798484264,9.39831513256182,75.4593179205518
mango13_top_u_ver.jpg,0.062408236465607676,0.07844056567379848,0.044167205691337585,0.7651621288605258,0.00010237529943144989,0.006047538684275017,1.256894444005416,0.56306587429533,0.707714369010852,0.47349198711477997,0.0006607294781133533,0.002175299683585763,217.0,274.0,0.16280612349510193,119.92278796204869,142.99811102047826,46221.5,834.2813062667847,0.8345048679008047,0.9923248674295283,272.2647399902344,216.24124145507812,0.7942315316439224,1.8462271690368652,0.025401413440704346,0.010486334562301636,0.15772861242294312,0.16821494698524475,0.7908872365951538,0.6820240020751953,0.0026957152877002954,101.22474563173486,4.405086153390529,6.001058582631516,37.005709869918,9.072120108739156,75.49884085347529
mango14_bac_r.jpg,0.05717961237385511,0.08138608787554477,0.028018973767757416,0.6230616609641414,5.8301941413932727e-05,0.004688784959626995,1.4233410213315447,0.344272276738549,0.49001685398918254,0.44713576812856914,0.0003691520541906357,0.0015750883612781763,264.0,377.0,0.12773782014846802,122.88918833644466,136.98311992217285,75590.0,1094.34732067585,0.7931655654505575,0.9867888566878149,372.2413024902344,260.6189880371094,0.7001345264311357,178.91407775878906,0.020400986075401306,0.008539073169231415,0.12375754863023758,0.132296621799469,0.6992893218994141,-0.0426332950592041,0.0027815718203783035,85.98907527673336,2.5497984216932363,4.836261909630159,40.395472352956645,9.545874856319772,56.13455420292904
mango14_bac_r_hor.jpg,0.05343777056936099,0.07626734892440695,0.025488384068012238,0.6163647275696958,4.5015689116726846e-05,0.0040422949583333685,1.4272180166164248,0.33419785042319056,0.4769731932384586,0.4333458270061944,0.00033129716757684946,0.0011955858208239079,264.0,378.0,0.12161561846733093,123.0134068987209,136.9438168379115,75833.0,1110.004175543785,0.7734261937755499,0.9860927798186014,369.8835754394531,261.9185791015625,0.7081108664811109,1.1774373054504395,0.018707796931266785,0.008721224963665009,0.11719811707735062,0.12591934204101562,0.38079890608787537,-0.5941638946533203,0.0021475031971931458,86.23338226043195,2.5539864077273715,4.854906399816242,40.04758597190187,9.321532346562243,55.48314636192074
mango14_bac_r_ver.jpg,0.054377749442941894,0.07547871683457943,0.024024471640586853,0.6120807003736235,4.356620211800291e-05,0.0040238822881709675,1.3880441468762623,0.31829464845354133,0.44180702376797565,0.44182483008555934,0.00029450710280798376,0.0011134068481624126,263.0,366.0,0.124995157122612,122.97138274746833,136.93916017178304,74960.5,1100.4478261470795,0.7778635567202137,0.9904208864313507,371.7529296875,260.1165771484375,0.6997028304984567,1.3189772367477417,0.017431549727916718,0.007503844797611237,0.121723972260952,0.12922781705856323,0.5602636933326721,-0.24146771430969238,0.0019758560229092836,86.23589682413446,2.4874245386499187,4.849572621364613,40.18323524733577,9.282452387473342,55.46877153915487
mango14_bot_r.jpg,0.07665333626734805,0.0880843938253311,0.045907601714134216,0.768314876588883,0.00015210102391151144,0.007980176828037911,1.1491266801240632,0.5211774721997601,0.5988989383843615,0.4907016300510808,0.0006871975492686033,0.0017614345997571945,211.0,243.0,0.21309956908226013,122.59878203873997,139.6127470162395,40539.0,783.8132688999176,0.8291969062438438,0.9913917487955785,242.279296875,213.67430114746094,0.8819338007972785,174.5045928955078,0.030555829405784607,0.013705268502235413,0.20698022842407227,0.22068549692630768,0.7335901856422424,0.019629716873168945,0.0022454482968896627,92.10171688514967,2.499369023022453,5.380885493064512,36.79309332811583,7.5830037608376415,65.42244668362356
mango14_bot_r_hor.jpg,0.07611015643547209,0.08752503903039603,0.04707130789756775,0.7762079466487444,0.00015736774063601565,0.008058623401178602,1.1499784408484528,0.5378039063909545,0.6184628977536771,0.5018622350042399,0.0007136910571716726,0.00197680969722569,211.0,244.0,0.20819039642810822,122.67725074495628,139.50920814811195,40587.5,791.0853482484818,0.8149960121129481,0.9908331909283988,242.94439697265625,213.7073211669922,0.8796552784505882,4.434781551361084,0.03012862801551819,0.012788638472557068,0.20297396183013916,0.21576260030269623,0.9520902037620544,0.5204017162322998,0.002398482523858547,91.99489521762493,2.5562844491068577,5.458388220609077,36.79742074153681,7.7388336571900815,64.76356797420742
mango14_bot_r_ver.jpg,0.06616832811281864,0.07684399565533541,0.045702964067459106,0.800064284633384,0.00011530982512517006,0.006470905162092861,1.1613410501216608,0.5947499694374088,0.6907075540662659,0.49620581127838415,0.000656264484860003,0.0018055321415886283,211.0,246.0,0.17718124389648438,122.61246104402025,139.4981982859369,40709.0,802.700572013855,0.7939500005449636,0.9897040053485686,243.15158081054688,214.0947265625,0.8804990115581988,5.153486728668213,0.025697484612464905,0.011235952377319336,0.17247340083122253,0.18370935320854187,0.9852147102355957,1.0124917030334473,0.0017196941189467907,92.4301957537982,2.285353673093871,5.461314943704041,37.017043241137515,7.524479705702393,64.32477113361901
mango14_fro_r.jpg,0.06938528748131759,0.0995497290550385,0.04368053376674652,0.6737390523357414,0.0001467982359867547,0.007990121927524076,1.4347382949424672,0.43878104120802447,0.6295359629158814,0.4865477021113096,0.0007056284230202436,0.0026958710514009,199.0,286.0,0.20254480838775635,123.89154686862274,139.8900049884359,43730.5,835.8549002408981,0.7865612032195787,0.9915313803736623,289.959228515625,193.95782470703125,0.6689141287206158,177.00657653808594,0.02685406804084778,0.01093783974647522,0.19789040088653564,0.20882824063301086,1.0932636260986328,1.0012221336364746,0.003628164529800415,86.15518570586367,2.264745136565119,6.117367881027043,32.40320166885856,7.328082328960649,66.95807446374315
mango14_fro_r_hor.jpg,0.06900300209077528,0.09902986371911644,0.03951708972454071,0.6526898495237071,0.00013529917508887696,0.00774839938323931,1.4351529747769527,0.3990421499177772,0.5726865285158887,0.5010441876191467,0.0006453557289205492,0.002230155048891902,199.0,285.0,0.2066967785358429,123.89536094138946,139.8683638832315,43825.5,827.6538891792297,0.8039688520307889,0.9917739708977348,288.1846008300781,195.3280029296875,0.6777877872969988,2.1354176998138428,0.027259021997451782,0.010765239596366882,0.20214523375034332,0.2129104733467102,0.9514169096946716,0.5121009349822998,0.0029702577739953995,86.08182846797918,2.334061320792352,6.136206256048033,32.40649468205476,7.070868007814789,66.8611450554424
mango14_fro_r_ver.jpg,0.07866049651275869,0.11197675424845108,0.04446032643318176,0.6533679999637815,0.00018582904530342978,0.009532883650219152,1.4235449712714248,0.3970496084797596,0.5652179734966499,0.4745220417516149,0.0006689814035780728,0.00181673769839108,199.0,285.0,0.23582859337329865,123.8990746424755,139.86728963463156,43610.5,837.026472568512,0.7822085212111733,0.9910801536258892,287.3740234375,195.24017333984375,0.6793939514936912,2.508283853530884,0.031043335795402527,0.01219785213470459,0.23064270615577698,0.24284055829048157,0.8164207339286804,0.2235555648803711,0.0024556778371334076,86.33306050064797,2.294263965649382,6.122383653604387,32.447172771298,7.665895587796466,66.73705749948844
mango14_sia_r.jpg,0.06854245432591556,0.08559880560607042,0.032716214656829834,0.6739004766563502,8.942112045169317e-05,0.006060276661893771,1.248843602813708,0.3822041023258121,0.47731314815874626,0.46585386406382134,0.00046462236787192523,0.0007724657189100981,193.0,241.0,0.21891944110393524,122.16417450716845,138.540770609319,35368.5,764.9432122707367,0.7595705448036907,0.9858952738017255,240.24156188964844,186.9671173095703,0.7782463443833711,166.97930908203125,0.024456635117530823,0.009170383214950562,0.2147689312696457,0.22393931448459625,0.7585759162902832,0.18719196319580078,0.0005962729919701815,109.46180555555556,2.6979974656003587,5.3407013904210325,38.84372199820788,8.963868651952312,49.40877016129032
mango14_sia_r_ver.jpg,0.0734195300060738,0.09115186221178162,0.029800981283187866,0.6409689982535343,9.520100920391237e-05,0.006543348009551268,1.2415206444966465,0.3269377120782071,0.4058999190095947,0.477346609154656,0.0004489471029955894,0.0007034798036329448,195.0,242.0,0.23472991585731506,122.28595453653614,138.50088292177034,35330.5,770.9432134628296,0.7469901380522984,0.9847948489240718,240.22894287109375,186.70033264160156,0.7771766815865501,13.338273048400879,0.024333670735359192,0.009035289287567139,0.23120944201946259,0.24024473130702972,0.835284948348999,0.08304166793823242,0.000521967769600451,110.32261681195168,2.7926176300239822,5.372872990035536,38.53390139305435,9.573853275630144,48.965888387476525
mango14_sib_r.jpg,0.08216814269161257,0.10237200628725696,0.03845107555389404,0.6705273720046594,0.00014561899558823916,0.008534363760337754,1.2458843894217255,0.375601465170077,0.46795600209932686,0.45022007262341207,0.0004975293413735926,0.000892700394615531,215.0,268.0,0.23381716012954712,122.90672678416905,141.8825431525254,43542.5,838.3401809930801,0.7785431007073158,0.9852470330018441,264.3116455078125,210.80142211914062,0.7975487486150502,9.905570983886719,0.029830724000930786,0.011799439787864685,0.22859710454940796,0.24039654433727264,0.6548600792884827,-0.13365530967712402,0.000743292213883251,111.72134171334882,3.146047838052666,6.662116719848556,32.30329735391902,7.031684164958415,64.06398870519652
mango14_sib_r_ver.jpg,0.08312144592664064,0.10291030516411917,0.043165162205696106,0.6971232674628739,0.00015301419918651495,0.008718112049209121,1.238071643447388,0.41944450691169577,0.5193023500071425,0.4144063495990512,0.0005206366186030209,0.0005848361179232597,217.0,269.0,0.2319769263267517,122.99035055853237,141.82120152574697,43662.0,848.9848436117172,0.7612260029565616,0.9820954608844302,272.462646484375,208.2744140625,0.7644145601237268,170.78173828125,0.03549915552139282,0.015673384070396423,0.2251805067062378,0.24085389077663422,0.49972185492515564,-0.5938687324523926,0.0003670610603876412,112.21753246753246,3.304227699880383,6.677042273036897,32.16401780038144,7.632332577719874,63.726841340477705
mango14_top_r.jpg,0.08763842301349342,0.0982362188283026,0.05317485332489014,0.7845474100096805,0.00022765999853910333,0.010304087885651441,1.1209263636929827,0.5412958067719322,0.6067527403671215,0.4972951641803808,0.0008786667603999376,0.0029518071096390486,220.0,247.0,0.2274259328842163,125.43338273257481,134.80674538674825,41493.0,787.5533864498138,0.8406683429148449,0.9911616463225282,241.8961639404297,218.45571899414062,0.9030970786619766,172.0233917236328,0.0327828973531723,0.013715028762817383,0.2220812886953354,0.23579631745815277,1.078558087348938,0.8081643581390381,0.003725145012140274,91.33951620613826,3.2875590051794834,4.562786470572167,34.964145711827136,24.91428763064388,40.86023998470217
mango14_top_r_hor.jpg,0.08211043600591353,0.09113608285244265,0.05145728588104248,0.7982792473875542,0.00019370917551219592,0.009217902981423253,1.1099208247521557,0.5646203377465362,0.6266838709434762,0.5030539931662498,0.0008646200876682997,0.0029987033922225237,220.0,245.0,0.21300414204597473,125.4401853311361,134.7346612213704,41525.5,788.8254635334015,0.8386155128318739,0.9920801777480469,241.37753295898438,219.5495147705078,0.9095689730485992,8.041158676147461,0.028613165020942688,0.012219756841659546,0.20756039023399353,0.21978014707565308,1.0859781503677368,1.2368230819702148,0.004002952016890049,91.36227938191111,3.263045126700732,4.600331560721286,34.67029686417807,24.192025065392645,40.101406701535666
mango14_top_r_ver.jpg,0.0799212563305644,0.08901949222644881,0.04282905161380768,0.7559217559724758,0.00014103797566588497,0.007871444878471264,1.1138400009410883,0.4811199271375155,0.5358906200956266,0.4628605779011763,0.0006472225650213659,0.0016463624779134989,218.0,243.0,0.21984273195266724,125.42118595001448,134.7065762809997,41106.5,787.997035741806,0.8319001391679908,0.9914976241588075,240.83438110351562,217.5443115234375,0.9032942494615519,8.25716495513916,0.031740039587020874,0.014737412333488464,0.21346963942050934,0.2282070517539978,0.5707696676254272,-0.44919753074645996,0.002115541137754917,91.78223004921355,3.2258257565625934,4.598457274443019,35.09155167422561,25.084088805039464,39.72676831033485
mango15_bac_u.jpg,0.05002990509793548,0.07391135985653775,0.02587871253490448,0.6188470428526142,4.5909219843782587e-05,0.0038245815407710873,1.4773435950328788,0.3501317332698947,0.5172648735640393,0.4797515366827037,0.00042268403922207654,0.0016983830137178302,222.0,327.0,0.13359946012496948,119.75932153823659,147.04713773943558,54305.0,931.5777691602707,0.7863419583745708,0.9841695587955454,316.86199951171875,219.65501403808594,0.6932198066558065,178.30032348632812,0.017097532749176025,0.007098674774169922,0.13105136156082153,0.13815003633499146,0.9915647506713867,0.5872395038604736,0.0029248681385070086,95.7931532387776,4.175311671657748,9.336335248186915,35.8385363357216,6.332693374339669,98.6761953501974
mango15_bac_u_hor.jpg,0.051087624815854604,0.0736892900464322,0.022719308733940125,0.5979075352791088,4.158861772099567e-05,0.003776784389658624,1.4424097873417547,0.3083122217573885,0.4447125662199387,0.48624963529610804,0.00035607541212812066,0.001034777145832777,220.0,317.0,0.14173893630504608,119.80592753596493,147.08718156532632,53890.5,915.5361387729645,0.8079250865945244,0.9897881406518325,313.8447265625,220.15667724609375,0.7014827990179757,1.6363884210586548,0.01674249768257141,0.007739722728729248,0.13804981112480164,0.14578953385353088,0.6376129388809204,-0.3225376605987549,0.0016862411284819245,95.84451730553151,4.140038948906227,9.351097514813624,35.70964652139476,5.635074081481802,98.58544088120982
mango15_bac_u_ver.jpg,0.050068340842005385,0.0706082434550075,0.027719944715499878,0.6529524888101705,4.874185900204499e-05,0.003912913936606699,1.4102373329649052,0.39258793816565324,0.5536421668729219,0.49738321094837995,0.00043366572936065495,0.0015893157105892897,222.0,317.0,0.13294322788715363,119.81465477613312,147.06428243081731,53976.5,926.4234404563904,0.7903064274634294,0.9874773604580963,315.68310546875,218.96435546875,0.6936207597920556,1.7903589010238647,0.01856549084186554,0.007636025547981262,0.12933960556983948,0.13697563111782074,0.8491364121437073,0.4336428642272949,0.002631230978295207,95.94367932334283,4.139406083927168,9.318115339894478,35.75984186816218,6.18857874173843,98.49053967086513
mango15_bot_u.jpg,0.07034700497233862,0.08527065451365284,0.048683032393455505,0.7780509076014761,0.00014439237534258966,0.007513460039092985,1.2121433534687427,0.5709236392182351,0.69204129461657,0.4944489174003103,0.0007222754647955298,0.0020691794343292713,198.0,240.0,0.2010442316532135,121.37791972804035,140.05869612896151,36141.5,753.5706301927567,0.7997755252338844,0.9889723487802542,237.1241912841797,194.1910400390625,0.8189423398236737,178.71754455566406,0.028995662927627563,0.012261971831321716,0.19646763801574707,0.2087296098470688,1.2262903451919556,1.3725380897521973,0.00234872754663229,83.98503125342691,3.5056835737954164,6.270878782411015,38.38502028731221,4.778693685789924,72.84809189604124
mango15_bot_u_hor.jpg,0.06481655695691908,0.07852944433583833,0.04600788652896881,0.7849061478466599,0.00011977321048150167,0.006569177320585347,1.2115645758233293,0.5858679749752448,0.7098168845893553,0.511456762496807,0.0007983508403412998,0.0023584577720612288,198.0,239.0,0.18547670543193817,121.55468047417904,139.96476359177,36368.5,743.3696186542511,0.8270383302047986,0.991805066950285,236.2213134765625,195.4412841796875,0.8273651572895808,0.9008575677871704,0.024875864386558533,0.0112379789352417,0.18079626560211182,0.19203424453735352,1.1510586738586426,1.436479091644287,0.0027159114833921194,83.92753781169097,3.520349553540561,6.291539573835139,38.10020438751874,4.96915283122986,72.07336149339147
mango15_bot_u_ver.jpg,0.06923494659613395,0.08437995547959533,0.053518518805503845,0.804359670744834,0.00014579791109417761,0.0075481700165147695,1.218748040231854,0.634256305319403,0.7729986291127189,0.4663184116009024,0.0008803947130218148,0.0022018933668732643,197.0,240.0,0.19804586470127106,121.46972814308836,140.0644665733959,36127.0,742.7838333845139,0.8228428078964232,0.9908938807976083,237.49485778808594,193.57666015625,0.8150772692896633,2.2179784774780273,0.03508627414703369,0.015840575098991394,0.1915486752986908,0.2073892503976822,0.8539497256278992,0.22382426261901855,0.0024366567377001047,84.5974816887499,3.4686910421717867,6.265078929216739,38.20643019778893,4.353756075699111,72.32842290072148
mango15_fro_u.jpg,0.052873484239340164,0.08252320361064393,0.02815668284893036,0.6024057200170867,6.107205416661075e-05,0.004657020911239126,1.5607672692249603,0.34119716173135434,0.5325293623827531,0.4971037383221784,0.00044728911598213017,0.0019495573360472918,227.0,358.0,0.13664206862449646,119.52711955321364,143.19270816899632,62939.5,1006.5655773878098,0.7806367702703472,0.9919386613292147,356.1760559082031,224.4990997314453,0.6303037388602709,179.29933166503906,0.01670275628566742,0.006030336022377014,0.13410906493663788,0.1401394009590149,1.1527385711669922,1.4322500228881836,0.0034495668951421976,92.84537595052535,3.67029700061151,7.220869949419113,39.16486290348026,5.062283927263296,82.25565582305241
mango15_fro_u_hor.jpg,0.04762228105868223,0.07501849880528882,0.02401527762413025,0.5879228716526187,3.831048447267054e-05,0.0035589126482104437,1.5752815097800081,0.3201247426513041,0.5042865879216829,0.4465308505779677,0.0003666715929284692,0.001546682440675795,227.0,358.0,0.1258995682001114,119.61157629978669,143.2134101690598,62356.5,1044.8498485088348,0.717767560650372,0.9881074999603847,357.38543701171875,223.4685516357422,0.6252872347129651,1.1482744216918945,0.017527714371681213,0.0072951167821884155,0.12266243994235992,0.12995755672454834,0.7617398500442505,-0.06308889389038086,0.0026613741647452116,93.1613709446337,3.638650765036528,7.215691755374096,38.98850647903467,5.009827811052049,82.11515807571078
mango15_fro_u_ver.jpg,0.05690088514036802,0.09090240278820412,0.030368372797966003,0.5935581504073257,6.953113727270534e-05,0.005316274128697167,1.5975569196148394,0.3340766785749555,0.5337065095393626,0.44265301395482826,0.00041760262683965266,0.0012226543622091413,224.0,358.0,0.1525651067495346,119.57405694971462,143.2196199100794,62290.5,1008.9087220430374,0.7690028119883583,0.9908377275655555,358.9713439941406,221.96853637695312,0.618346116175157,0.46119314432144165,0.02329714596271515,0.01073455810546875,0.14799009263515472,0.15872465074062347,0.5082018375396729,-0.6093482971191406,0.0021835858933627605,93.0195784573196,3.5489994697820277,7.2049532027831,39.0552597174835,4.640551282460582,82.18770128503556
mango15_sia_u.jpg,0.07313151733736581,0.09181266084657319,0.03298275172710419,0.6589646344438577,9.535581607443817e-05,0.006575455329358698,1.2554458623226519,0.35923968898168834,0.451005981114137,0.4305792959774069,0.0002988549240399152,0.0006013208185322583,304.0,382.0,0.1406807005405426,122.54240901308886,147.86202021317723,89989.5,1229.619400024414,0.7479288570641113,0.9846432440121234,390.5469970703125,292.6715393066406,0.7493887841978445,164.92921447753906,0.02668270468711853,0.0115622878074646,0.13562148809432983,0.14718377590179443,0.6511116623878479,-0.36076807975769043,0.0005487240268848836,89.06596343955377,3.3741893893781865,8.457304500199905,29.512089247252444,5.003219285395029,115.31318274700392
mango15_sia_u_ver.jpg,0.09052531966554406,0.11488587386709617,0.039753466844558716,0.6484412047208872,0.00017890380175860705,0.010213681210359978,1.2691021063670906,0.34602571670862564,0.439141965932099,0.4327208899271627,0.00035737172584049404,0.00046441101585514843,300.0,380.0,0.17882601916790009,122.52772812558982,147.87395499106262,89525.0,1224.8914778232574,0.7498233622358828,0.9830242338395317,389.5594482421875,295.32763671875,0.7581067229953207,13.035284042358398,0.033013954758644104,0.015156060457229614,0.17205628752708435,0.18721234798431396,0.5795910954475403,-0.5905683040618896,0.00034875908750109375,89.32547656848486,3.4114841753546243,8.43863605352325,29.599715779773735,5.758061140396621,115.18321102241565
mango15_sib_u.jpg,0.08427780380387437,0.10364588277236336,0.034630611538887024,0.6476739359446642,0.00012368838484190707,0.008096987787609242,1.229812336039998,0.33412433386231044,0.41091022755501616,0.40888717887586284,0.00030398834496736526,0.0005517613608390093,321.0,395.0,0.15515612065792084,122.1105527638191,141.98309635495565,95167.5,1240.7320965528488,0.7768595170132608,0.9850331475414926,399.5911865234375,302.9837646484375,0.7582343526755098,19.05817222595215,0.028699874877929688,0.013827309012413025,0.14937172830104828,0.1631990373134613,0.5281929969787598,-0.7281973361968994,0.0004697801487054676,91.08543758292502,2.8680596863735666,6.301753848502115,33.593173769053166,5.140917697860475,73.98579174458571
mango15_sib_u_ver.jpg,0.0958351784895051,0.11789054977012253,0.03737947344779968,0.6364047069981165,0.00017609219016185909,0.010465163799494498,1.2301385736244308,0.31706929453367355,0.3900391697177577,0.41696823058317073,0.0003382540598977357,0.00044223121949471533,319.0,393.0,0.17892517149448395,122.06812216025891,142.0020978504939,94311.5,1239.2173784971237,0.7717551314110692,0.9891241078779425,396.1408386230469,302.8311767578125,0.7644533136508441,160.94540405273438,0.03138619661331177,0.0157860666513443,0.1723010092973709,0.1880870759487152,0.5120726823806763,-0.8225481510162354,0.0003392373910173774,91.50587714397157,2.8579887972516294,6.312920627656598,33.58456235043591,3.1423570177770594,73.75709210512444
mango15_top_u.jpg,0.06885607983501127,0.0858159492768828,0.03456339240074158,0.6862371278273957,9.91910833677596e-05,0.006272424695669098,1.2463089604071236,0.40276187226250615,0.5019657303111107,0.4856752442948132,0.0005177240818738937,0.001835423056036234,236.0,293.0,0.1729934811592102,122.08743067006446,143.70178758806776,52980.0,893.2934973239899,0.834321572173269,0.9915313713563843,288.32550048828125,234.5254669189453,0.8134052191768497,178.99624633789062,0.02164556086063385,0.00836111605167389,0.1694001704454422,0.1777612864971161,1.01558518409729,1.0055890083312988,0.0025517360772937536,97.63613026532754,4.46576286143759,8.812348746711626,36.616155748763305,20.58681903416509,79.73058761804828
mango15_top_u_hor.jpg,0.06770957151653348,0.08303884061924618,0.030267998576164246,0.6673552358323475,7.96100509405046e-05,0.005684688108288044,1.2263973727698094,0.36450410856469656,0.4470268811075453,0.4677920690472781,0.00043858724529854953,0.0013069648994132876,237.0,291.0,0.17346757650375366,122.144030074063,143.64502132116405,53087.5,882.0214204788208,0.8575192404533578,0.9927072133140106,288.2738037109375,234.8806915283203,0.8147833362057539,0.7204159498214722,0.02016983926296234,0.00903843343257904,0.16942770779132843,0.17846614122390747,0.5509591102600098,-0.29076528549194336,0.0019295851234346628,97.69568713997157,4.461663975780281,8.831831283602437,36.56155083414379,20.498191423962645,79.27148948904018
mango15_top_u_ver.jpg,0.07402630028452195,0.09106368296290561,0.03622420132160187,0.6863803058432124,0.0001194660529170276,0.007166369529831298,1.2301531025176193,0.39778976802813515,0.4893423172895746,0.4892315324285222,0.0005241031758487225,0.001506625791080296,236.0,291.0,0.18589521944522858,122.13348344122338,143.72048034524815,52907.5,889.3940039873123,0.8405019205491386,0.9923009115120597,287.4327697753906,234.330322265625,0.8152526326373238,179.60464477539062,0.02485029399394989,0.011008813977241516,0.1807609349489212,0.19176974892616272,0.8161321878433228,0.17224884033203125,0.0020666858181357384,98.2128905150577,4.4622955736109295,8.777478660700341,36.37977296181631,20.24225612936298,79.40983206679802
mango16_back_u.jpg,0.05974829261854916,0.08763768938310826,0.03766712546348572,0.6642048567566442,9.796169308060837e-05,0.006136639592524021,1.4667814851649952,0.42980509560017993,0.6304301564559147,0.4966808159594819,0.0005915298243053257,0.002225913805887103,218.0,319.0,0.15668319165706635,113.16582700500092,145.880385256529,53585.5,921.3940039873123,0.7931701979912426,0.9906088531893851,321.1054382324219,214.26348876953125,0.6672683276526867,178.73788452148438,0.028796762228012085,0.010626867413520813,0.1526191681623459,0.1632460355758667,1.1708704233169556,0.7261271476745605,0.003283819416537881,97.16760511205779,5.9748195936130175,5.63791954890353,46.23095017595851,7.838962251268342,113.2358770142619
mango16_back_u_hor.jpg,0.06369928317429656,0.09334083838240048,0.0383421927690506,0.6544694298807744,0.00011291009979270879,0.006790264992305069,1.4653357735125134,0.41077617721805315,0.6019250273843292,0.4952786445155044,0.0006106241489760578,0.002078528283163905,218.0,319.0,0.16920508444309235,113.24899382384035,145.80460708125452,53492.0,941.7787793874741,0.7578807897231151,0.9880310306612486,319.8694763183594,215.20753479003906,0.672797971432096,1.311333179473877,0.028375864028930664,0.010006323456764221,0.16483230888843536,0.17483863234519958,1.1652947664260864,0.9767031669616699,0.0029259207658469677,97.22389969768348,5.954246634736899,5.623883700319126,46.22866628336146,7.893829886626166,112.84331472448393
mango16_back_u_ver.jpg,0.0620659947872611,0.09088612804685035,0.04217441380023956,0.6817668135911797,0.00010416196527331378,0.006416758304454391,1.4643465936278606,0.4640357632850122,0.6795091892879119,0.43783329862391956,0.0005905550788156688,0.002319188555702567,217.0,316.0,0.16577064990997314,113.11902265493353,145.88998314922299,52996.5,927.3107432126999,0.7744733361902,0.9906350764054395,317.7186584472656,213.81732177734375,0.6729769124114339,1.6668081283569336,0.03050026297569275,0.01174810528755188,0.1613827347755432,0.1731308400630951,0.8126890063285828,0.07109761238098145,0.003968184348195791,98.17552892716719,5.817402459180228,5.610124618914094,46.37631529676091,7.692020972906865,112.7188354240779
mango16_bot_u.jpg,0.06842563736848656,0.07983843780162617,0.04431992769241333,0.7806648244933685,0.00011799521975846818,0.006652576286304179,1.1667912915692586,0.555120176606344,0.6477093878386712,0.4873427260755236,0.0006934376433491707,0.0017601365689188242,208.0,243.0,0.18918853998184204,116.63215509744744,144.75285180827663,38758.0,770.7838326692581,0.8197964419198711,0.990404640525381,239.85943603515625,206.0828399658203,0.8591817081384895,178.9962921142578,0.028229907155036926,0.011823296546936035,0.18457505106925964,0.19639834761619568,0.9315347075462341,0.3777456283569336,0.0022108424454927444,88.9603816051972,4.881080192855273,6.53471980811502,42.16103125479564,6.431931385508562,100.8846744078981
mango16_bot_u_hor.jpg,0.0610461821573428,0.06981774709690616,0.038592979311943054,0.7847748040290113,8.2199619425062e-05,0.005211407481425083,1.143687363068098,0.5527674683970607,0.6321931683208626,0.49973200123952194,0.0006370927440002561,0.001628767466172576,211.0,241.0,0.1661120057106018,116.74268827066136,144.67932844186282,38921.5,760.4823161363602,0.8457094704941667,0.9912896201306557,237.14553833007812,208.5277099609375,0.8793237748824604,179.58029174804688,0.024943441152572632,0.010511517524719238,0.16173236072063446,0.1722438782453537,1.0590846538543701,0.7402496337890625,0.001927967183291912,88.64987771323754,5.025480654825656,6.5230636512446605,41.95854988280852,6.580501896814919,100.74747783552431
mango16_bot_u_ver.jpg,0.06822760557309249,0.07929623083554092,0.06420265138149261,0.8864808020591036,0.00016785044416251646,0.008138659289577977,1.1622308912862342,0.8096557768886626,0.9410069552083589,0.4832333025761613,0.0010358721483498812,0.003640296868979931,209.0,244.0,0.1680649220943451,116.63583165103621,144.7673063654716,38798.0,767.411248087883,0.8278714044049132,0.9899090410399684,238.90306091308594,206.97096252441406,0.8663386803558414,1.4400957822799683,0.029156088829040527,0.01188349723815918,0.16319358348846436,0.17507708072662354,1.586745023727417,3.8264665603637695,0.004189725965261459,89.34582066286765,4.891658963814198,6.449335286072282,42.04617586180461,6.146915450081363,100.6650652901643
mango16_fro_u.jpg,0.054123136247813106,0.08208486889815814,0.028370365500450134,0.6108115245421568,6.161658048620746e-05,0.004705195556510293,1.5166317879717262,0.3456223525878924,0.5241818465683696,0.48886235822699703,0.0004653732758015394,0.0017329781549051404,221.0,335.0,0.14448332786560059,111.29807744186465,148.8973436685071,55193.0,950.7493436336517,0.7672939893905771,0.9875820852792242,325.4977722167969,215.67123413085938,0.6625889715374523,0.6116735339164734,0.02134813368320465,0.007838770747184753,0.14160600304603577,0.14944477379322052,1.1143438816070557,0.5710835456848145,0.0029112305492162704,117.38645396831106,4.896727968323139,5.339735832867759,46.64705141808895,6.344551880338572,100.4592557955506
mango16_fro_u_hor.jpg,0.05217821078898768,0.08047214749581091,0.03139007091522217,0.6324071418262551,6.0506273708742025e-05,0.004509663879708324,1.5422557860645294,0.39007373224203096,0.6015934705420583,0.45906410593216934,0.00048078704276122153,0.0015800981782376766,221.0,341.0,0.13637490570545197,111.39884434554786,148.8292897390805,55300.5,979.8204089403152,0.723845634500341,0.988488591371806,329.8409729003906,214.75421142578125,0.6510840952759236,178.7904815673828,0.023214250802993774,0.00928768515586853,0.13281190395355225,0.14209958910942078,1.018676519393921,0.46470212936401367,0.0025458759628236294,117.39303018339734,4.8969411269647924,5.334376150381066,46.60189139719341,6.464426133631168,100.16767756522988
mango16_fro_u_ver.jpg,0.06828842148556778,0.10416519021403942,0.043679699301719666,0.6502202595816247,0.0001373179005200704,0.007784331156009919,1.525371182229683,0.4193310568719386,0.6396355099663714,0.4419547741360494,0.0005970708443783224,0.0024569097440689802,221.0,336.0,0.17846128344535828,111.36280608392363,148.85779008306065,55200.5,959.0508600473404,0.7541705984236943,0.9876721029889335,324.568359375,216.0683135986328,0.6657097260333736,178.21847534179688,0.029413118958473206,0.014344274997711182,0.17286014556884766,0.18720442056655884,0.7369758486747742,-0.12958812713623047,0.004004952032119036,118.09436913451512,4.8506710486866655,5.313038961456152,46.6258315055194,6.438729970412482,99.98953651432886
mango16_sia_u.jpg,0.05413066043930406,0.06535719863866868,0.019369423389434814,0.6261202068405481,2.9040536169049924e-05,0.0032862689292948153,1.2073970298580188,0.29636250930092445,0.35782721349120566,0.4237904669052614,0.00019945639360230416,0.0002768176782410592,270.0,327.0,0.12423351407051086,118.99619373589248,142.8775356652848,67311.5,1060.707711815834,0.7518092761901491,0.9802669423954913,333.6735534667969,256.74481201171875,0.7694490898190613,161.3493194580078,0.015942394733428955,0.007047146558761597,0.12104585766792297,0.12809300422668457,0.34702521562576294,-0.7355406284332275,0.00025018840096890926,100.05651859610816,3.662190246487788,5.804780410506766,39.99563312334951,5.703957386020362,78.90743991856365
mango16_sia_u_ver.jpg,0.09991168524864648,0.12212825844303876,0.0260922908782959,0.5591118830012377,0.00012805061171915943,0.010277635418579343,1.2223621104889055,0.2136466302798011,0.2611535458876606,0.4021953059147466,0.0002644170599523932,0.0003401734575163573,271.0,331.0,0.23558855056762695,119.1162483291252,142.85027476607752,66847.0,1073.352373123169,0.729133653683133,0.9852536939459818,331.6632080078125,255.75277709960938,0.7711219421527907,23.37740707397461,0.02185530960559845,0.00994102656841278,0.23083694279193878,0.24077796936035156,0.30740296840667725,-0.8251781463623047,0.0002865929272957146,101.29530669835141,3.4803710559625105,5.7356432200264535,39.78976682013961,5.395939346751374,78.09147482548642
mango16_sib_u.jpg,0.04680508274358648,0.06016255847695606,0.017324790358543396,0.6073459464437263,2.089383303446873e-05,0.0025511307309086084,1.285385153713886,0.28796631654518606,0.3701476280568555,0.4282829817923013,0.00022140245710033923,0.0003560645563993603,223.0,287.0,0.1314803957939148,118.52889548441806,143.75389018443926,46803.0,903.553384065628,0.7204036789416884,0.975723145880023,286.5989685058594,209.47003173828125,0.7308820154877799,18.026508331298828,0.013589233160018921,0.0060743242502212524,0.12859061360359192,0.13466493785381317,0.4406300187110901,-0.5553605556488037,0.00030392699409276247,105.82113631545474,3.656524875745245,6.43593682623386,39.80561797752809,4.6844383337121895,75.13659105363578
mango16_sib_u_ver.jpg,0.07739427227051371,0.09379532138606006,0.02561299502849579,0.6085117166850003,6.68164434884983e-05,0.006065893427577315,1.2119155414785774,0.2730732690074498,0.3309417386724887,0.3593626964107607,0.00026175883249379694,0.00023221377341542393,231.0,282.0,0.21280284225940704,118.6406855918586,143.5353401178361,46260.0,916.6416971683502,0.6918568965915683,0.9693743909977683,280.8128356933594,209.9468536376953,0.7476398047094687,159.29827880859375,0.022445008158683777,0.01113218069076538,0.20752012729644775,0.21865230798721313,0.2923973798751831,-0.976975679397583,0.00018987989460583776,108.2165827530798,3.530547504122524,6.469441920873469,40.01133369041243,4.7710405743770234,72.97662560257098
mango16_top_u.jpg,0.0712348737815782,0.08253598227321371,0.05063629150390625,0.8090138699235658,0.00015434552887055674,0.007809901946598664,1.1586457291450702,0.6135056506177887,0.7108357018946684,0.5184372263669963,0.0008460915414616466,0.0036320083308964968,233.0,272.0,0.16487833857536316,113.5876077802286,144.96532985762983,49497.0,854.1808012723923,0.8524896784254206,0.9928390901432183,272.3186950683594,231.58412170410156,0.8504158028737897,1.9590189456939697,0.02127644419670105,0.00934050977230072,0.1610095053911209,0.17035001516342163,1.5726591348648071,3.889455795288086,0.00465884106233716,111.57706035692802,5.763038054008902,7.665567134737618,48.16414678163224,8.917041062163074,85.30505313815921
mango16_top_u_hor.jpg,0.06914248183769715,0.08059257719958805,0.05208480358123779,0.8215272415439513,0.0001512737922509314,0.00760569965456284,1.1656014516338664,0.6462729619906488,0.7532967026480188,0.5212098989480275,0.0008430578745901585,0.0035269183572381735,232.0,271.0,0.1579686999320984,113.69244034489674,144.90304792460398,49498.0,851.3523744344711,0.8581808360271427,0.9933473143419059,271.8878479003906,231.61276245117188,0.8518687548552225,179.12063598632812,0.020524591207504272,0.009033337235450745,0.15455444157123566,0.1635877788066864,1.6154767274856567,4.309058666229248,0.004382912535220385,111.58203328654501,5.702357133685048,7.6228291531086185,48.049929817525566,8.895840997985912,84.90318828955284
mango16_top_u_ver.jpg,0.08073151916584848,0.09391159402646099,0.05542899668216705,0.7975916022276259,0.00021505098285923537,0.009842175186146804,1.1632581053446598,0.5902252778985853,0.6865843384948336,0.5117314128793563,0.0008668762748129666,0.003982503432780504,232.0,271.0,0.18954148888587952,113.5834808140938,144.9274394658515,49340.0,865.4112491607666,0.8278734156298817,0.9917787292206879,272.3198547363281,231.24183654785156,0.8491552581494651,178.21435546875,0.02621006965637207,0.008147850632667542,0.1862732470035553,0.19442109763622284,1.9965208768844604,5.169655799865723,0.00537815922871232,112.26460059528598,5.576842105479885,7.637741403671132,48.34474298125654,8.862206381656655,84.8015646367951
mango17_bac_u.jpg,0.0662820569440912,0.0849143619062594,0.061427146196365356,0.8265415150495184,0.00016633063386280473,0.008116746605956113,1.2811063177759332,0.7234011398940666,0.9267537706046004,0.4810993558821513,0.0012276370543986559,0.003914966713637114,179.0,235.0,0.19922026991844177,115.69690864654204,161.3664046502411,29973.5,698.5411919355392,0.7719039807292969,0.9721240229624104,218.86260986328125,174.6184539794922,0.7978450685961049,0.44355297088623047,0.037098467350006104,0.012470126152038574,0.19542011618614197,0.20789024233818054,1.5083726644515991,1.9855027198791504,0.0048042843118309975,110.81461787436423,6.383834017860856,11.522072068525818,33.07368386287073,5.06081194416935,166.93804082171874
mango17_bac_u_hor.jpg,0.06578170737840351,0.08865546799662732,0.05941358208656311,0.7922457930949303,0.00016080307059197275,0.007975062325690728,1.3477222092555992,0.6701626355277189,0.9031930677139722,0.46408542816327314,0.001169922761619091,0.0036180398892611265,180.0,243.0,0.19798409938812256,115.66814800184343,161.20333794193166,30065.0,715.9554060697556,0.7370536933230908,0.9637453519682011,224.2517547607422,172.60763549804688,0.7697047262002688,178.33580017089844,0.036595627665519714,0.012091144919395447,0.19443927705287933,0.20653042197227478,1.5066707134246826,2.0213794708251953,0.004070677328854799,110.95937849759694,6.176794863512702,11.612784796928278,33.21216011587333,5.325650455127711,166.0680097438936
mango17_bac_u_ver.jpg,0.06946720063574069,0.08769209311991663,0.04962107539176941,0.7653175969643582,0.00015476073100091856,0.00786331219945538,1.2623524817091778,0.5658557530827083,0.7143094141933726,0.5119816147668159,0.0009391068015247583,0.003050785278901458,172.0,218.0,0.23551079630851746,115.24172456068655,161.87058983789674,29068.0,668.7005721330643,0.816886325241872,0.988388105884153,214.5675506591797,172.75132751464844,0.8051139465587116,179.95468139648438,0.02706146240234375,0.01226682960987091,0.23049236834049225,0.24275919795036316,1.036219835281372,0.9912989139556885,0.004699789918959141,111.31405803024111,5.557522747437005,11.203912759778582,33.37958043863234,3.8051811033771887,168.6176610815965
mango17_bot_u.jpg,0.07184236281908069,0.08009727759127958,0.0560569167137146,0.8562319602626636,0.00015397438183281631,0.00772937136372659,1.1149031636527196,0.6998604496867155,0.7802766294711341,0.47733238446138637,0.001061554066836834,0.00477018253877759,220.0,246.0,0.17570027709007263,117.66989913719772,158.28000972171589,40811.5,775.5950150489807,0.8525549948075395,0.9924854999331234,240.59591674804688,215.4240264892578,0.8953769016572747,179.07077026367188,0.028284788131713867,0.0082283616065979,0.17183589935302734,0.18006426095962524,1.8104606866836548,4.117146015167236,0.007379102986305952,96.67580507959654,5.815882415864256,12.691565292674742,31.730684165755257,5.45403290565578,162.1015190181067
mango17_bot_u_hor.jpg,0.0734312821739387,0.08209299410636757,0.06017197668552399,0.8687358281546322,0.00018056778223756958,0.008542216515298604,1.1179567028655668,0.7329733473670043,0.8194324667107538,0.49780445441523774,0.0010754956165328622,0.004639423917979002,220.0,245.0,0.17615942656993866,117.67088392423507,158.1993200582807,40835.0,788.2396777868271,0.8258969065558769,0.9910806383107821,240.30459594726562,215.1299591064453,0.8952386376898724,0.904654860496521,0.022308453917503357,0.007147103548049927,0.17424415051937103,0.18139125406742096,2.2692902088165283,7.546199798583984,0.006319983396679163,96.68288003885381,5.917299753488595,12.750796317314247,31.742447790189413,5.595990900969947,161.3251578436134
mango17_bot_u_ver.jpg,0.06546592956221979,0.07435159717813253,0.047550588846206665,0.8257784491219201,0.00010870978994828816,0.0061817357677549315,1.1357296486177235,0.6395368848941381,0.726341001558893,0.46968546008242607,0.0008969451300799847,0.004030972719192505,217.0,246.0,0.16940687596797943,117.52598070424605,158.4289142465351,40498.5,780.1391707658768,0.83618935252173,0.9914438895417156,240.3401641845703,213.7594757080078,0.8894038848365363,1.1642065048217773,0.029585808515548706,0.01011359691619873,0.16673621535301208,0.17684981226921082,1.1077940464019775,0.5776138305664062,0.00692351208999753,97.25924384152016,5.789570168881998,12.660561085311313,31.877001812037808,5.3644792838377855,161.82349772270925
mango17_fro_u.jpg,0.06421088693760865,0.08243870172602244,0.06457464396953583,0.8481437522254547,0.0001639706804271643,0.00800480539160952,1.2838742097757516,0.7833049601404909,1.0056650367137994,0.4796940878834856,0.0011311779962852597,0.004126512911170721,185.0,238.0,0.18164387345314026,115.13786759251016,161.98958426066056,33369.0,736.984842300415,0.7720331424739435,0.9873507611734943,233.28347778320312,182.07884216308594,0.7805046627961235,179.52174377441406,0.03486539423465729,0.012830391526222229,0.17762607336044312,0.19045646488666534,1.6482455730438232,2.956240177154541,0.005192396696656942,122.10884595982077,5.051171329024883,9.624242958594403,33.53206326597228,3.600878033230176,155.67010890530875
mango17_fro_u_hor.jpg,0.06028295898642452,0.07897721435936117,0.05647546052932739,0.8172411756209901,0.00012372088799440833,0.006668099941208398,1.3101084566394048,0.7150854963351003,0.936839555968801,0.4601367009733802,0.0009528333903290331,0.0028998961206525564,183.0,238.0,0.18028651177883148,115.03045472258026,162.00308743742693,33037.0,730.7838315963745,0.7773786466706661,0.9863410410664437,231.60415649414062,181.74598693847656,0.7847267928590675,0.9264585375785828,0.03433339297771454,0.013062924146652222,0.17564061284065247,0.1887035369873047,1.2592154741287231,1.2936105728149414,0.0037720955442637205,121.87671232876713,4.949858162666525,9.598786745886907,33.68427205419502,3.643660772825637,155.92680075537305
mango17_fro_u_ver.jpg,0.06389715044188488,0.08098375000887836,0.05430658161640167,0.8088091646858903,0.0001350339217282286,0.007019179229264644,1.2674078491580612,0.6705861559936156,0.8499061576430403,0.4805195263563772,0.0009201739449054003,0.003339713905006647,185.0,236.0,0.19068877398967743,115.09564620162446,162.09065934065933,33166.5,724.2569212913513,0.7945554287305139,0.9900004477411459,232.17349243164062,181.5120849609375,0.7817950406822627,0.6906805038452148,0.03179313242435455,0.012155145406723022,0.18491031229496002,0.19706545770168304,1.3103384971618652,1.9119534492492676,0.004685611929744482,122.62064022933588,5.042978937377625,9.489912097828672,33.50394171046345,3.2456073060283224,155.84006211180125
mango17_sia_u.jpg,0.034706988400423015,0.04361283050098132,0.013723209500312805,0.6303010427704541,8.305902282766879e-06,0.0013649463258562074,1.2566008320229178,0.31465991412788546,0.39540190989736074,0.39985259584461846,0.00017640256555750966,0.00022138090571388602,214.0,269.0,0.10177984088659286,120.92310690016319,156.79214263097646,40609.5,851.3107447624207,0.704143665400827,0.9648597597918671,256.2552185058594,202.2188262939453,0.7891305686300453,160.6195831298828,0.011200696229934692,0.005323246121406555,0.09942682832479477,0.10475007444620132,0.3423495590686798,-0.8287029266357422,0.00017350372218061239,109.08510120076966,3.57157186590059,8.736204222843021,28.61112599556714,2.537485908000888,140.2408115546679
mango17_sia_u_ver.jpg,0.06869471405145418,0.07854875592138483,0.03037416934967041,0.6967062439323063,7.036657672392598e-05,0.005496776118992031,1.1434468722375015,0.38669192138536557,0.4421616680276061,0.42933805296225164,0.0003665384429041296,0.0004385239153634757,212.0,243.0,0.20223599672317505,120.9390028894657,156.8831235613889,40484.5,790.7422025203705,0.8136334741982577,0.9893451937293044,249.9735107421875,207.91180419921875,0.8317353450048174,17.348705291748047,0.026193663477897644,0.014169618487358093,0.1953941285610199,0.209563747048378,0.24550995230674744,-1.0808472633361816,0.00033342913957312703,111.22454576619815,3.452287396172793,8.704846693742967,28.58176208433322,2.395453439144241,139.16418531759635
mango17_sib_u.jpg,0.031520711811670876,0.04072354526754277,0.012543313205242157,0.6200676034662777,6.672222909742779e-06,0.0011541525973536473,1.2919614731690308,0.30801132668671044,0.39793876737891,0.4143970782531397,0.00020652344392146915,0.00023554379004053771,178.0,230.0,0.1124887689948082,122.59035930904834,160.1256694924272,27877.0,707.8721450567245,0.6991111891046213,0.9639016631513433,214.04812622070312,167.2500762939453,0.7813666919069183,15.16586685180664,0.010083608329296112,0.00511903315782547,0.10990194976329803,0.1150209829211235,0.3648739457130432,-0.8162217140197754,0.00018003796867560595,115.45355230021637,3.368962995960574,10.354319063966214,26.47834568864612,3.0430122808588456,146.84074060937112
mango17_sib_u_ver.jpg,0.05659722873096162,0.0639633622785545,0.02040259540081024,0.6559529227511929,2.9256129990699573e-05,0.0032555604244547762,1.1301500747078668,0.3189731539120604,0.36048753372351894,0.3961001514684076,0.00027117866557091475,0.0002649993111845106,180.0,205.0,0.2016625702381134,122.39088139201938,160.61216548584855,26934.5,681.0020875930786,0.7298303095375923,0.9722593220950799,202.05064392089844,170.5000762939453,0.8438482203535814,157.76609802246094,0.01712319254875183,0.00774112343788147,0.19765987992286682,0.2054010033607483,0.3146931827068329,-0.7973108291625977,0.00020867394050583243,117.07485040930949,3.08908571131285,10.095050506320241,26.739290040747402,2.6125868115721507,147.63977093351932
mango17_top_u.jpg,0.07635608861188645,0.0843184682954273,0.08676649630069733,0.9491920385838628,0.00026840786169364674,0.01127877931563966,1.10427956471177,1.0290331175928487,1.1363402431694265,0.4804816315801619,0.0014607306802645326,0.0069804806262254715,217.0,239.0,0.16166505217552185,118.53971177539388,156.60330537372127,39834.0,778.4406869411469,0.8260621600241981,0.9913147350869771,236.3746337890625,214.11180114746094,0.9058154748471504,1.7243010997772217,0.02290552854537964,0.007733270525932312,0.15913991630077362,0.16687318682670593,3.6207199096679688,20.58351707458496,0.008458924479782581,121.85230355676133,5.503679391305591,13.752109972172288,31.719690370112254,6.809938932299416,124.40752171640491
mango17_top_u_hor.jpg,0.06962493570890844,0.07771327054137703,0.08225303888320923,0.9282223681777164,0.0002173991127497813,0.00976653883462838,1.1161700869108837,1.0584168998448609,1.1813732830877866,0.4884789140675291,0.0013832366093993187,0.006753912661224604,217.0,238.0,0.14765462279319763,118.64166128471359,156.45183565999304,39916.0,776.4406858682632,0.8320325350222195,0.9906681227042589,236.32208251953125,214.5120849609375,0.9077107085124335,177.95823669433594,0.020082920789718628,0.005003422498703003,0.14592713117599487,0.15093055367469788,4.293503761291504,27.030303955078125,0.008135834708809853,121.67417656118039,5.594962634188817,13.76993955201516,31.716354513388644,7.47597548509444,123.88183715038005
mango17_top_u_ver.jpg,0.07220059067354806,0.08023323601324969,0.044268980622291565,0.791851757344275,0.00013811996558699748,0.007293995981561493,1.1112545654372954,0.5517536475156131,0.6131387597984053,0.5385944582423946,0.0008951122290454805,0.004103316459804773,215.0,239.0,0.19147709012031555,118.40368446151143,156.7191978515674,39511.0,763.89652967453,0.850861379347495,0.9918664491025481,235.6097869873047,213.07398986816406,0.9043511841876292,175.75201416015625,0.02045305073261261,0.006444662809371948,0.1897766888141632,0.19622135162353516,1.896072506904602,4.870077610015869,0.006379274185746908,122.62964636197073,5.388873752677014,13.693316775603629,31.909268880355395,6.88251396614287,124.1081745852471
mango18_bac_u.jpg,0.059434679085480904,0.08223091795675552,0.08299873769283295,0.8918887692093587,0.00019173354723571665,0.009108645559916475,1.383551139200875,1.0093373606321798,1.396469855140657,0.47266294799537284,0.0013737451517954469,0.0057753948494791985,176.0,246.0,0.15410444140434265,115.22755376741709,143.26441440108866,33469.5,739.9726510047913,0.7681176614813875,0.9858323146934508,246.743896484375,174.40789794921875,0.7068377391870485,0.34229740500450134,0.02468043565750122,0.007460355758666992,0.15161967277526855,0.15908002853393555,3.3011484146118164,16.266695022583008,0.006148579530417919,90.4383634588646,5.201611283535679,5.086200892577885,46.46436706801172,7.059251202916718,92.43126349732272
mango18_bac_u_hor.jpg,0.055156790072759025,0.0765337360021757,0.06537054479122162,0.8506647172487904,0.0001409222293382167,0.0073401116714566245,1.3875668961376773,0.8541402550812791,1.1851767426093744,0.5106760643924759,0.0012121095787733793,0.004788181744515896,174.0,246.0,0.15917499363422394,115.25088381212679,143.22509729360388,33337.0,727.1858530044556,0.79221951513408,0.9876605389070763,245.6219024658203,174.59889221191406,0.7108441489097679,0.7631485462188721,0.03080214560031891,0.010052457451820374,0.15595795214176178,0.16601040959358215,1.850428819656372,4.183333396911621,0.005828171502798796,90.16452274145153,5.169835607459056,5.037659895712535,46.43290454829031,6.873214074414767,92.44766940970263
mango18_bac_u_ver.jpg,0.07402295430089526,0.1010251886444276,0.07600715756416321,0.8199496569140855,0.0002950059504958301,0.012043026044442412,1.3647819058095303,0.7523584819196044,1.026805242806203,0.5190153476551727,0.0013045332161709666,0.005457888823002577,176.0,244.0,0.2191634327173233,115.18216443002946,143.2542625048353,33279.0,732.7005724906921,0.7789813676866959,0.9883432576511293,245.4676971435547,174.40670776367188,0.7105077767592172,0.4903365969657898,0.030615046620368958,0.012230753898620605,0.21427270770072937,0.22650346159934998,2.0194098949432373,6.516408920288086,0.006363922730088234,90.86574225607761,5.085997694860648,4.962747909210412,46.52343261820454,6.536268406207675,92.12268277442199
mango18_bot_u.jpg,0.061100038177335086,0.07529449633801258,0.05505494773387909,0.8403053406019286,0.0001294610543509259,0.006765367506917384,1.2323150456875311,0.7311948470539736,0.9010624113538048,0.511137884099915,0.001022961805574596,0.0035651065409183502,173.0,214.0,0.19232845306396484,116.0315625,142.8790972222222,28505.0,665.0437188148499,0.8098983559167456,0.9895679644512333,210.28765869140625,172.5647735595703,0.8206129386451838,2.0898540019989014,0.024526134133338928,0.009932667016983032,0.18868234753608704,0.19861501455307007,1.6787285804748535,3.9383325576782227,0.004044859204441309,95.00927083333333,4.886959367965863,4.601249137944687,45.6753125,7.5770918618490635,85.35340277777777
mango18_bot_u_hor.jpg,0.06209535031170144,0.07555027068138571,0.07492834329605103,0.9341380321267887,0.00017263768685346715,0.008262403185618213,1.2166816082386893,0.9917680323349534,1.2066659245810116,0.491127635026799,0.0012875458924099803,0.004746769089251757,175.0,214.0,0.17323744297027588,116.08989731927504,142.7336503342292,28710.5,686.0315254926682,0.7665888055030616,0.9877862070151898,210.83514404296875,172.99192810058594,0.8205080271879613,178.03944396972656,0.023564830422401428,0.007610797882080078,0.17093101143836975,0.17854180932044983,3.0779733657836914,14.315399169921875,0.004382397048175335,95.68044931431328,4.86435272474233,4.7778760931539805,45.970195024464196,8.283343726530557,84.75714974846667
mango18_bot_u_ver.jpg,0.0721181111583101,0.08874114960768961,0.07838831841945648,0.8953960967968712,0.00025606727029411675,0.010716541370666709,1.2304974185040627,0.8833367469995449,1.0869435868527162,0.5104266362225127,0.0014037564396858215,0.005738822743296623,173.0,213.0,0.21415533125400543,115.98857321478188,142.84148374548485,28496.5,664.801078081131,0.810247978609474,0.9893930977015485,210.8210906982422,172.37672424316406,0.8176445898854338,178.8395538330078,0.026447877287864685,0.009880095720291138,0.21022966504096985,0.220109760761261,2.6483652591705322,11.546064376831055,0.00663579860702157,95.7264517921645,4.7682002430166746,4.556415727090428,45.81922061683801,7.332803492618548,84.8945193109197
mango18_fro_u.jpg,0.05359542683324918,0.07917235497502831,0.05526091158390045,0.7788722259277672,0.00011683470896023344,0.006453558819370909,1.4772222119128993,0.6979824157223851,1.0310751280297306,0.49825600222634986,0.0009728244040161371,0.003872350789606571,177.0,261.0,0.1579214334487915,116.46320024248436,142.53737841338074,35948.0,763.5289998054504,0.7748783438998534,0.9904667438144046,261.7625427246094,175.88038635253906,0.6719081520291322,3.448695421218872,0.027816995978355408,0.009394466876983643,0.15455153584480286,0.1639460027217865,1.682462453842163,3.2809038162231445,0.004626439418643713,82.59237827560553,4.74339936473606,4.84852543535756,45.276184177895345,5.395878555582583,91.78234272960238
mango18_fro_u_hor.jpg,0.06025071388344774,0.087827731501197,0.08344361186027527,0.8670230699215582,0.00021208908481042894,0.009786374162872627,1.4577044127824899,0.9500827407700723,1.3849398037290168,0.4803207638690808,0.0013426413061097264,0.005566081032156944,179.0,261.0,0.1537315994501114,116.63252160678371,142.40859922813502,36442.5,775.1442227363586,0.7621720130428224,0.9903256926233406,262.5748596191406,178.02598571777344,0.6780008793530212,175.86203002929688,0.030770674347877502,0.00932280719280243,0.15094320476055145,0.16026601195335388,2.483961582183838,8.986764907836914,0.005261527840048075,83.1704897537642,4.862920409384681,4.934966307974344,45.17024514866554,6.271059176296009,91.12670544110453
mango18_fro_u_ver.jpg,0.0662636727329784,0.09554603248501212,0.0872272253036499,0.8586854060940671,0.0002565556605509252,0.011088602013014691,1.4419066819618096,0.912934038546633,1.3163656903707703,0.4645595390851979,0.0014501961413770914,0.006569715682417154,180.0,261.0,0.17432928085327148,116.55147542781921,142.50691092584466,36119.5,767.7716398239136,0.7699942141544147,0.9884785375131703,262.3981018066406,176.07688903808594,0.6710295837728117,176.2513427734375,0.028570562601089478,0.010683029890060425,0.16955441236495972,0.18023744225502014,2.550823211669922,11.40527057647705,0.00744834216311574,83.20713580517771,4.785204695655309,4.794900078522801,45.038010092145676,5.3218673203339275,91.34250219394471
mango18_sia_u.jpg,0.04727788933246163,0.05346607694115439,0.015620097517967224,0.6368860369141465,1.9768877768358606e-05,0.0024120542373978794,1.130889675830851,0.29214968465254987,0.33038906217080755,0.5006818825634344,0.0002550786011852324,0.00040849216748028994,196.0,222.0,0.1523297280073166,117.73339632417934,144.68615318967358,32489.5,719.4284940958023,0.7888194714710972,0.9856653115708999,228.7633056640625,181.4642333984375,0.793240125953227,151.18008422851562,0.012177333235740662,0.005072787404060364,0.14998483657836914,0.1550576239824295,0.8949470520019531,0.19544625282287598,0.0002889162569772452,102.85284525587491,3.950357230478676,5.01852254906909,39.809899722637084,4.9570847007932715,83.49675393946782
mango18_sia_u_ver.jpg,0.06691073117934754,0.07184141789735402,0.03256170451641083,0.7501550526041846,6.570343837713065e-05,0.0049294236740853115,1.073690522149433,0.4532441796031159,0.48664397985926094,0.419768935199265,0.0004364055930636823,0.0007111825398169458,204.0,219.0,0.20077815651893616,117.86464807274285,144.52215044545815,32322.5,742.9432133436203,0.7358741860446478,0.9815666803322249,228.32427978515625,180.3358612060547,0.7898234098263369,33.85866928100586,0.028086304664611816,0.013705253601074219,0.1949773132801056,0.2086825668811798,0.536746621131897,-0.7749450206756592,0.0004721374425571412,104.3233628264397,3.867333556892349,5.089811893094361,39.869852738572696,4.728451846567922,82.15460919082754
mango18_sib_u.jpg,0.04815047131294189,0.05332064249842755,0.01768745481967926,0.669101052060456,2.1972861773063286e-05,0.002509548625624165,1.10737529757255,0.3317187113827608,0.36733710672786757,0.48386628667039666,0.0002504555741325021,0.0004872615681961179,211.0,234.0,0.14255651831626892,117.26814692836844,144.49895089107858,37298.0,783.5289995670319,0.7634581905595869,0.9868370573216388,243.5229034423828,194.4608917236328,0.7985322488142969,29.51957893371582,0.011564373970031738,0.004699736833572388,0.14041665196418762,0.14511638879776,0.7046326398849487,0.21490263938903809,0.0003615259483922273,99.9162306446044,3.679761410242822,5.087533458849559,41.061512310430004,3.6074974438618477,83.7416536081379
mango18_sib_u_ver.jpg,0.066150720566827,0.07096678630531789,0.028243064880371094,0.7185307769269572,5.266442955602201e-05,0.004511473608078087,1.0728044335303284,0.39797581870006005,0.4269502227392866,0.3972060388658837,0.00033686828101053834,0.0006181637290865183,217.0,233.0,0.1894960105419159,117.41903644027103,144.38843835031744,37126.5,794.4579319953918,0.7391831566801533,0.9823644590268039,243.26271057128906,194.66094970703125,0.800208750654306,146.74363708496094,0.02339307963848114,0.01151856780052185,0.18436971306800842,0.19588828086853027,0.3946506679058075,-0.8591980934143066,0.00039522553561255336,101.58939337352612,3.5350689934814157,5.086770298018013,41.07858934002027,3.4408767513091703,82.51907378754736
mango18_top_u.jpg,0.06736541268675889,0.0805326749307897,0.07637250423431396,0.9257134750683683,0.00020640638741422295,0.009345433780338372,1.1954602772977434,0.9483418289526455,1.1337049858127788,0.49816934804924834,0.001312972977757454,0.005053390748798847,189.0,227.0,0.174442857503891,113.53191361366781,143.9300366961439,32930.5,713.0853482484818,0.8138140111805339,0.9904803440911962,224.9729766845703,185.97210693359375,0.8266419801803182,3.8440868854522705,0.024895653128623962,0.008788183331489563,0.1711602658033371,0.17994844913482666,2.87136173248291,12.757800102233887,0.00470776716247201,109.99446549960898,5.529942992089143,5.983150420448717,49.0770919809902,8.124544537653527,81.63105335980268
mango18_top_u_hor.jpg,0.06131659824711727,0.07409205696634594,0.0735449343919754,0.9365461249433353,0.00016755186083332972,0.008222913233535923,1.20835237251325,0.9926156379405279,1.19942946109919,0.5014721118429017,0.001258026110008359,0.0051599605940282345,188.0,227.0,0.1541973352432251,113.66338298894762,143.9141037962518,32977.5,715.7716405391693,0.8088697954785145,0.9906574342490649,225.0363006591797,185.87132263183594,0.8259615097092287,177.640380859375,0.021008744835853577,0.006781816482543945,0.1518472135066986,0.15862902998924255,3.375586748123169,17.24349594116211,0.0048943147994577885,109.77003243632869,5.588340808823204,5.926828213598968,48.800366410379624,8.29136643950924,81.698101874099
mango18_top_u_ver.jpg,0.06978444805964512,0.08277742093884322,0.0438428670167923,0.7643247752626404,0.00012995171052303334,0.007112875275845079,1.1861872271038518,0.5296476565654763,0.6282612850834555,0.5131124059660466,0.0008309421828016639,0.0030567378271371126,186.0,223.0,0.22053392231464386,113.42090309177563,144.05291457900526,32426.0,696.1564166545868,0.8407939565055718,0.9919544801003396,224.6821746826172,184.12503051757812,0.8194910467538001,176.6233367919922,0.025830507278442383,0.010167315602302551,0.21675091981887817,0.22691823542118073,1.0880942344665527,0.8680312633514404,0.004600221756845713,110.33645973359404,5.298236785026041,5.8031645299199575,49.012434315043386,7.346527300454424,81.74306489062691
mango19_bac_u.jpg,0.07889644724057633,0.10494788155815986,0.12805230915546417,0.796315981036169,0.000453582673702889,0.016512215896884112,1.3301978128133671,1.220151443309509,1.6230427811913823,0.4277971812198514,0.0019183827098459005,0.006977168843150139,162.0,219.0,0.21323545277118683,115.69140521515347,143.76335011164517,26079.0,674.6761865615845,0.7199627635541754,0.9805794213306762,217.84725952148438,153.69277954101562,0.7055070597565091,178.8046112060547,0.038864731788635254,0.012965172529220581,0.20858311653137207,0.22154828906059265,3.6119637489318848,18.27373504638672,0.005680611822754145,86.0768270067744,5.448981055880069,5.403848207992586,44.808348787041595,7.8997414184392,99.44132006206713
mango19_bac_u_hor.jpg,0.06457139104885477,0.09135494137632919,0.09560967981815338,0.8641506998792278,0.00028332665584840686,0.011801243124037106,1.4147897372570146,1.0465737088516882,1.4806817425663792,0.5023580732892687,0.0016074300510808825,0.005515226162970066,154.0,219.0,0.19930174946784973,115.79351021331122,143.66514660435666,26222.0,675.8477598428726,0.7214029598002037,0.9814908389946287,219.1046600341797,154.69435119628906,0.7060294891590038,0.9156681895256042,0.034319713711738586,0.011503562331199646,0.195621058344841,0.20712462067604065,2.9125595092773438,11.933696746826172,0.004859800450503826,86.36097082987865,5.460892582490064,5.519720866447458,44.91878344765207,8.515018452423213,99.04541343182332
mango19_bac_u_ver.jpg,0.08366195282324607,0.11075812752094967,0.09316349029541016,0.8596879633061114,0.0004152658944709177,0.01499945061784909,1.323876909196109,0.8411436016538694,1.1135705915476075,0.4810352595690255,0.001514757634140551,0.005407828837633133,162.0,217.0,0.26968061923980713,115.76262818078237,143.81591340676036,26007.0,708.1320301294327,0.651735899926769,0.9689642324888227,216.0169677734375,156.6344451904297,0.7251025084043894,1.1996634006500244,0.04307079315185547,0.01506468653678894,0.26326388120651245,0.2783285677433014,2.343658447265625,7.638921737670898,0.005642745643854141,86.01610330421572,5.556013928700757,5.249182861127473,44.42343334599316,7.441086863084566,99.71891378655526
mango19_bot_u.jpg,0.07945133791644227,0.09987375146682623,0.14187264442443848,0.7332494571873392,0.0004952137981615466,0.017814516890963788,1.2570430415138119,1.4205198296928145,1.7856545672477375,0.4398873723526734,0.0022795931436121464,0.00878223404288292,162.0,204.0,0.2003813534975052,116.6584526762141,141.4942795423634,24708.0,648.8183221817017,0.7375666062884741,0.9813329096830566,196.98355102539062,158.80426025390625,0.8061803101185684,178.69395446777344,0.03653669357299805,0.012532338500022888,0.1958620846271515,0.20839442312717438,4.02565336227417,21.84956932067871,0.006907275412231684,84.65361228898311,5.0992700421116774,4.575694727313146,46.568485478838305,9.28383246714585,89.37386990959277
mango19_bot_u_hor.jpg,0.0801384846889995,0.1011949986240463,0.12612472474575043,0.7988524486441468,0.0004642853792365083,0.01650268081571743,1.2627515857925522,1.2463533421678434,1.5738346592802919,0.45392552133316894,0.0022252032067626715,0.007814484648406506,162.0,205.0,0.21863973140716553,116.69135508454394,141.43176946892117,24903.0,644.6173114776611,0.7531085941365735,0.983200742246876,197.8473358154297,159.76065063476562,0.8074945764435522,0.7269797325134277,0.039517685770988464,0.012955114245414734,0.21439515054225922,0.22735026478767395,3.485909938812256,16.592870712280273,0.005928769242018461,85.30622370405652,5.101229669692129,4.615721241568134,46.64122410097642,9.567544451370809,89.06009367309677
mango19_bot_u_ver.jpg,0.07854182232790716,0.09666656574310697,0.0788869857788086,0.872002878933951,0.0002925891300228311,0.011620176304127905,1.2307655065543317,0.8160731186877176,1.004394645307062,0.4885123663310187,0.0014884632546454668,0.005117740016430616,165.0,201.0,0.2603619396686554,116.67230325372655,141.5912005129027,24673.0,633.5878752470016,0.7723570361825856,0.9813654714316966,196.12124633789062,159.22682189941406,0.8118795126617112,1.1723228693008423,0.04035884141921997,0.013614028692245483,0.2547735273838043,0.2683875560760498,1.8120805025100708,4.26057767868042,0.005693603772670031,84.89385318159961,5.310861048049102,4.350614913034617,46.47046802372175,10.372002093598681,89.71994710690817
mango19_fro_u.jpg,0.07674732937306881,0.11084073026205254,0.09253044426441193,0.8330090521496084,0.00037763623075978914,0.01419930002681214,1.4442291499585045,0.8348054370054134,1.205650346667066,0.4797625636043893,0.0015884969616308808,0.00618337607011199,169.0,245.0,0.22684943675994873,117.60856288567975,139.66133341815637,31113.5,721.9726499319077,0.7500966756903671,0.9871817244388038,240.8480682373047,165.01939392089844,0.6851597155361314,2.6407644748687744,0.03073050081729889,0.01076960563659668,0.22272910177707672,0.2334987074136734,2.808180332183838,12.293566703796387,0.006333277095109224,78.04958966855398,5.037384809366888,4.831077483752559,47.89690820026719,7.374651521605233,81.45215980660348
mango19_fro_u_hor.jpg,0.07511346100413233,0.105526688273117,0.10141201317310333,0.881104704109873,0.0003751003178068065,0.014110251895356682,1.4048971630705647,0.9610082040159894,1.350117699509602,0.46663568290211344,0.0017211419763043523,0.00649608951061964,171.0,245.0,0.20611566305160522,117.68885390428211,139.64763853904282,31428.5,731.8305144309998,0.7374158872485507,0.9872465407026968,241.5259552001953,167.16587829589844,0.6921238678358128,176.85263061523438,0.035942792892456055,0.01155911386013031,0.20266073942184448,0.2142198532819748,2.6789119243621826,10.189570426940918,0.006009161937981844,78.57229219143576,5.08716607121163,4.868192537243513,47.77726700251889,8.008572207501476,81.50510075566751
mango19_fro_u_ver.jpg,0.07650448198882522,0.10922601432471526,0.07350808382034302,0.778257418728282,0.0002931387284362858,0.012015833534585567,1.427707390276423,0.672990626590225,0.9608336911696249,0.4772271381392708,0.001290221349336207,0.004998951219022274,169.0,242.0,0.24721437692642212,117.60053087722665,139.74370782564202,30950.5,712.4579310417175,0.7662298779850574,0.9883759919526098,239.3267364501953,165.0832061767578,0.6897817127553243,177.6250762939453,0.04253973066806793,0.01656167209148407,0.24074120819568634,0.2573028802871704,1.2751729488372803,1.5949339866638184,0.006176277529448271,78.59605359941156,5.002903730653749,4.760945818697834,47.671559691707444,6.845949329900739,81.49937637916148
mango19_sia_u.jpg,0.04220363757258533,0.05214504236938872,0.015714190900325775,0.6247965461144587,1.6297332770708172e-05,0.002132910881515927,1.235558007996475,0.3013554153242121,0.37234209665693396,0.47126110701766116,0.0002124760067090392,0.0003424735914450139,212.0,262.0,0.12460807710886002,118.75777038651222,144.39435715104943,43232.5,816.1980469226837,0.8155096636784116,0.9902651319933574,258.7596435546875,215.7572021484375,0.8338131834798201,173.73411560058594,0.012018568813800812,0.005514398217201233,0.12219446897506714,0.12770886719226837,0.5012629628181458,-0.5516707897186279,0.0002828843716997653,98.63502695263219,3.444705368344369,4.575279802406609,38.19477004243606,4.121269878384017,84.08654662231908
mango19_sia_u_ver.jpg,0.07529793420365212,0.09012748145121507,0.030638128519058228,0.6573201437850981,8.909524660691895e-05,0.006651981572419957,1.1969449415100115,0.3399421355809469,0.4068920195897248,0.42850116200339944,0.0003680502122733742,0.0006353675271384418,216.0,259.0,0.2180391401052475,118.83207503473831,144.29949050486337,42778.5,892.6833268404007,0.6745910418180924,0.9818563657646492,255.71080017089844,216.9788360595703,0.8485321539589157,9.022847175598145,0.025958701968193054,0.012131094932556152,0.2127450704574585,0.22487616539001465,0.40915122628211975,-0.7921371459960938,0.0004196070658508688,100.15125057897174,3.239310192798937,4.613478322514272,38.30738767948124,4.06913119737959,82.85400648448356
mango19_sib_u.jpg,0.046724943050196074,0.05571937240709323,0.020025543868541718,0.6704610549878045,2.2052350908556683e-05,0.00254304696930646,1.1924973851168645,0.3594000255823486,0.42858359071788493,0.4229758559360457,0.00023871034500189126,0.0003384013252798468,238.0,284.0,0.12084484100341797,118.49699230498808,146.0635326745049,50788.0,929.5533834695816,0.7386221086838841,0.9713777505761746,286.4634704589844,229.3895721435547,0.8007637824676794,11.18718147277832,0.01637483388185501,0.007471188902854919,0.11732102930545807,0.12479221820831299,0.3748566210269928,-0.712540864944458,0.0002344474196434021,102.85682199914066,3.249239459391923,4.483638053970509,37.22040154681458,4.216277549919815,90.49220733565095
mango19_sib_u_ver.jpg,0.08067555990538616,0.09509376833654914,0.03205427527427673,0.6588318886079735,9.440681882669513e-05,0.007025472594255267,1.1787184179207708,0.33708071343678914,0.3973232452538168,0.3839046349963112,0.00034436536952853203,0.0003991581907030195,239.0,282.0,0.21121308207511902,118.55672989706984,146.05538904444532,50300.0,918.7838325500488,0.7487746970447544,0.984546726822537,282.02581787109375,228.24078369140625,0.8092903884272356,159.67015075683594,0.027918994426727295,0.013398364186286926,0.20488721132278442,0.21828557550907135,0.24035070836544037,-0.9621174335479736,0.00027997081633657217,103.7015419805182,3.077514983796597,4.427092990660381,37.2675000985921,4.42281879981845,89.91876010569074
mango19_top_u.jpg,0.07042136202113167,0.08583526163012337,0.06953953206539154,0.8727065549844661,0.00021155773452356864,0.009454287140306944,1.2188810208522576,0.8101511050906737,0.9874778060175049,0.5033000667460016,0.0012096511200070381,0.005137397907674313,202.0,245.0,0.1773073971271515,114.68100181676616,142.1315857773164,38192.5,764.5411924123764,0.8210813207020735,0.9910605392220464,241.62770080566406,200.90235900878906,0.831454168288306,179.88848876953125,0.021305769681930542,0.006489589810371399,0.17482280731201172,0.18131239712238312,3.1386332511901855,14.809438705444336,0.005943312309682369,109.33361017389048,5.524755399564415,5.717315302398393,49.74957176226317,9.22937318023991,74.90830521671425
mango19_top_u_hor.jpg,0.06929978526939184,0.08426359964309157,0.06857839226722717,0.8747414863365505,0.00020962283652862504,0.009394349399769922,1.2159287264099057,0.813855479206906,0.9895902563137768,0.5234550539865945,0.001236884156242013,0.0050352029502391815,201.0,245.0,0.17320431768894196,114.73706192119121,142.14049651093413,38223.0,750.2396769523621,0.8533645106903585,0.9925473902882368,242.45643615722656,201.1977996826172,0.8298307228773492,0.9706885814666748,0.02378760278224945,0.00804203748703003,0.17047618329524994,0.17851822078227997,2.5248372554779053,9.403117179870605,0.0060703870840370655,109.33334198033671,5.449069821488637,5.657296921153396,49.592337025603776,9.137216077196324,74.91122986329087
mango19_top_u_ver.jpg,0.08373534626244544,0.10091241092030248,0.05307456851005554,0.7585229221555653,0.00023942032087992526,0.01056062476004491,1.2051351719979786,0.5259468882571064,0.6338370936415296,0.5338523192018988,0.00092960154870525,0.003642064519226551,200.0,244.0,0.24025477468967438,114.63243611227482,142.2344731881022,37855.0,761.4701243638992,0.8204032589542709,0.9906055372376615,240.92039489746094,200.03627014160156,0.8303002750212981,179.8560028076172,0.028224259614944458,0.012466222047805786,0.2358100712299347,0.24827629327774048,1.2481205463409424,1.6717047691345215,0.00550127774477005,109.68189673229996,5.340853942522785,5.606939405437144,49.62557603686636,8.62782733469815,74.9721931294512
mango1_sia_r.jpg,0.07659721197459532,0.09068327675583618,0.035043686628341675,0.688529861611395,0.00010182188079981755,0.006963455113718972,1.1838978785012793,0.38644045387438364,0.4575060335089542,0.41830317401120687,0.0004769112856592983,0.000502073613461107,199.0,236.0,0.2399524599313736,121.15722257697327,151.61650795413533,35675.5,767.4284937381744,0.7612093121872521,0.9794906994302972,237.291259765625,192.05845642089844,0.8093785527987695,168.0577850341797,0.03056102991104126,0.014842629432678223,0.23301240801811218,0.2478550374507904,0.3538389205932617,-0.9078400135040283,0.00032309844391420484,115.95010966434381,2.3857709119355475,7.126014553080354,29.909742080568588,5.035925715120344,106.18151531136344
mango1_sia_r_ver.jpg,0.07436824914241702,0.08760828194061485,0.03569921851158142,0.7019701521905725,0.00011445739183954869,0.007066351254900166,1.1780334074134626,0.4074868005718921,0.4800330641537162,0.4920989242497256,0.0005434609483927488,0.0009638541960157454,196.0,231.0,0.23182746767997742,121.11134572072072,151.79166666666666,35196.0,732.1564153432846,0.8250788009876115,0.9886239150585657,239.1240997314453,189.08175659179688,0.7907264755168976,14.493264198303223,0.02767646312713623,0.012455552816390991,0.22603142261505127,0.23848697543144226,0.7045865058898926,-0.18745708465576172,0.0006719320663250983,115.41534346846846,2.353384493005472,6.873921564338124,29.879983108108107,3.0035422405396024,107.2254786036036
mango1_sib_r.jpg,0.10542815022110882,0.12902559596717048,0.044870734214782715,0.6574398200446591,0.0002781995719067061,0.013511911663749357,1.223824905365142,0.3477661457669199,0.42560487043240086,0.45578583188714256,0.000494307663757354,0.0009034875547513366,286.0,350.0,0.21773120760917664,121.86121504339441,147.8575763420122,77300.0,1082.2051850557327,0.8294116613506481,0.9924825545191338,355.1377258300781,279.2261962890625,0.7862476329047148,11.629201889038086,0.03561055660247803,0.017506852746009827,0.21098516881465912,0.22849202156066895,0.6600151658058167,-0.5759673118591309,0.0009548352682031691,92.40915461266474,2.1649793054076634,6.954394648441206,30.85884924461588,6.02945139415915,115.32273866923819
mango1_sib_r_ver.jpg,0.10236789443009425,0.12544520792397362,0.036351725459098816,0.6183868081043475,0.00021151121870904393,0.012073740392909475,1.2254350704618486,0.28978169880454796,0.35510865649310536,0.4530963166083656,0.0004021284985356033,0.0008269742247648537,285.0,350.0,0.21869949996471405,121.88875655382225,147.80207133147778,76774.0,1082.0041761398315,0.8240738980659279,0.990702565988554,352.03125,277.94775390625,0.7895542055037728,168.06736755371094,0.028085857629776,0.014017388224601746,0.21272999048233032,0.22674737870693207,0.6609656810760498,-0.528820276260376,0.0009047044441103935,92.07790795520745,2.151938207439373,7.0011020359840215,30.955556993980192,6.120881288048516,114.8622952941938
mango20_bac_r.jpg,0.05586226231686585,0.08100097166796338,0.08399403095245361,0.8623905061747089,0.0001879946476990012,0.009057923934439157,1.4500123752329253,1.036950905931836,1.5035916461101553,0.4946389509986779,0.0014775492018088698,0.005771911237388849,155.0,227.0,0.16976827383041382,118.29271615849167,142.52238915893358,26845.0,679.6467490196228,0.7303092217559816,0.9787621912314283,224.14883422851562,154.64599609375,0.6899254980558642,0.2925986349582672,0.028744041919708252,0.007380321621894836,0.16730691492557526,0.1746872365474701,3.3175735473632812,14.35576057434082,0.005305648781359196,91.35240830755635,4.731867030408348,5.213950248202075,41.47543820886729,7.9582441944573254,85.72230814552954
mango20_bac_r_hor.jpg,0.05104343246298329,0.07460662810850469,0.0646505206823349,0.8400768646099666,0.00012128229749050346,0.006655731621716943,1.4616303118449063,0.866551971606463,1.266578628488973,0.49261553660408386,0.001224127714522183,0.004475611727684736,156.0,226.0,0.16638970375061035,118.17185069984448,142.514256091239,26711.0,662.5584363937378,0.7646305307496142,0.9860823981098642,223.68577575683594,153.63739013671875,0.6868447026499115,179.7239990234375,0.02931554615497589,0.00895729660987854,0.16355597972869873,0.17251327633857727,2.1996452808380127,6.222497940063477,0.004965208005160093,91.77964156113457,4.262412948680557,5.282474813401413,41.85721691475968,7.701845661109271,85.14918906909575
mango20_bac_r_ver.jpg,0.07090172921213068,0.10370980238421762,0.08245809376239777,0.8161127600508526,0.000316949185825988,0.012538913994595826,1.462725994649983,0.7950848605121448,1.16299129342377,0.5227327567926981,0.0014015205670148134,0.0053663915023207664,155.0,225.0,0.23977188766002655,118.27829368456102,142.510229753228,26712.0,691.6467493772507,0.7016937200339229,0.9771372133006548,225.73052978515625,153.14859008789062,0.6784575849516368,178.65145874023438,0.03132215142250061,0.010380178689956665,0.23520435392856598,0.24558453261852264,2.624749183654785,10.118180274963379,0.006286924704909325,91.9362906507825,4.569015105123404,5.1682356482991665,41.57763883236524,8.121798241669937,85.23197306596619
mango20_bot_r.jpg,0.057911303936663064,0.06825433937842364,0.0919274389743805,0.7762490760979415,0.00017061076894967563,0.008546279384842025,1.1786013219987697,1.3468365500500372,1.5873833384052358,0.46953467245943986,0.001693527214229107,0.00591334979981184,155.0,183.0,0.17198476195335388,117.38257454678296,142.64363669573953,21627.0,602.4751763343811,0.7487344731614809,0.9837385430644318,178.56637573242188,153.7760467529297,0.8611702294017548,176.35841369628906,0.03058338165283203,0.009323269128799438,0.1682647168636322,0.17758798599243164,3.334648370742798,15.397880554199219,0.005305558443069458,97.53070916480205,5.606194469702472,3.363857431257317,44.54308415909402,12.005467231230623,87.0688615918535
mango20_bot_r_hor.jpg,0.04584484650730188,0.054076260913846014,0.054822102189064026,0.9378396776936783,7.14120154173441e-05,0.004606280331413642,1.1795493939593207,1.0137923973036205,1.1958182078400525,0.525434309185012,0.0011023945407941937,0.0038516814820468426,154.0,182.0,0.1527126431465149,117.38845518001469,142.43148420279206,21515.0,582.9604579210281,0.7955601466099783,0.9874475067122565,177.6539306640625,154.3274688720703,0.8686971816227262,2.8588614463806152,0.01890404522418976,0.006187185645103455,0.15074707567691803,0.15693426132202148,2.819281816482544,11.733780860900879,0.004080545622855425,97.56791880969875,5.304863855981982,3.4430376671767067,44.83004224834681,12.035857495354133,85.84211976487876
mango20_bot_r_ver.jpg,0.07100814599868435,0.0809487160268927,0.04668065905570984,0.7967860852058029,0.0001303837385094069,0.007110650705110784,1.139991966955348,0.576669542728777,0.6573986462986197,0.48592395845189335,0.000980093376711011,0.0027393647469580173,160.0,183.0,0.2661105990409851,117.45023870730812,142.53410760190965,21530.0,580.5584354400635,0.8027161754269405,0.9840936100191974,176.7867431640625,153.86070251464844,0.8703181005595079,4.904900074005127,0.029138028621673584,0.011222988367080688,0.2611985206604004,0.2724215090274811,1.2936686277389526,1.808462142944336,0.003225338412448764,97.70629820051414,5.809799215804441,3.31679543144735,44.63863385971355,11.83976778721685,86.32891112743297
mango20_fro_r.jpg,0.06025069763026763,0.08970262018636438,0.05567730963230133,0.7470391365727498,0.0001443971522196319,0.007617817501694871,1.4888229300983435,0.620687662374045,0.9240940241716171,0.47985848420832683,0.0010276881512254477,0.00345633109100163,167.0,251.0,0.2000073492527008,115.44887246070697,139.3614959309188,31879.5,713.5706285238266,0.7867693521606356,0.9898621374899087,249.338623046875,163.88827514648438,0.6572919716319835,0.9327394962310791,0.036098361015319824,0.014099687337875366,0.19482803344726562,0.208927720785141,1.2062225341796875,0.9497175216674805,0.004002583213150501,105.15953283220476,3.2466590034100125,5.606112129501795,56.3473318009567,12.660755013775647,79.49046406162638
mango20_fro_r_hor.jpg,0.05858590858415984,0.08809645530810291,0.05791957676410675,0.7589862244902637,0.00014253232375011698,0.007495482563793295,1.503714074546622,0.6574563818889481,0.98862641484691,0.4768001485941471,0.0010339710861444473,0.0034290673211216927,167.0,251.0,0.1938910186290741,115.5095981175305,139.2782834850455,31986.0,710.6416965723038,0.7959181805536784,0.9904319554110543,250.42845153808594,164.81466674804688,0.6581307584493105,179.0240020751953,0.038513392210006714,0.012802153825759888,0.1895962357521057,0.2023983895778656,1.2827039957046509,1.1413564682006836,0.003889556275680661,105.40500959811753,3.320018881825139,5.625924320575794,56.42080004953867,12.77385614871266,78.88219084773051
mango20_fro_r_ver.jpg,0.056471597965678626,0.08430866920707279,0.04358509182929993,0.7022221508774421,9.765114048864314e-05,0.005971753766706992,1.4929393224946905,0.5169704638825386,0.7718055340985632,0.4705838769255544,0.0007936587790027261,0.0026485694106668234,167.0,249.0,0.1989848017692566,115.39798472900237,139.27165477531605,31643.0,710.1564162969589,0.7884596714577858,0.9889055565972873,249.10147094726562,163.79946899414062,0.6575612274438022,179.146728515625,0.03173789381980896,0.012238681316375732,0.19364453852176666,0.2058832198381424,0.9357980489730835,0.14980006217956543,0.0031803299207240343,105.80695331080236,3.0383106367049018,5.6315189479187,56.786769307798224,12.343990829151073,78.93300162723745
mango20_sia_r.jpg,0.041780498837749466,0.051054989132070336,0.01624561846256256,0.6385739011335614,1.489016462761194e-05,0.002051418254902333,1.221981320288622,0.31819845109628725,0.38883256338443567,0.42968623473740897,0.00019520737987477332,0.0002006921567954123,215.0,263.0,0.12221721559762955,121.93023568721549,137.94671809476824,44207.0,852.4995608329773,0.7643857457096711,0.9814726418969173,270.40216064453125,212.7462158203125,0.7867770557498879,171.30099487304688,0.013409063220024109,0.006536595523357391,0.11919785290956497,0.12573444843292236,0.2951444089412689,-0.8877553939819336,0.00013389295781962574,81.19926894355616,3.734608456209604,5.493993234206437,40.11770905747539,9.00180646144866,70.5330881528491
mango20_sia_r_ver.jpg,0.072820364395389,0.08845199289934791,0.022276341915130615,0.5918711337126773,5.5092861390946934e-05,0.005640617515629757,1.2146601247294597,0.25184669316020397,0.30590813572667536,0.38396442122739066,0.0002565432514529675,0.00020880346710328013,219.0,266.0,0.21453389525413513,122.09862123080372,137.79639053917722,44208.0,874.8427072763443,0.7258565160109062,0.9746139177019147,271.91558837890625,211.50906372070312,0.7778482468830421,8.183328628540039,0.019425183534622192,0.010176971554756165,0.2093772441148758,0.21955421566963196,0.0957019254565239,-1.137642502784729,0.00017181593284476548,81.14002914471472,3.690331181088128,5.603553924725498,40.075978029368905,9.487607490636922,68.92095056608004
mango20_sib_r.jpg,0.04791182165792597,0.05564545619016793,0.017715156078338623,0.6495951155982627,1.9356062166513913e-05,0.002436645229006814,1.1614139113193707,0.31835763944134465,0.369744991221974,0.40982612015053416,0.000216767264646478,0.00024672274594195187,223.0,259.0,0.1352481096982956,122.66702303204964,137.67915494921795,42658.0,837.89652967453,0.7635360915442412,0.982710759413479,259.5882568359375,211.68699645996094,0.8154721597970795,19.203289031982422,0.01430995762348175,0.006973832845687866,0.13196566700935364,0.1389394998550415,0.3203681707382202,-0.8461627960205078,0.00016616223729215562,76.23536384130894,2.9848839392054707,4.742647751719172,37.79794082785228,6.9757411067972885,74.04541334510888
mango20_sib_r_ver.jpg,0.08499081313673247,0.09672176371426358,0.02220572531223297,0.5864930152855878,6.425527917395576e-05,0.006557530434940259,1.1380261012288289,0.22958354417350527,0.2612720656820708,0.35200404978943445,0.0002548772899899632,0.00020295863214414567,231.0,263.0,0.2390912026166916,122.80258718968847,137.58279239664037,42607.0,905.6122592687607,0.6528392156816971,0.9655430287235851,259.2548522949219,210.6859588623047,0.8126596551513473,161.922607421875,0.019717544317245483,0.01037326455116272,0.23370400071144104,0.24407726526260376,-0.0058030905202031136,-1.1505640745162964,0.00018043169984593987,78.15983806798353,3.0409440539141803,4.814926211201421,37.621716572438984,7.220199353117423,72.45136222982248
mango20_top_r.jpg,0.07312434681156475,0.08934719674026018,0.10995541512966156,0.8145227682489848,0.00035188488824425257,0.013738433990510756,1.2218529208951476,1.2306532173506373,1.5036772282288873,0.48982513066009936,0.0020887351129204035,0.007652122061699629,160.0,195.0,0.2077605128288269,120.28648535564854,135.93832635983264,23620.5,620.3746708631516,0.7712422891083927,0.9840644919385076,188.86642456054688,158.02493286132812,0.8367020937099829,7.258665561676025,0.030278682708740234,0.007179766893386841,0.20583853125572205,0.2130182981491089,4.44003438949585,23.671419143676758,0.006108758971095085,100.99100418410042,4.805764646728313,6.013593711984523,53.296945606694564,20.040373033956666,51.49439330543933
mango20_top_r_hor.jpg,0.06659721338869658,0.07997850558026973,0.1152605265378952,0.7373766506017494,0.00027153074982058786,0.011813225994883879,1.2009287102370612,1.441143788592236,1.7307109513002261,0.44229199303218075,0.00203976989723742,0.007474168669432402,162.0,195.0,0.17328546941280365,120.32038104788167,135.80329238739867,23652.0,625.7888852357864,0.7589655157094927,0.9848639420374341,189.43426513671875,158.28823852539062,0.8355839869368439,172.33375549316406,0.030915573239326477,0.009316161274909973,0.16987349092960358,0.17918965220451355,4.140563011169434,21.90777587890625,0.005887824576348066,101.46695078131529,4.783755860782889,6.07804145869282,53.72712459262973,20.25963014141184,50.28800033425253
mango20_top_r_ver.jpg,0.08427700864829324,0.10059110520234717,0.08703616261482239,0.8983175737608566,0.000377889160741718,0.013883050694543233,1.193577071798268,0.8652471054944877,1.0327391065580378,0.5121486213195507,0.001586979255080223,0.005644380114972591,163.0,195.0,0.2757056951522827,120.39292730844794,135.8566651339715,23642.5,624.0315245389938,0.762939678979568,0.9798172361632027,188.72674560546875,157.78530883789062,0.8360516594067654,172.0928955078125,0.036138683557510376,0.01204371452331543,0.2708819508552551,0.28292566537857056,2.425434112548828,8.482197761535645,0.005521341226994991,101.30890774568407,4.9597404512571055,6.0096325886059825,53.25239309451156,20.088399349504428,50.44768632696568
mango21_bac_u.jpg,0.05458356017265267,0.0738144178404962,0.07094207406044006,0.8924031901135897,0.0001393470617625337,0.007313863242976207,1.3523195923280673,0.9610869547699623,1.299696718866339,0.48751824858296083,0.0013110031140968204,0.005225767847150564,163.0,223.0,0.1638982594013214,111.54407316465606,148.2595637165937,27798.5,673.0020877122879,0.7712557293625638,0.9881100486972595,225.1210479736328,158.91360473632812,0.7059029183043818,0.46441903710365295,0.02562466263771057,0.008011862635612488,0.1613333523273468,0.1693452149629593,2.6187572479248047,9.960373878479004,0.005560404621064663,110.3067862353653,5.991692840606365,5.409170686278741,45.98879043450411,6.332150840371478,105.75559588626739
mango21_bac_u_hor.jpg,0.05416305783084974,0.07496944403173195,0.06577803194522858,0.8590237212017265,0.00013762344954519192,0.007128393312659866,1.3841434925232652,0.8773978891638443,1.2144445786397842,0.5152572351786401,0.0011923988349735737,0.004390845075249672,161.0,223.0,0.16907967627048492,111.66594544745149,148.11963962685772,27888.5,674.5168060064316,0.7702815052323744,0.9886559015899463,225.46217346191406,160.0583038330078,0.7099120059713496,178.84432983398438,0.02664676308631897,0.008823037147521973,0.16630396246910095,0.17512699961662292,2.24519944190979,6.699497222900391,0.0047356984578073025,110.52211541872096,6.001690117200789,5.525951696005205,46.021707516050085,6.596461839506316,104.74319866633562
mango21_bac_u_ver.jpg,0.0721502338908525,0.09993484627158924,0.0711020976305008,0.8008701120622846,0.00023299422207259473,0.010206561711258805,1.385093864321615,0.7114845350066307,0.9854728639974015,0.4544729568793135,0.001226915861479938,0.004739501979202032,165.0,229.0,0.24091064929962158,111.6553434168113,148.23927597322094,27919.0,694.9015823602676,0.7265460090393367,0.9787383218523777,222.8230438232422,160.31198120117188,0.7194587168836174,178.3182830810547,0.034755006432533264,0.014602720737457275,0.23469248414039612,0.2492952048778534,1.4296358823776245,2.8043556213378906,0.0061051431111991405,110.94265169494527,6.11452601679815,5.497374730653072,45.88696822641777,6.528060633143576,105.06521200099182
mango21_bot_u.jpg,0.0568999181090522,0.06726754761730451,0.05305449664592743,0.8737909655609424,0.00010770711390929854,0.005985733060400698,1.18220816220477,0.7887086496413199,0.9324178032074707,0.5304017570720739,0.0010767178609967232,0.003176216036081314,149.0,176.0,0.2146078199148178,116.53231342551732,140.41164067863096,20137.5,568.5756825208664,0.7827784387622622,0.9822212467076383,173.0995330810547,147.2637481689453,0.8507460739364812,3.0498952865600586,0.03054147958755493,0.009997367858886719,0.2102084904909134,0.2202058583498001,1.8457227945327759,4.0619635581970215,0.002972614485770464,85.0092183975679,5.724559358552607,3.391181449894753,48.91669118368147,11.929563181661772,84.29734235559478
mango21_bot_u_hor.jpg,0.05774859688189925,0.06830158590343949,0.04653960466384888,0.8320846626676368,9.863399446487136e-05,0.005698095009514029,1.1827401805644213,0.6813839539486486,0.8059001807269239,0.537318393119149,0.0010177023941650987,0.002683524740859866,149.0,176.0,0.2252265214920044,116.5638308311255,140.41556275144737,20128.0,565.6467497348785,0.7905328034522756,0.9843746179239515,172.35324096679688,147.2498779296875,0.8543493415250286,176.34642028808594,0.027686357498168945,0.009814634919166565,0.2212192714214325,0.23103390634059906,1.4910551309585571,2.3994951248168945,0.0027041255962103605,85.07452654302816,5.59859336564681,3.3585070193817708,48.858257285840445,11.694546300448303,84.23138062996762
mango21_bot_u_ver.jpg,0.07023676090184608,0.08469013548997906,0.0547521710395813,0.8123940265628788,0.0001541340769615575,0.007914968516465223,1.2057807678279922,0.6464999816426062,0.7795372442658046,0.4732602389797457,0.0010525865945965052,0.0029369345866143703,149.0,180.0,0.2791305184364319,116.35119810669559,140.4175130657726,20002.5,603.5462436676025,0.6900380519888765,0.9767561100666553,173.93875122070312,145.78793334960938,0.8381567208368972,179.69647216796875,0.03906551003456116,0.015998780727386475,0.27253657579421997,0.28853535652160645,1.0219470262527466,0.8168632984161377,0.0033038172405213118,86.57627452913914,5.317052661329685,3.446139162691791,49.56947046642343,11.704878127546328,83.50976235085297
mango21_fro_u.jpg,0.05810236399515137,0.08518299247123726,0.08255110681056976,0.871104597640061,0.00018500829512245177,0.008977901878524274,1.466084796108223,0.9691031556380674,1.4207874023414717,0.4528158343173562,0.0014885440468788147,0.0058827088214457035,167.0,246.0,0.16214442253112793,113.0160340523587,145.79504576585802,30926.5,715.2863576412201,0.759592648716771,0.9892522990803678,244.47373962402344,162.43321228027344,0.6644198781025714,2.539651870727539,0.025514870882034302,0.00962124764919281,0.15900400280952454,0.16862525045871735,2.8517637252807617,12.158575057983398,0.006015361752361059,109.55840747615694,5.364989019540636,4.627967659085509,47.34823657428151,7.175745375910809,90.46604365358766
mango21_fro_u_hor.jpg,0.05717541411820864,0.08369936154619231,0.07744581997394562,0.8581983401716161,0.00017076277415844566,0.008401437923189549,1.4639047716059586,0.9252856717575382,1.3545301099844849,0.46074831453133297,0.0013925408711656928,0.005052939988672733,166.0,245.0,0.1646483689546585,113.05966755276559,145.7221279185216,30904.5,712.457930803299,0.7650910738126309,0.9896882455606616,243.70147705078125,162.2834930419922,0.6659109949020802,176.8801727294922,0.03719276189804077,0.01292276382446289,0.16114374995231628,0.17406651377677917,1.804024338722229,3.722318172454834,0.005094853695482016,109.70150209781251,5.291090538948398,4.751504200430325,47.403452583031736,7.164393240206866,89.85446625884765
mango21_fro_u_ver.jpg,0.07945202462975282,0.11547021756454902,0.10093796253204346,0.8441245116739547,0.0004226471325669669,0.015419887391168756,1.453332600429521,0.8741471581242853,1.2704265624748434,0.45640294711792473,0.0016932133585214615,0.006653051357716322,168.0,245.0,0.23404532670974731,113.01849354652283,145.7679637834714,30823.5,719.629504442215,0.7479522852648648,0.9872207542637521,243.1870880126953,162.81192016601562,0.6694924533062224,176.82106018066406,0.04299619793891907,0.016422882676124573,0.2271602302789688,0.24358311295509338,2.0587821006774902,6.701206207275391,0.007472738157957792,110.37253579913954,5.22275075035011,4.636224361097628,47.336351377383934,6.872401134497979,89.7484749245489
mango21_sia_u.jpg,0.0479093613081098,0.05424910843954915,0.01865275204181671,0.6721394134429203,1.9639669187228172e-05,0.0023968132372727408,1.1323279408938018,0.34383518141319946,0.38933418297645495,0.40511494491063393,0.00023365450033452362,0.0002666920190677047,225.0,255.0,0.13308219611644745,119.46194728400086,145.1853199588231,41388.0,855.4701225757599,0.7106808477911062,0.9752235535291415,265.8814392089844,197.20664978027344,0.7417089751243141,151.17214965820312,0.01610170304775238,0.007863447070121765,0.12928679585456848,0.13715024292469025,0.3902624845504761,-0.866701602935791,0.00019096590403933078,89.98814967321826,4.575751180716127,10.343380818560659,36.19465657992387,5.2033146579712986,102.2890282732039
mango21_sia_u_ver.jpg,0.10779667031537571,0.11317643139106004,0.041377097368240356,0.7035329761851873,0.00020157783352112697,0.011237005207450527,1.0499065607494649,0.3655981802895827,0.38384392808409856,0.39932031928277145,0.00048520712880417705,0.0005715221632272005,230.0,244.0,0.2928610146045685,119.41572924982461,145.38723177782617,40952.5,846.9432119131088,0.7174335792798323,0.9797834798731981,265.19903564453125,196.71221923828125,0.7417531468777712,36.21002197265625,0.0361441969871521,0.01583266258239746,0.2850324809551239,0.30086514353752136,0.4425372779369354,-0.7097337245941162,0.00045927261817269027,92.92454701599051,4.412699677856476,10.25598594097895,36.57287659965648,6.200387107404943,99.5563054890292
mango21_sib_u.jpg,0.04626840161746591,0.053829319855822066,0.01707172393798828,0.6483975477701789,1.8214312519902598e-05,0.0023156303503934876,1.1634142951569344,0.3171454512840522,0.36897155166786344,0.42838279046751726,0.00024014245718717575,0.0003315639041829854,210.0,244.0,0.13914084434509277,119.00984334203655,143.94015665796346,37958.5,781.6538889408112,0.78071032004265,0.9822357355414671,250.72354125976562,194.19869995117188,0.774553115257612,26.056249618530273,0.013840273022651672,0.006454721093177795,0.13609445095062256,0.14254917204380035,0.3557317554950714,-0.7474327087402344,0.00025773150264285505,87.99984334203656,4.355337318835003,8.011849642954294,38.18073107049609,4.751470789277609,99.36736292428199
mango21_sib_u_ver.jpg,0.061031775764008485,0.06726082402105552,0.024420127272605896,0.690652922761372,4.1462461992686264e-05,0.0039388134804559,1.1020623794584135,0.3630661328942588,0.40012152631821135,0.4136080411499762,0.000305188208585605,0.0003611509164329618,215.0,237.0,0.17860032618045807,119.03004122790892,144.08198314119903,37701.5,835.7716389894485,0.6782553592288277,0.9723397121782638,245.5205078125,195.2036895751953,0.7950606298202559,147.60191345214844,0.02203764021396637,0.010552719235420227,0.17328080534934998,0.1838335245847702,0.2812391519546509,-0.9523391723632812,0.00026754848659038544,91.45266668417321,4.216563519696385,7.916693640554593,38.2424306084399,5.045534320148449,96.80373414563694
mango21_top_u.jpg,0.07048392434987436,0.08542987650055903,0.07242974638938904,0.8876923855774241,0.00022261582199840552,0.009855340473842747,1.2120476731189742,0.847826888628536,1.0276066075699168,0.51043354546527,0.0011927043087780476,0.004196433816105127,177.0,215.0,0.20595265924930573,113.87978313001773,147.09286483856394,28441.5,713.4873691797256,0.7020851428735752,0.9799135213354235,210.77969360351562,171.50103759765625,0.813650663712682,5.809140205383301,0.026759281754493713,0.008632645010948181,0.20299901068210602,0.2116316556930542,3.2100844383239746,13.495048522949219,0.003635608358308673,112.1070100441386,6.061000772718738,7.4903704794963994,44.1815243457408,8.73558192847128,93.06092517290516
mango21_top_u_hor.jpg,0.0653093521497719,0.07991537493857583,0.06310603022575378,0.8641620390641599,0.00016646019902446951,0.008052785976367043,1.2236436637023804,0.7896606913783242,0.9662633014799272,0.5053983635298588,0.0010620264802128077,0.0035890310537070036,176.0,215.0,0.1987728476524353,113.97993509439229,147.09132149213107,28345.5,699.6295049190521,0.7277090122700876,0.9783587885063422,210.93438720703125,170.83755493164062,0.8099085084878278,175.432373046875,0.02397926151752472,0.008216559886932373,0.19498655200004578,0.20320311188697815,2.891303062438965,12.091294288635254,0.0030910323839634657,112.07254771957986,6.148184259239989,7.392216786945428,43.911190983005895,7.982579046895348,92.92961580067697
mango21_top_u_ver.jpg,0.07266914450049794,0.09044721420789406,0.05065390467643738,0.7662859487455149,0.00017772404425923805,0.0086682373987393,1.2446439933976972,0.5600383065420759,0.6970483143102131,0.5338116112393025,0.000986532773822546,0.003379731671884656,168.0,211.0,0.25281408429145813,113.56159330330223,147.3293725392828,27898.0,662.4163007736206,0.7989524113705848,0.9874873900500858,210.9920654296875,168.42100524902344,0.7982338336090143,174.8664093017578,0.027163520455360413,0.010870471596717834,0.24852333962917328,0.2593938112258911,1.3947161436080933,2.4436755180358887,0.00441948464140296,112.92299506969815,5.435423933377942,7.250789793783865,44.44567800517859,6.611190305820757,92.96758060511475
mango22_bac_u.jpg,0.05813241417305232,0.08489211568950175,0.061039939522743225,0.7896462545193289,0.000146590206226038,0.007538406100105013,1.4603232447355348,0.7190295474081555,1.0500155617318008,0.4866370209374617,0.0011536487145349383,0.0038913183379918337,160.0,237.0,0.19743017852306366,113.96762190977067,144.31082966620156,27646.0,685.0437175035477,0.7402963227384646,0.9816077261752592,230.41790771484375,157.03268432617188,0.6815124999768222,1.06547212600708,0.03301583230495453,0.012771457433700562,0.19265395402908325,0.2054254114627838,1.3305243253707886,1.7585859298706055,0.004246576223522425,89.62541590640764,5.3727292298961515,6.36881644415672,48.86576508890558,10.694013821597949,108.79732388823298
mango22_bac_u_hor.jpg,0.05657649252456677,0.0790340285458713,0.05548948049545288,0.7950714276094202,0.00011580450192546139,0.006423271721414353,1.3969411149260087,0.7020960656617272,0.9807868607506575,0.46672884791263847,0.0009914484107866883,0.003324519842863083,168.0,237.0,0.18118037283420563,114.14372948360453,144.1049027566976,28016.5,703.6295042037964,0.711108156358315,0.9778883071553228,228.07200622558594,159.9140625,0.7011560302662881,178.2933349609375,0.027873843908309937,0.009079694747924805,0.1777675747871399,0.1868472695350647,1.7530906200408936,3.862074375152588,0.0033576330170035362,90.38329038862024,5.4777756786888565,6.452926530649807,48.98333980445449,11.216305907441223,107.28283505700469
mango22_bac_u_ver.jpg,0.06683632131320263,0.09635110524778258,0.05612786114215851,0.7393088014487227,0.00017627474507100066,0.008718630599652366,1.4415979718014444,0.5825346891228342,0.8397808263434628,0.48768832990634964,0.0011286279186606407,0.003912762273102999,162.0,235.0,0.23526665568351746,113.96119690431185,144.21266806947466,27736.5,687.9137746095657,0.7365352051070541,0.9772567120005637,231.9263153076172,157.10269165039062,0.6773819152087864,177.9498748779297,0.03129877150058746,0.014316931366920471,0.22971473634243011,0.24403166770935059,1.156585693359375,1.498450756072998,0.005054468289017677,90.84931702271835,5.256873148335294,6.374961890297058,49.04137094760869,10.571193598088243,107.36131816398587
mango22_bot_u.jpg,0.057738092107223665,0.0716398436763884,0.06539565324783325,0.9027496958495617,0.00013889029932557306,0.007209914713334866,1.2407726175528664,0.9128391393934161,1.1326258083898748,0.5134592392243414,0.0013001837069168687,0.004726769402623177,164.0,203.0,0.183231383562088,117.19940430731633,141.39682297235376,25906.5,633.4873683452606,0.8112275442633983,0.9889675707659713,199.73345947265625,165.53701782226562,0.8287896192221507,6.494473934173584,0.02896350622177124,0.008899390697479248,0.1795760542154312,0.18847544491291046,2.1943867206573486,6.490485191345215,0.005024620331823826,84.68386283794104,6.274482248756836,7.041445459913349,45.24179013288529,8.658108627218136,84.5078280128303
mango22_bot_u_hor.jpg,0.05370494909584522,0.06661816788341603,0.06020747125148773,0.8998285648842438,0.00010855815726003858,0.0060595181240258675,1.2404474635014562,0.9037695446211126,1.1210786392151253,0.503970460675825,0.0011682853801175952,0.00407775491476059,165.0,203.0,0.1702386736869812,117.26396074254413,141.20279214850882,26008.0,632.5584359169006,0.8167996004327113,0.9890477639184667,199.95095825195312,165.8376007080078,0.8293913775548906,172.70578002929688,0.027458861470222473,0.008491218090057373,0.1677083969116211,0.17619961500167847,2.072094202041626,5.404020309448242,0.0041763074696063995,85.23546865489958,6.251601670631762,7.245971646862311,45.573113207547166,9.097399930730825,82.3967209373098
mango22_bot_u_ver.jpg,0.07429741212446286,0.091649986561379,0.054836153984069824,0.7857033792431722,0.0001974766653271803,0.009233704286447798,1.2335555699819953,0.5983214623533573,0.7380627725257566,0.5288624164705364,0.0011311217676848173,0.0034900428727269173,165.0,204.0,0.2610383629798889,117.25744388456253,141.289204458696,25915.5,634.801077246666,0.8081540359960953,0.9867872441694431,199.93516540527344,165.7942352294922,0.8292399933419579,172.02133178710938,0.02919667959213257,0.01322147250175476,0.2558363676071167,0.26905784010887146,1.4140552282333374,2.614175319671631,0.004103895276784897,85.37417926400977,6.318322692829919,7.180936516401793,45.37807298824248,8.490007341420224,82.5352343869293
mango22_fro_u.jpg,0.06592226676639384,0.09090544636617053,0.08127984404563904,0.8655225664803633,0.00021575073768741816,0.009773950267316872,1.3789793771550454,0.8941141295125574,1.232964945420752,0.44294253994241406,0.00148002861533314,0.004892753437161446,153.0,213.0,0.2212432324886322,116.83316146773224,141.8872991320787,22984.5,641.203098654747,0.7025119234991882,0.9784802043422733,204.96263122558594,145.69781494140625,0.7108506271128435,1.034485101699829,0.035410553216934204,0.011509180068969727,0.21706010401248932,0.22856928408145905,2.245151996612549,7.20566463470459,0.004699414595961571,78.68802096760334,5.829821304863855,5.771996925681194,44.93378877717625,8.350492693025778,97.57278508206582
mango22_fro_u_hor.jpg,0.05904295557633471,0.08357994024147417,0.07244902849197388,0.8491782217878419,0.00017131955330520812,0.008388119064834705,1.4155785296590784,0.8668231669304677,1.2270562641178573,0.4791861108624483,0.0014135902747511864,0.004738499876111746,150.0,213.0,0.20199818909168243,116.82291353786741,141.8468998069084,23015.5,638.7178163528442,0.7089444666408301,0.97932046890624,205.15406799316406,144.9676971435547,0.7066284308258765,179.0973358154297,0.03438545763492584,0.011106416583061218,0.1985286921262741,0.20963510870933533,1.9684059619903564,4.714733123779297,0.004630845505744219,79.0609740399056,5.7586224043751635,5.785776411994903,45.068654795108344,8.631993577548684,97.69289851963099
mango22_fro_u_ver.jpg,0.06831103371692276,0.09487066189817701,0.05340617895126343,0.740070058901329,0.00016562946497987934,0.008324632383062814,1.388804366382683,0.5629367170283193,0.7818089706060627,0.47854557461033387,0.0010617838706821203,0.003321470459923148,151.0,210.0,0.264080673456192,116.70607710738402,142.04338923981703,22679.0,623.0437183380127,0.7341701477428504,0.9822851697851698,199.8577117919922,145.6626739501953,0.728831890669288,178.37228393554688,0.028691589832305908,0.011657088994979858,0.2593308687210083,0.27098795771598816,1.5227978229522705,3.1167221069335938,0.003922595176845789,78.94733173600522,5.712268462582008,5.566151493146658,44.79812676976694,7.298342517635835,98.09444565454149
mango22_sia_u.jpg,0.043981427873396615,0.053879055617885155,0.020035073161125183,0.6720580217275525,2.031218092445496e-05,0.002289284563025977,1.2250410735408477,0.37185271589048674,0.4555348502735618,0.42783501356645703,0.00026644475292414427,0.00038623480941168964,201.0,247.0,0.1348743587732315,119.72799598023616,142.78268151746084,35459.5,799.9726505279541,0.6962932616937507,0.9743762365355023,237.54910278320312,191.97509765625,0.8081491169910004,176.12237548828125,0.016623273491859436,0.007134974002838135,0.13163241744041443,0.13876739144325256,0.6650922298431396,-0.3625450134277344,0.00027782711549662054,72.91522206403707,4.779192146873382,6.969158082638171,37.82195795996985,9.289802690002027,122.41093710744494
mango22_sia_u_ver.jpg,0.0693215021281887,0.08325221574568294,0.027811557054519653,0.6527805746236458,5.9228279410400825e-05,0.005267195941435926,1.2009580460581146,0.33406386611351935,0.4011966879063118,0.3690116239206195,0.0003466175985522568,0.000416522438172251,200.0,240.0,0.22208832204341888,119.68830728357028,142.64023063226026,35030.0,794.6416966915131,0.6971196135335972,0.9733124018838305,238.4282989501953,191.781005859375,0.804355048053401,5.246523380279541,0.02447447180747986,0.011885806918144226,0.21557092666625977,0.227456733584404,-0.01396472379565239,-1.0358796119689941,0.0003264118859078735,73.94013736186089,4.70199717001444,6.988322366145931,38.35431446256465,10.153682310426838,119.63438003448178
mango22_sib_u.jpg,0.05482104841621485,0.06482024346770007,0.02274136245250702,0.6669820819417326,3.662557668621202e-05,0.0034831791867780777,1.1823970051716064,0.3508373501225592,0.41482903208725624,0.45322097080922896,0.0003304581332486123,0.0005395680200308561,203.0,242.0,0.16816186904907227,120.29677367273901,142.99332669590723,36822.5,767.227482676506,0.7860946353266572,0.9803125499174697,238.283447265625,198.89231872558594,0.8346879357669857,8.327108383178711,0.017873629927635193,0.008468583226203918,0.16449718177318573,0.17296576499938965,0.5319365859031677,-0.5823478698730469,0.0003935823333449662,71.44189112827274,4.52978519173413,8.394800993366674,36.56733848182332,6.953821169929889,116.06493017248339
mango22_sib_u_ver.jpg,0.09498472667237357,0.1048918780127169,0.035160601139068604,0.6720611367006699,0.00014022795592133486,0.009353988854688525,1.1043025725021627,0.3352080428458512,0.3701711040380886,0.4002973115374206,0.00042765249963849783,0.0005833993200212717,210.0,232.0,0.28735920786857605,120.40221111533656,142.80977345575053,36455.5,792.4579311609268,0.7294919276946387,0.9751762141051533,236.55064392089844,201.28050231933594,0.8508981374265179,170.66726684570312,0.03140425682067871,0.015774309635162354,0.2799154222011566,0.29568973183631897,0.22530418634414673,-1.055269479751587,0.00039267601096071303,73.40720921388602,4.531142307585774,8.500519836702736,36.57065246916934,6.825029062336328,113.04346172651708
mango22_top_u.jpg,0.0652569585211761,0.07812461916232694,0.07886986434459686,0.9358311953037189,0.00021022350693492277,0.009503814311434627,1.197184498523253,1.0095391848339312,1.2086046627349836,0.5228239105019618,0.0014613852836191654,0.004943000618368387,162.0,194.0,0.20161274075508118,116.00205025125628,141.41973869346734,24594.0,623.7888842821121,0.794261972001498,0.9886439008702993,190.46241760253906,163.80409240722656,0.8600336720972237,3.3024637699127197,0.025222525000572205,0.007930159568786621,0.19948366284370422,0.20741382241249084,3.285065174102783,14.540214538574219,0.004497411195188761,87.05712562814071,5.122965910102055,6.5352373305714595,49.45905527638191,11.85548330240602,90.44245226130653
mango22_top_u_hor.jpg,0.05846286034172035,0.0690062417816748,0.0644707977771759,0.9250292188992053,0.00013628606673555282,0.007077879606430042,1.1803432363440225,0.9342748730057152,1.1027650272384664,0.523986355595653,0.0012137711746618152,0.003985651768743992,163.0,193.0,0.18601858615875244,116.12915232530217,141.31649723845354,24702.5,627.5462452173233,0.7882415089375822,0.9810754994241233,189.62826538085938,164.92510986328125,0.8697285161156592,175.802490234375,0.02683684229850769,0.0074623823165893555,0.18397793173789978,0.19144031405448914,2.6505470275878906,8.898330688476562,0.004080086946487427,87.17417753942208,5.234951352077574,6.554914725721977,49.47962859201153,12.57188428644887,90.17918034099095
mango22_top_u_ver.jpg,0.06849657344090956,0.08349346643593644,0.06682515144348145,0.8691630818935931,0.00019459163384827338,0.008965309174963371,1.218943696621034,0.8003638403821166,0.9755984582371844,0.509170078510465,0.001256036339327693,0.003888471517711878,162.0,198.0,0.23060712218284607,115.94935227410308,141.45675773840753,24498.0,627.9310199022293,0.780758316050994,0.9856565209519403,191.55389404296875,162.4954376220703,0.8483014058989574,178.14588928222656,0.02570246160030365,0.008936107158660889,0.2275964319705963,0.2365325391292572,2.6011369228363037,9.808135986328125,0.0036900381091982126,87.77743250332944,4.950187470300643,6.4807918106591895,49.66205254449332,11.601192877360262,90.04540134791557
mango23_bac_u.jpg,0.05626192834496751,0.07386946207543224,0.059064850211143494,0.8476266753210804,0.0001266666490779652,0.006815834852812887,1.312956456495855,0.79958413871796,1.0498191574414228,0.5160046614310193,0.0011190492659807205,0.003974444232881069,161.0,212.0,0.18608328700065613,117.2109218807849,147.84883376527213,26713.5,655.2030982971191,0.7819676238163229,0.9871221639198877,224.2615203857422,157.69277954101562,0.7031646769796948,175.79185485839844,0.03325030207633972,0.010965168476104736,0.18238189816474915,0.19334706664085388,1.6460368633270264,2.6298675537109375,0.0045053292997181416,82.54905590522029,5.511354030755073,9.542697726853463,38.12221399481673,6.760337899504715,125.51151425398001
mango23_bac_u_hor.jpg,0.060514372686170714,0.08267183093686627,0.06308488547801971,0.8235492590934709,0.00016136129304642028,0.007995654660744481,1.3661519944295675,0.7630759445281373,1.042477723518341,0.5112789995305675,0.0012460658326745033,0.004169204272329807,159.0,219.0,0.20308677852153778,117.31866067481951,147.84989686164727,26853.5,657.8305138349533,0.7797991062608518,0.9835366076987877,218.54986572265625,159.72113037109375,0.7308223678974151,5.074284553527832,0.04293733835220337,0.013340577483177185,0.19984272122383118,0.21318329870700836,1.5883830785751343,1.7856712341308594,0.004441364202648401,82.8932149697952,5.500037727418377,9.49624271334786,37.95896566966259,6.71620591010096,125.06081479298659
mango23_bac_u_ver.jpg,0.060603199846905695,0.0840609858546878,0.06879140436649323,0.8387134179146836,0.0001620165550135657,0.007937875843144405,1.3870717398922925,0.8183511490741928,1.1351117521891974,0.46231201805645,0.001066599041223526,0.004384275060147047,161.0,223.0,0.19552399218082428,117.26363468293584,147.9290072102052,26724.5,694.9188275337219,0.6954265963357875,0.9763622746287196,219.81988525390625,157.7093048095703,0.7174478533978208,3.793440103530884,0.029206126928329468,0.01157870888710022,0.191603884100914,0.20318259298801422,1.8706611394882202,5.200044631958008,0.004676703829318285,83.157811055648,5.3966440710025845,9.438335924259912,37.88914771676835,6.277903994756764,125.22747273063413
mango23_bot_u.jpg,0.05496005908012727,0.062425983512578456,0.07317081093788147,0.8621422910082788,0.00013027910597094737,0.006940255885186032,1.135842729382195,1.1721210755636393,1.3313452016345981,0.518948567066738,0.0015447924379259348,0.005557564087212086,142.0,167.0,0.1981630176305771,120.20388507115416,142.77322655700448,18237.5,540.0904000997543,0.7856737677392772,0.9816190322407019,168.93548583984375,137.59280395507812,0.8144695193614947,0.1314144730567932,0.030224472284317017,0.008068636059761047,0.19588130712509155,0.2039499431848526,2.650825262069702,9.280287742614746,0.005461982451379299,65.14225420702343,4.704766546690129,7.9283170174987845,36.974406146853525,8.036255483909502,125.37292354309832
mango23_bot_u_hor.jpg,0.058052519110860096,0.0671628828840861,0.08010125160217285,0.8470140190200449,0.00016033439289780233,0.007972893148789427,1.156933134216422,1.1926416520925196,1.3798066445524502,0.5133776883095765,0.0016743167070671916,0.0059578074142336845,142.0,167.0,0.20516224205493927,120.24685084067687,142.69162566902742,18251.5,543.2619726657867,0.7771230922114727,0.9815009007555592,168.69049072265625,137.67245483398438,0.8161245737338652,0.3931252658367157,0.03132905066013336,0.00601726770401001,0.20362888276576996,0.20964615046977997,3.150697708129883,12.08604621887207,0.00584223959594965,65.49499918905768,4.55106174455242,7.976180387699852,37.0568200248689,8.398097810023485,124.48051035303023
mango23_bot_u_ver.jpg,0.06224856178047687,0.07383739672253786,0.05772624909877777,0.8702618975511993,0.000138033873608657,0.007166067320108866,1.1861703244314252,0.7818023340624849,0.9273507282361431,0.5202434707994976,0.0012764378916472197,0.00464551942422986,141.0,167.0,0.25327688455581665,120.17346434648954,142.8737991985508,17967.0,549.362478852272,0.7481134172127609,0.9780886796047796,166.59780883789062,136.67550659179688,0.820391982014542,177.8695831298828,0.029511287808418274,0.010586485266685486,0.2484305053949356,0.2590169906616211,1.8379727602005005,4.576401710510254,0.005968307610601187,65.08190152055772,4.543543349671103,7.887113404168891,36.83482461437119,6.979443413325244,125.01597409013559
mango23_fro_u.jpg,0.0537257087278762,0.08136695044688105,0.0628659576177597,0.7990375762342742,0.00014265950660303554,0.007377720459804698,1.5144881728598376,0.7726227574277914,1.1701280282067452,0.5191047341938217,0.0012309146113693714,0.0047860280610620975,149.0,226.0,0.18987607955932617,120.65723067582438,144.5084810078549,26058.5,654.5168067216873,0.7643947070456233,0.9884309746429722,225.35720825195312,147.02398681640625,0.6524041895834589,0.9356268644332886,0.023957207798957825,0.0068980008363723755,0.18769671022891998,0.19459471106529236,2.651534080505371,9.523144721984863,0.005637314170598984,70.70443592759838,3.338370624502961,6.959440786076038,35.21098167191591,6.39204429386854,122.21948165294273
mango23_fro_u_hor.jpg,0.05766875985737853,0.0875849709321854,0.06922411918640137,0.8043522668548436,0.0001778140218469816,0.008641783889502956,1.5187593967477901,0.7903652698589085,1.2003746804613202,0.5085555101912667,0.001382304821163416,0.005014481488615274,150.0,227.0,0.20156565308570862,120.66604886905212,144.4135335501929,26145.5,653.8305158615112,0.768557638048502,0.9875169965251549,224.8673858642578,147.53900146484375,0.6561156074180821,179.28561401367188,0.029862180352211,0.009335622191429138,0.19883717596530914,0.20817279815673828,2.1235523223876953,5.913387298583984,0.0053649647161364555,70.96610938800212,3.3410575137170637,7.015479619860951,35.337733565322644,6.894560461205641,121.43490430441032
mango23_fro_u_ver.jpg,0.06709231021610061,0.10134868983581163,0.050956398248672485,0.6930188762650746,0.00016822610855607908,0.008592283107302258,1.5105857811330854,0.5027829992792566,0.7594968497066914,0.48551627277532905,0.0009885963518172503,0.003272915491834283,151.0,228.0,0.26311585307121277,120.60875717017208,144.59055449330785,25854.5,659.0020890235901,0.7481219975468231,0.9841272862227128,225.0519256591797,145.99932861328125,0.648736189151226,179.16539001464844,0.035261839628219604,0.015682578086853027,0.256529837846756,0.272212415933609,0.9298655390739441,0.33892035484313965,0.00421904306858778,70.91372848948374,3.2212736611947603,6.852767558490629,35.048948374761,4.969795368714396,121.81521988527724
mango23_sia_u.jpg,0.04092301283728329,0.05057574058099844,0.01451161503791809,0.6146099908664324,1.3247137106852949e-05,0.0018829622800006014,1.2358752954504106,0.2869283745766874,0.35460768970306966,0.44105873906494564,0.00020258178119547665,0.00021682890655938536,199.0,246.0,0.13017655909061432,122.14178226490465,150.11907302525375,36200.5,775.7716394662857,0.7558865812717631,0.9847930466954121,243.07395935058594,186.69830322265625,0.7680720045925652,160.06210327148438,0.012149333953857422,0.005587667226791382,0.1275709718465805,0.1331586390733719,0.5051395893096924,-0.6577341556549072,0.00016376715211663395,93.58986565979917,2.7053910987336027,6.123188836070494,29.371692795972532,5.309258726433634,123.44868532654792
mango23_sia_u_ver.jpg,0.0637313672808603,0.07431515811859607,0.022463321685791016,0.63761344566051,3.9671485533601985e-05,0.004160615966360875,1.1660687866791501,0.3022710609044639,0.3524688492370877,0.37288408252870064,0.0002635484852362424,0.00022812691167928278,205.0,241.0,0.19876274466514587,122.16273966590778,150.07954576624516,36089.5,805.4873683452606,0.6989936989137205,0.9739572791428841,241.51486206054688,187.84066772460938,0.777760284075265,26.080158233642578,0.019672036170959473,0.0088595449924469,0.19457484781742096,0.20343439280986786,0.21412107348442078,-0.8875339031219482,0.00019169176812283695,95.35641989192747,2.7849250021858,6.164821839675769,29.4675370984996,5.607445877873712,122.54480621005568
mango23_sib_u.jpg,0.040778969697482285,0.05132739980070309,0.013626143336296082,0.5952556935659076,1.286844228520329e-05,0.0019061026892178124,1.2586732862912933,0.26547503651469656,0.33414633663825416,0.45119836087768184,0.00021765254496131092,0.00029119011014699936,177.0,223.0,0.14765480160713196,119.64305949008498,151.98860110616485,29347.5,686.9432129859924,0.7815185686988119,0.9861059776217197,224.5191192626953,167.57044982910156,0.7463526953935634,13.631023406982422,0.010790467262268066,0.0049663931131362915,0.14522004127502441,0.1501864343881607,0.5334453582763672,-0.5016608238220215,0.00020604184828698635,85.61206663968704,3.937955259303606,9.339249176344921,32.153244300553084,4.6856234780652875,140.05793875623905
mango23_sib_u_ver.jpg,0.048780988430708744,0.06134853954065031,0.0272769033908844,0.707097119796178,3.3552228511594073e-05,0.0031502762142195644,1.2576321537189272,0.44462188660270197,0.5591707808387287,0.411028069252594,0.00037572463043034077,0.0005588581552729011,177.0,223.0,0.1697382926940918,119.57021276595745,152.0063829787234,29290.0,709.2447280883789,0.7317066517097013,0.9832818584664966,222.43133544921875,168.34767150878906,0.7568523165533166,165.2194061279297,0.023497387766838074,0.010905146598815918,0.16537591814994812,0.17628106474876404,0.47781074047088623,-0.7909367084503174,0.00034567288821563125,86.77646065518405,3.8581944690855705,9.268594759828428,32.33728470111449,4.762464893008853,139.5304964539007
mango23_top_u.jpg,0.05814784096340722,0.0724611263432651,0.09866279363632202,0.7564448768829104,0.0001997476023560976,0.009547970044728788,1.246153341942056,1.3615961911623284,1.6967576439925103,0.4804956853621762,0.0017146890750154853,0.00648464635014534,153.0,191.0,0.16698303818702698,118.58972117821868,150.14168341928152,22601.0,614.6761866807938,0.75170033299965,0.9830368405028055,187.13531494140625,153.3468017578125,0.8194434161495747,0.8730276226997375,0.024270743131637573,0.0064142197370529175,0.1641872376203537,0.17060145735740662,4.641892910003662,26.987802505493164,0.005084962118417025,105.93448999213355,5.732111838407347,8.590023805235226,34.20631937767678,9.64907138241145,109.98378638230923
mango23_top_u_hor.jpg,0.05716651325384738,0.07021751000799917,0.08840759098529816,0.8008220179920957,0.00017540912205780954,0.00862940569873102,1.228297931976347,1.2590533468820921,1.546492622223172,0.49428278976527906,0.0017038058722391725,0.006946445442736149,154.0,190.0,0.16941863298416138,118.6469457310146,150.01131696233506,22608.5,605.8893901109695,0.773917947521201,0.9838123626552947,186.65577697753906,153.82620239257812,0.8241170184145362,178.45538330078125,0.02030205726623535,0.0035550743341445923,0.16800805926322937,0.17156313359737396,4.969231605529785,29.31409454345703,0.0064483340829610825,105.9208249584899,5.655206128296062,8.695018188381436,34.419819977278685,10.254168267801374,109.46347111771388
mango23_top_u_ver.jpg,0.063466057760419,0.07801424462771112,0.07213345170021057,0.9094457696343867,0.00018579369303799463,0.008662771376224107,1.2292278326504973,0.9246189852178399,1.1365673912268275,0.520210151087714,0.001401888090185821,0.00557626923546195,154.0,189.0,0.2181512415409088,118.4764502394891,150.32215717580274,22267.0,610.4751763343811,0.7508195203069183,0.9835247349823322,186.26986694335938,152.1494140625,0.8168224767603733,177.9065704345703,0.024625971913337708,0.009312480688095093,0.21401162445545197,0.22332410514354706,2.942051649093628,12.964085578918457,0.007064864505082369,106.28357282242328,5.512603067450135,8.401607449117432,34.140278516941635,8.951199419173838,110.17637927975873
mango24_bac_r.jpg,0.06490979269954095,0.08939888487994194,0.07812459766864777,0.859299589290626,0.0002287060344209383,0.010124365512626538,1.3772788536509095,0.8738878317505308,1.20358723113285,0.5044841268107794,0.0013367986539378762,0.005038553383201361,166.0,229.0,0.19576206803321838,121.23810689799916,142.33905834615922,28267.0,703.7888845205307,0.7171413693102632,0.9755146411747451,223.63900756835938,162.97474670410156,0.7287402518734811,0.3128363788127899,0.024788305163383484,0.006448134779930115,0.19289380311965942,0.19934193789958954,3.7161293029785156,18.645160675048828,0.00416865199804306,70.26539107317755,4.575976647226921,9.099931246253213,36.61522317056107,10.949394282985281,113.94504687281376
mango24_bac_r_hor.jpg,0.0630803955468826,0.08599070693509678,0.07910732924938202,0.8771409036845634,0.00020819108857065224,0.009519685676320751,1.3631922594903003,0.9199520746944188,1.2540715473254742,0.4851761972777708,0.0013201313558965921,0.004774807021021843,166.0,228.0,0.18686112761497498,121.26375591793793,142.27631071365948,28193.5,703.5462440252304,0.7157701118876274,0.9753680095483559,224.42906188964844,162.1546173095703,0.7225205859894455,179.56240844726562,0.027896329760551453,0.010254994034767151,0.18272417783737183,0.19297917187213898,2.687877893447876,10.865083694458008,0.0037800176069140434,70.20459407329476,4.480492491518153,9.10477509947563,36.62374189023321,10.893481243605295,112.5766789409083
mango24_bac_r_ver.jpg,0.059343271704984615,0.08063903203461315,0.05264607071876526,0.7832173130071685,0.00013030814981977726,0.007007193007990989,1.3588572001135517,0.6528608961497416,0.887144729405662,0.5172360942151576,0.0009630568674765527,0.00351994251832366,163.0,223.0,0.20359444618225098,121.17812744192655,142.44522980748738,27845.0,680.6173115968704,0.7553549920673305,0.9850360832036225,221.29934692382812,161.67396545410156,0.73056684396701,178.13121032714844,0.030519694089889526,0.008846819400787354,0.1998659074306488,0.20871272683143616,1.7593090534210205,3.5706238746643066,0.004597689490765333,70.01093983092989,4.3970535692533534,9.039642677914621,36.23151239610713,9.718534785896287,113.3753640690488
mango24_bot_r.jpg,0.06653344512224421,0.07743103288419394,0.07213254272937775,0.9284967391471355,0.00018541191514986547,0.008623659809355744,1.163791124026829,0.9315714906871948,1.0841546322581992,0.498943459173192,0.0012736273929476738,0.0037919781170785427,170.0,198.0,0.20186658203601837,121.61001046795643,139.55716667312836,25499.5,648.3746716976166,0.7622359827662376,0.9857546002783362,194.30101013183594,166.5109100341797,0.8569739803267091,177.2388916015625,0.033138155937194824,0.010429441928863525,0.1984846591949463,0.20891410112380981,2.166175365447998,6.021415710449219,0.003387312637642026,62.86612646842166,3.7060093501845093,5.448717142843152,38.24394215484821,9.973098223206474,110.33904547745513
mango24_bot_r_hor.jpg,0.061391508715596614,0.07109611562321166,0.060261160135269165,0.9011934280356773,0.00013544294065525862,0.0069826301711152115,1.1580773483279714,0.8476013015202609,0.981587867703921,0.5149495774233688,0.0011173562379553914,0.003533738199621439,171.0,198.0,0.18989858031272888,121.67822818167726,139.46190513098745,25508.5,652.3746713399887,0.7531831629732652,0.9827971489115778,194.03433227539062,167.17198181152344,0.861558775970936,1.6490869522094727,0.028126835823059082,0.00924365222454071,0.1872943639755249,0.1965380162000656,2.1222100257873535,5.800607681274414,0.0033643494825810194,62.92582545341808,3.556480788045911,5.437050994202143,38.28495582080298,10.121655210244613,110.08409548907146
mango24_bot_r_ver.jpg,0.06273892004914965,0.0710062695350419,0.06755244731903076,0.943760024358318,0.00014601659591285298,0.00741707929136399,1.131773857111592,0.9513589118450074,1.0767231451563113,0.4852073786550294,0.0011493308702483773,0.00365700526162982,172.0,195.0,0.19290824234485626,121.61728346917288,139.54315017743633,25352.0,647.1025938987732,0.7608092932177299,0.9815133858572562,192.60726928710938,168.5885772705078,0.8752970637842429,1.8094208240509033,0.0338381826877594,0.012372612953186035,0.18726107478141785,0.19963368773460388,1.9021440744400024,5.201507568359375,0.0037017385475337505,63.211636703973795,3.4806556747931423,5.429726057600727,38.188082517646144,9.487165686157065,110.2691182778926
mango24_fro_r.jpg,0.07997147258137735,0.11055458752062036,0.107667937874794,0.8897936807134282,0.000455165156675124,0.016327726525905452,1.3824253068257841,0.973889372566399,1.3463293146844744,0.4781572576806297,0.001638331450521946,0.00626006256788969,172.0,238.0,0.21728870272636414,121.44329042946349,140.90216006116987,31048.0,740.9604575634003,0.7106461868720021,0.9807780392652378,242.31642150878906,166.0535888671875,0.6852758382335411,1.961295247077942,0.03174598515033722,0.00995396077632904,0.2135995626449585,0.22355352342128754,3.695844888687134,18.895313262939453,0.004702957812696695,69.40149101567478,3.9195021413377846,10.002670303515776,39.13912960367019,9.800851550995874,92.72887727794061
mango24_fro_r_hor.jpg,0.07766003646325009,0.10749078103487243,0.1013888269662857,0.8799981325198672,0.0004024718806885619,0.014936724190413624,1.384119631282155,0.9432327683375273,1.3055469915245848,0.4755285933756264,0.0015350350877270103,0.00552374916151166,172.0,239.0,0.2174549698829651,121.58563588794588,140.75317465381914,31008.5,730.0315256118774,0.7311515283724952,0.9814524679928469,241.09544372558594,166.05491638183594,0.6887517815178585,178.1947021484375,0.03567929565906525,0.01164749264717102,0.21268099546432495,0.22432848811149597,2.898099184036255,12.152047157287598,0.0045014070346951485,69.29985323208474,3.9341285610454513,10.055894075181227,39.098047348605704,9.994398438300578,91.44926935103057
mango24_fro_r_ver.jpg,0.07571638015625727,0.10487508814864377,0.077288419008255,0.8103137274322082,0.0003015839023866974,0.01214705586246205,1.3851043582935574,0.7369568919809723,1.020762202957319,0.4913959253774634,0.0011737728491425514,0.004115269053727388,173.0,238.0,0.23260118067264557,121.53895999743368,140.89019343662784,30836.0,734.9604576826096,0.7173646194532434,0.976641804044531,241.39173889160156,164.87388610839844,0.6830137885639743,178.17713928222656,0.03454813361167908,0.012637630105018616,0.22750985622406006,0.24014748632907867,2.197726249694824,7.197637557983398,0.0037550816778093576,69.4303403586437,3.9275588894192923,10.0278333534609,38.78811792256119,8.85205178127715,91.34363070605973
mango24_sia_r.jpg,0.05425234824011924,0.06304172791533603,0.02273489534854889,0.6770463917498342,3.499475586866604e-05,0.0033291684282807216,1.1620092025568232,0.3606324905795962,0.41905827279447766,0.45005268771508394,0.0003013869863934815,0.0005995105602778494,216.0,251.0,0.15434949100017548,122.94073569482289,142.22570390554043,39277.5,805.7127640247345,0.7603143963501487,0.9865743996784889,259.08184814453125,193.6551971435547,0.7474672522620045,154.24427795410156,0.017568781971931458,0.0074448734521865845,0.15131938457489014,0.15876425802707672,0.8487995266914368,0.0016474723815917969,0.0004519122012425214,72.51740841659098,3.783044898609188,8.304638536057938,33.461726713089114,17.187592467607857,111.33512463417095
mango24_sia_r_ver.jpg,0.06682631165733244,0.07701730158213338,0.02424241602420807,0.6488071067449,5.242621666225299e-05,0.004661317540418243,1.152499661765827,0.314765845156952,0.36276753007882184,0.4201814040338002,0.00034003405016846955,0.0004258545523043722,216.0,249.0,0.1943470537662506,122.86746497851676,142.24699361858998,38970.0,813.4701243638992,0.7400431697099461,0.9814761179181726,258.0329284667969,193.87022399902344,0.7513390835463476,27.65027618408203,0.020742908120155334,0.01039092242717743,0.1899208426475525,0.20031176507472992,0.49502620100975037,-0.8568122386932373,0.0002886309230234474,72.83054941143568,3.776260082588254,8.294198076656535,33.54391986372766,16.690141892985462,111.32748582615108
mango24_sib_r.jpg,0.04995907321256452,0.056972102232688,0.0198352187871933,0.6733522146526251,2.5112992985024043e-05,0.0027656423949466535,1.1403754827533454,0.3481566944147754,0.3970293584670585,0.44482056970343026,0.0002516824461054057,0.0003730257449205965,222.0,253.0,0.1397312879562378,123.09131475585097,145.2785925116787,42666.0,816.925967335701,0.803389943215662,0.9899993038958628,259.5316467285156,211.01268005371094,0.8130518289911742,17.47382926940918,0.016132444143295288,0.00711648166179657,0.1365603357553482,0.14367681741714478,0.5846430063247681,-0.4791688919067383,0.00024021463468670845,70.91393776001115,3.7093932155251803,9.838795847292305,29.589792455899783,8.219508427896336,130.06981662676924
mango24_sib_r_ver.jpg,0.06294992278157625,0.07224301651850154,0.02359737455844879,0.6577926979239732,4.153147015009023e-05,0.004141927146426645,1.1476267694429185,0.3266388323140614,0.37485946790319347,0.3870103192525291,0.00027385627618059516,0.0002652671537362039,222.0,255.0,0.17950648069381714,123.03855213750963,145.25172003638315,42506.5,830.5411921739578,0.7743599027955868,0.9861610560749832,260.9118957519531,209.67474365234375,0.8036227825031016,158.18923950195312,0.020762965083122253,0.009178385138511658,0.1749376356601715,0.18411602079868317,0.259465754032135,-0.8564112186431885,0.00017325537919532508,71.75105534435711,3.7403583893233523,9.83211000001711,29.805863283345385,8.711955807128883,128.4144879539147
mango24_top_r.jpg,0.07496314304010013,0.08772503925918185,0.08672372996807098,0.9453214905900522,0.000277230790274338,0.011278336595714934,1.1702422777584844,0.988585821111433,1.156884923057185,0.4861073144432441,0.001381848705932498,0.006028098054230213,191.0,223.0,0.18769919872283936,121.60805483107903,140.89452295748166,32643.5,729.8305149078369,0.770127347870876,0.9879096934297733,220.22494506835938,188.4253387451172,0.8556039765914285,1.6285920143127441,0.02045261859893799,0.0063183605670928955,0.18503715097904205,0.19135551154613495,4.250284194946289,26.59386444091797,0.005819953046739101,77.27194152969005,5.004251545492638,11.014502081628954,39.836841147570816,18.844723897462003,104.24528416328016
mango24_top_r_hor.jpg,0.07033065411960157,0.08143665500641487,0.07681532204151154,0.9339369389316415,0.00021981203965906336,0.009645660164844866,1.1579112412053905,0.9432524215964015,1.0922025822606796,0.4996191049925608,0.0012799669057130814,0.005529800895601511,191.0,221.0,0.18144375085830688,121.57797164667393,140.80213255785776,32690.0,717.3868644237518,0.7982114328157817,0.9899910661558728,219.77023315429688,188.95501708984375,0.8597843956291464,178.99407958984375,0.018745481967926025,0.0065907686948776245,0.17880867421627045,0.18539944291114807,3.886155128479004,23.320831298828125,0.005124183371663094,77.49672846237732,4.917039555389025,11.061721042321976,40.25136314067612,19.108337578832355,103.17154368108567
mango24_top_r_ver.jpg,0.07629832077387139,0.08598113716792735,0.07671742141246796,0.9251259627466183,0.00024358997795158137,0.01039526034801011,1.1269073328986274,0.8922587434803672,1.0054929208709413,0.48400210947053296,0.0013213333440944552,0.005441132001578808,197.0,221.0,0.19560569524765015,121.57475194626774,140.93271256296748,32427.0,729.3868639469147,0.7659505996956085,0.9836050655949041,218.20477294921875,189.51210021972656,0.8685057510810287,177.5819549560547,0.03388015925884247,0.00932002067565918,0.19206523895263672,0.2013852596282959,2.3976340293884277,7.461055755615234,0.006270985584706068,77.34394748893298,4.94119200307189,11.015249692914166,39.924072660662496,18.750381398416422,103.88945199206228
mango25_bac_u.jpg,0.0782317527557986,0.10967601491625276,0.13885293900966644,0.763475062916708,0.000534683998818165,0.018468291617558523,1.4019373343021957,1.2660283026848926,1.7748923438171917,0.4487943576933128,0.002347484463825822,0.009509253315627575,153.0,223.0,0.22411224246025085,113.9119672004332,154.7233696913437,25546.5,670.5756816864014,0.7139136282470214,0.9752247523429597,215.75155639648438,150.6293182373047,0.6981609808667835,0.3918009400367737,0.048066407442092896,0.014686346054077148,0.21948477625846863,0.23417112231254578,2.7970616817474365,11.051700592041016,0.008671814575791359,107.21787731105438,5.410007792751962,7.453928892249151,37.71849617080529,4.980348226649999,128.9241123230448
mango25_bac_u_hor.jpg,0.0660013409223525,0.09690649597763004,0.11207263171672821,0.7985501021885677,0.00032882984942110967,0.013392038320569108,1.4682504116338486,1.1565027770955534,1.6980356785262352,0.4587393702239811,0.0019700773991644382,0.007829854264855385,152.0,223.0,0.1969110369682312,114.01532329837868,154.7124946794103,25536.5,670.2325356006622,0.7143650925430389,0.9771744537557877,219.09539794921875,149.33396911621094,0.6815933630464621,179.95050048828125,0.04622793197631836,0.014884993433952332,0.19160079956054688,0.2064857929944992,2.2798643112182617,7.0689191818237305,0.007507036440074444,107.28115930812986,5.455684960950101,7.4156110479089365,37.60205858452966,4.889696008448408,128.72801145377858
mango25_bac_u_ver.jpg,0.06975576200829998,0.10010479478708595,0.0562862753868103,0.7317413765385989,0.00020374744817248176,0.00928553796504345,1.4350756397037832,0.5622735205294236,0.8069050321622607,0.5183877139595218,0.0010831677354872227,0.0037196550983935595,152.0,223.0,0.2657792568206787,113.87779596290234,154.81630426311278,25364.5,666.2325360774994,0.7180992838389589,0.9792298040729659,217.41610717773438,148.74075317382812,0.6841294102107844,179.66188049316406,0.027749836444854736,0.011396467685699463,0.2611151933670044,0.27251166105270386,1.428664207458496,2.5778093338012695,0.00461976695805788,107.1880211986595,5.210093021316123,7.314153802980079,37.694334034759564,4.3517785588995315,129.08806796040838
mango25_bot_u.jpg,0.05711318277527968,0.07105680744966919,0.08379131555557251,0.8330057743694698,0.0001770950885907913,0.008621887229611942,1.2441402141647888,1.1792158775909458,1.4671098944925187,0.5207933786684307,0.0017641159938648343,0.005483611486852169,137.0,172.0,0.2078978717327118,119.64035566222998,144.25005454942178,18082.0,546.3330409526825,0.7612746987088681,0.9842151099499238,168.0006561279297,136.36476135253906,0.8116918379693683,179.73695373535156,0.03383834660053253,0.009517297148704529,0.2046205997467041,0.21413789689540863,2.953881025314331,11.103856086730957,0.004449283238500357,82.87355444032293,4.786449120407958,5.54824195217219,36.49492690377482,7.467605975340989,103.42346716124808
mango25_bot_u_hor.jpg,0.05229778409713122,0.06474003672171638,0.07080478966236115,0.8773582921855689,0.0001250138215093796,0.006785778967242908,1.2379116599180668,1.0936785526816113,1.3538774325668823,0.5214818109022731,0.0015664418460801244,0.0050148251466453075,138.0,172.0,0.19286015629768372,119.80671994780623,144.12608057413146,18151.0,541.6467496156693,0.777460150673321,0.979996220608482,169.18980407714844,135.93435668945312,0.8034429582261869,1.0594027042388916,0.029592767357826233,0.006902217864990234,0.19072379171848297,0.1976260095834732,3.246509313583374,12.807292938232422,0.004597151651978493,82.87533300712228,4.826877764016302,5.638065182319765,36.456749850486595,8.297916948160951,103.20377317457728
mango25_bot_u_ver.jpg,0.059430787249438,0.07617979868018171,0.04551085829734802,0.7753223247984643,0.00011150331752823005,0.006332170856910954,1.2818238190324847,0.5974137381015124,0.7657791593157534,0.5411547305343863,0.0011667226208373904,0.003419284475967288,137.0,175.0,0.259570449590683,119.63498328125857,144.26048347311297,17968.0,596.8183219432831,0.6339066510333085,0.9683643222850984,169.04263305664062,135.28387451171875,0.8002944113298897,179.778076171875,0.027225792407989502,0.011182188987731934,0.2552393078804016,0.26642149686813354,1.3027127981185913,1.9928936958312988,0.0044641741551458836,83.09181603902867,4.549509923652134,5.486955536334152,36.60456065340131,7.362730170824033,103.36106999945184
mango25_fro_u.jpg,0.06372270999485964,0.09507807090113424,0.1085556298494339,0.8011059644898784,0.0003107323924027791,0.012919872684692711,1.4920594386020927,1.1417525494634209,1.7035626679748996,0.47245405263212287,0.0019710585474967957,0.006773211061954498,139.0,209.0,0.2098943442106247,118.56547565475655,144.169966699667,21924.0,620.6761872768402,0.7151538650072213,0.9845518232441172,208.15135192871094,135.24339294433594,0.6497358373663362,177.0731658935547,0.034920334815979004,0.01180616021156311,0.206320121884346,0.21812628209590912,3.460036516189575,16.20094108581543,0.005204460117965937,73.03150031500314,6.023781481838317,7.710181650188399,38.71343713437135,8.039310222296063,110.65979659796598
mango25_fro_u_hor.jpg,0.06528081700514635,0.09650234808575922,0.11229380965232849,0.7934823606209702,0.00034613326596760166,0.01397394439177406,1.4782650173963288,1.163638107049331,1.7201655065603103,0.4892874343956966,0.0022002989426255226,0.007675545755773783,140.0,210.0,0.2105206847190857,118.61906254197072,144.03903836683529,22055.0,622.4751762151718,0.7152746812748882,0.9803965149359887,207.29876708984375,136.99729919433594,0.660868856663103,3.2246475219726562,0.035093292593955994,0.010922551155090332,0.2076496034860611,0.21857215464115143,3.613436698913574,16.903438568115234,0.005810758098959923,73.59717061377982,5.907479357500755,7.811771269089554,39.017997045261225,8.776279973468782,110.28880333079644
mango25_fro_u_ver.jpg,0.06239588038572095,0.09431084486367677,0.07477830350399017,0.806496990958862,0.0002188542452823304,0.00970662769115719,1.5114915324643683,0.7928918844071405,1.1984493694411096,0.4973496481419511,0.0013285879977047443,0.004648181144148111,140.0,209.0,0.24219754338264465,118.55479328398629,144.20703195522657,21874.0,618.3330420255661,0.7189408529016156,0.9794693831859398,207.5382537841797,134.0126495361328,0.6457250511295782,2.8213248252868652,0.030341491103172302,0.010603830218315125,0.23726053535938263,0.24786436557769775,2.256319284439087,7.509404182434082,0.004519642796367407,73.26954323885178,5.915356806857053,7.627685864143543,38.642579888066436,7.269378327104347,110.67205271709695
mango25_sia_u.jpg,0.03971513255454996,0.045400678153398516,0.01401624083518982,0.6463795817319024,1.1209499546349738e-05,0.0016711666649390057,1.143158167508047,0.30872316020990137,0.35291940209284406,0.4435435990440377,0.0002141553704859689,0.0002920148544944823,181.0,207.0,0.13965186476707458,121.81072225822712,148.66313818679342,27493.5,681.2030980587006,0.7445376521524162,0.9762970064983488,209.17425537109375,166.7231903076172,0.7970540639039704,162.98167419433594,0.01210002601146698,0.004955172538757324,0.1374867707490921,0.14244194328784943,0.7032228112220764,-0.34594058990478516,0.00022149994038045406,81.95229351191762,3.933970966105679,8.985547072892452,29.98152948801037,6.593958462545889,125.92464175127817
mango25_sia_u_ver.jpg,0.054744729185253166,0.05947232250347066,0.01710781455039978,0.6421488108199817,1.8443711219133693e-05,0.0028013924179234265,1.0863570500498703,0.28766010524309704,0.31250158334892614,0.33112850572486685,0.0001999625819735229,0.00018246735271532089,183.0,200.0,0.1945122927427292,121.62320869405048,148.68675630871246,26817.0,707.8477598428726,0.672574398774483,0.9669184589590583,202.1077423095703,166.66839599609375,0.8246512186594327,26.361032485961914,0.014837414026260376,0.007581353187561035,0.19132865965366364,0.19891001284122467,0.21561303734779358,-1.0829827785491943,0.0001647669414523989,83.79837907533616,3.87998333935553,9.14166254381263,30.73505249585559,7.67017292385906,124.71644870141832
mango25_sib_u.jpg,0.04222311862111372,0.05032605696881906,0.01545935869216919,0.6363831282920377,1.443702387966316e-05,0.001997384703626861,1.191907623414,0.3071839842677815,0.366134932639455,0.4394839190651537,0.00022011024702806026,0.0002615594712551683,198.0,236.0,0.1350589096546173,120.7981396404061,147.02977709715842,34914.0,783.6711342334747,0.7144005349862692,0.9740949989537561,236.2267303466797,188.09164428710938,0.7962335338218134,17.818307876586914,0.012904629111289978,0.005706891417503357,0.13232043385505676,0.13802732527256012,0.45926767587661743,-0.6090188026428223,0.0001997609215322882,69.93273211956213,4.313494849727607,8.743761778057626,31.882054336112528,4.36553156031336,141.85244739379502
mango25_sib_u_ver.jpg,0.07762374638023098,0.08682114082233724,0.024910762906074524,0.6353946451746514,5.1844714421834964e-05,0.005428345409197143,1.1184868660815968,0.28692047432375495,0.32091678214102193,0.30881427735662464,0.0002595164405647665,0.0001972191093955189,207.0,237.0,0.24137455224990845,120.61014786894752,146.98338648883734,34134.5,788.1147848367691,0.6905966384754688,0.9672844229079883,231.7970733642578,187.9364776611328,0.8107802006878654,164.26609802246094,0.022088482975959778,0.011562973260879517,0.23556721210479736,0.24713018536567688,0.15380853414535522,-1.138325572013855,0.0001757757127052173,73.49985503044361,4.218207535366152,8.908187145298404,32.47152797912438,4.016350102951448,138.65706001739633
mango25_top_u.jpg,0.055614229619811856,0.06806017678306454,0.057683005928993225,0.8847404590975941,0.00011668585139802703,0.0063604555494642155,1.2237906961641878,0.8475294754648143,1.037198686798754,0.534430600423627,0.0011858976213261485,0.003893929533660412,149.0,183.0,0.20457693934440613,115.29848315652336,147.22357156151125,21235.0,574.9604588747025,0.8072093289794966,0.9893079270423257,181.53770446777344,148.6602783203125,0.8188947786695334,3.7466280460357666,0.02289937436580658,0.008421793580055237,0.2008787989616394,0.20930059254169464,2.3057548999786377,8.508255004882812,0.0034179366193711758,89.4250884049879,5.959328584501926,8.064187231274376,42.005025125628144,7.8294133998686535,110.38153731621068
mango25_top_u_hor.jpg,0.05225897641625261,0.06413038491455245,0.052632734179496765,0.8745065079376663,9.656688121683711e-05,0.005650495140103522,1.2271649640387488,0.8207144592945265,1.0071520299262486,0.5474538676256576,0.001043659052811563,0.003405511612072587,149.0,183.0,0.19318342208862305,115.43441709242917,147.13938690199723,21273.5,574.3746711015701,0.8103231596551221,0.9884996050369407,181.01931762695312,149.13893127441406,0.8238840651347579,177.26902770996094,0.01953369379043579,0.004834294319152832,0.19129040837287903,0.19612470269203186,3.0396320819854736,13.190019607543945,0.0030608256347477436,89.1328379006038,6.110896121976396,8.103867924172063,41.81955411054343,8.261000119727935,110.32884347422201
mango25_top_u_ver.jpg,0.052960509665966646,0.06363379610662914,0.0309581458568573,0.7398047997021264,5.3578931110981056e-05,0.004000044228026804,1.2015329253434535,0.48650477813678933,0.5845515092682643,0.5135457214084991,0.000636130862403661,0.0017189554637297988,151.0,183.0,0.21491169929504395,115.22033977848696,147.31354420874789,21057.0,571.2447274923325,0.8108900135143798,0.9871317066310386,180.23895263671875,147.7234344482422,0.8195977189569376,175.3514404296875,0.017928242683410645,0.007565036416053772,0.21199962496757507,0.21956466138362885,1.0017039775848389,1.0030326843261719,0.002058938378468156,89.83302046179838,5.864620406688628,7.9492128858798505,41.97869344847006,7.244698374308637,110.26337525811901
mango26_bac_r.jpg,0.07124097791451695,0.09362617890546612,0.0391409695148468,0.682635627625254,0.0001273796479130324,0.007351676993250906,1.3142180476215457,0.41805582554391374,0.5494165108431358,0.48791176878205667,0.0006196220638230443,0.002718789502978325,232.0,305.0,0.1792580783367157,120.48193894197156,139.45495939623183,55381.0,916.322935461998,0.8288454225679686,0.9923576580208753,306.86456298828125,231.90760803222656,0.7557327759643684,178.42572021484375,0.024711593985557556,0.009213179349899292,0.1758372187614441,0.18505039811134338,1.092492699623108,1.0611534118652344,0.004889930598437786,91.00190022049729,3.3044370671541667,5.541480304976244,41.80702005987487,7.673938451306271,74.22433357833032
mango26_bac_r_hor.jpg,0.06922119544065342,0.08950022310702885,0.04088333249092102,0.7069342927581526,0.00012734399222935375,0.007166441873980111,1.2929598013625985,0.45679587236369995,0.5906187003946244,0.5027695405672451,0.0006148309912532568,0.002455271314829588,233.0,304.0,0.17022863030433655,120.59160911540589,139.434141727787,55627.5,923.4528782367706,0.8197282983988409,0.9926923282830986,307.8282470703125,232.46530151367188,0.7551785897691623,1.4732950925827026,0.024474933743476868,0.009926915168762207,0.16644172370433807,0.17636863887310028,0.9265991449356079,0.5398392677307129,0.003982914611697197,91.15361279154844,3.3530715671165336,5.532984671542733,41.49784963506255,7.483542496674599,73.77959205524921
mango26_bac_r_ver.jpg,0.07967242126160504,0.10474612611752605,0.04469722509384155,0.6872333273421619,0.00016750956654934895,0.00897064837364342,1.3147099643625906,0.426719600529101,0.5610125108044333,0.44906899070053785,0.0005592667148448527,0.001443958724848926,233.0,307.0,0.20061562955379486,120.61305143759647,139.32910370077892,55304.5,941.1097350120544,0.7846749756376948,0.9908270851809053,306.0831604003906,231.71871948242188,0.7570449781664178,178.9416046142578,0.035117194056510925,0.015619754791259766,0.19391125440597534,0.2095310091972351,0.6899696588516235,-0.2974250316619873,0.0020341959316283464,90.83857999210309,3.3265058345689544,5.5294898502028635,41.67197315050792,8.119039302162617,73.24338633834667
mango26_bot_r.jpg,0.06740528660696096,0.07798638970389773,0.03654026985168457,0.7398483216021402,9.588688212544572e-05,0.005939694436569363,1.156977347468827,0.4685467552789958,0.5420979820878181,0.49920010920852553,0.000648205284960568,0.0028393694665282965,238.0,276.0,0.16302281618118286,120.96600572047001,139.61458333333334,51369.0,863.9797908067703,0.8647763564857309,0.9932998810801403,277.401123046875,236.41273498535156,0.8522414487319965,175.99343872070312,0.022108256816864014,0.008474290370941162,0.15979954600334167,0.16827383637428284,1.2109147310256958,1.3558158874511719,0.005106508266180754,93.09935451453309,3.4437996165540454,6.743578789469126,40.826298701298704,8.666871191192891,71.09013605442176
mango26_bot_r_hor.jpg,0.057700748089920276,0.06718730810175119,0.03287927806377411,0.7490481657242931,6.889422817651411e-05,0.0046525959660215135,1.1644096537023603,0.4893673968003063,0.5698241210414702,0.5404952492271438,0.0005725551163777709,0.0027997903525829315,237.0,276.0,0.13968226313591003,121.1289657299256,139.55539493465943,51495.0,877.2102379798889,0.8409449038409752,0.992588594724313,277.87738037109375,236.8545684814453,0.8523708124969935,3.1083321571350098,0.016479462385177612,0.00647243857383728,0.13711100816726685,0.14358344674110413,1.1781443357467651,1.7097296714782715,0.004912808071821928,93.0907636559886,3.5668541927005406,6.774819441273079,40.49200107937242,8.79053627570544,70.33622450946379
mango26_bot_r_ver.jpg,0.08470458454516941,0.09801026378432309,0.0460924357175827,0.7407377642945089,0.00018326385049900046,0.009272120735342088,1.1570833421898,0.47028172293272885,0.5441551477417794,0.4789262856277034,0.000674569804687053,0.0020368904806673527,238.0,276.0,0.2074493169784546,121.01947737954778,139.59826695808593,51321.0,871.4945089817047,0.8491328917909116,0.9920072678773353,276.9125061035156,237.03805541992188,0.8560034313918352,3.4211788177490234,0.03046824038028717,0.013758793473243713,0.2017788290977478,0.21553762257099152,0.7604297399520874,-0.05442547798156738,0.0031457452569156885,93.6547842401501,3.39495546971065,6.77828775606025,40.76878590356086,8.533678011665575,70.29206398328853
mango26_fro_r.jpg,0.06113380842521485,0.08559203300900578,0.03149689733982086,0.6405615221925157,8.131428107264704e-05,0.005581620461072947,1.4000769003899167,0.3679886577353156,0.5152124193007066,0.49338308707787787,0.0005296472809277475,0.002787666628137231,244.0,340.0,0.14655739068984985,120.94430555555556,142.6395061728395,64361.0,998.6072075366974,0.8110418316955841,0.9922759088526409,340.50140380859375,243.49757385253906,0.715114742931916,0.33385178446769714,0.022946327924728394,0.00866168737411499,0.1432187706232071,0.15188045799732208,1.0316225290298462,0.508460521697998,0.005166323855519295,93.52246913580247,3.4691675424372344,7.248093474521006,37.37358024691358,8.35275363905051,85.9319598765432
mango26_fro_r_hor.jpg,0.058407319715800175,0.08215079806987205,0.03411853313446045,0.6659035827861342,7.929840433707906e-05,0.005334880437828405,1.4065154585008095,0.415315906066323,0.5841482420435534,0.4843898488928369,0.0005454180063679814,0.0026974515058100224,244.0,342.0,0.1358773559331894,121.02185884554616,142.55875811078215,64749.5,1004.849848151207,0.8058309446884045,0.9932504467744039,340.0699157714844,243.88778686523438,0.7171695453034982,179.31698608398438,0.022327706217765808,0.0078812837600708,0.13268202543258667,0.14056330919265747,1.197696328163147,1.0559029579162598,0.004764654207974672,93.62034636682978,3.5977420169825987,7.279502693916284,37.27178598272768,8.375821437072123,85.1057354542805
mango26_fro_r_ver.jpg,0.06634695275572186,0.09310026848324615,0.03558322787284851,0.6482185952270886,0.00010231822221609189,0.006474729181491293,1.4032335264292457,0.38220327881494653,0.5363204547443177,0.4655171972583943,0.0004897037288174033,0.0016816395800560713,244.0,342.0,0.158664733171463,120.98115302754557,142.55774391560504,64402.5,994.5067023038864,0.818271003520838,0.9936663940876059,341.03125,242.2343292236328,0.7102995083988134,178.3638458251953,0.02323971688747406,0.009861990809440613,0.15471550822257996,0.16457749903202057,0.779032289981842,0.09608078002929688,0.002667013555765152,93.57305900860607,3.493832988324096,7.304566633974228,37.406659674882015,8.258374888365857,85.07548042814399
mango26_sia_r.jpg,0.123677244677515,0.13222665615025353,0.055645108222961426,0.7328688353068589,0.00040631351048734,0.01658695017839922,1.0691267944643406,0.42083124419126233,0.44992195911264443,0.44650410442585525,0.0006755202193744481,0.0014879510272294283,257.0,275.0,0.2868652641773224,120.74101320849357,144.65130320087684,53408.5,952.9087224006653,0.7391245716276482,0.9861426540371868,289.3550720214844,239.03073120117188,0.8260810136530942,145.3635711669922,0.043386995792388916,0.017938703298568726,0.27911344170570374,0.29705214500427246,0.8041345477104187,-0.059142351150512695,0.0009862578008323908,112.37777034683907,3.116417777820901,9.291267294734116,38.01777852087165,11.274522760376701,81.23832878188337
mango26_sia_r_ver.jpg,0.0939975798417811,0.10202326237176226,0.02942390739917755,0.6428942397094808,0.00010523957014610744,0.008236031173842038,1.0853817996536739,0.28840390627737295,0.3130283508224845,0.3729605028499947,0.0003038994036614895,0.00018820575496647507,258.0,279.0,0.23249052464962006,120.94092505528404,144.2267110177838,53392.5,937.9970355033875,0.7625831216066962,0.9816602316602316,284.4252624511719,240.8424530029297,0.8467688521313251,32.389190673828125,0.02526351809501648,0.013532280921936035,0.22544053196907043,0.23897281289100647,0.12103626132011414,-1.1201132535934448,0.00013548217248171568,111.13325776299408,3.2751791357459084,9.51364067057898,38.56635013844238,13.688324695531549,80.09824763532976
mango26_sib_r.jpg,0.10585719587924454,0.12135628937229029,0.05120304226875305,0.7166336405393064,0.0002910351631300199,0.013353818926532405,1.1464151148564918,0.4219232685310204,0.48369921235361624,0.44245287757520735,0.0006054290570318699,0.00121493695769459,239.0,274.0,0.2666759192943573,121.44554084928701,142.6996375955251,50371.5,897.9970359802246,0.78495532761421,0.9887233541396773,275.9930114746094,233.56101989746094,0.846257007195807,15.424339294433594,0.040474116802215576,0.016645580530166626,0.25872308015823364,0.27536866068840027,0.6641008257865906,-0.19385409355163574,0.0007903398363851011,108.27861813598047,2.4982796430396363,5.75234628437677,35.15467186638305,5.518253520300508,72.17458441660757
mango26_sib_r_ver.jpg,0.09487312549424239,0.10663457271861007,0.03739158809185028,0.6782248283099251,0.00015227925716765063,0.009534407906434287,1.1239702725413159,0.35065164269490834,0.39412202240685623,0.4025553450484894,0.000414789654314518,0.00038608774775639176,242.0,272.0,0.24470724165439606,121.4477880302701,142.66677204560273,50210.0,898.5828223228455,0.7814188097281769,0.9867057078006937,276.2616271972656,232.9259490966797,0.8431353693951786,160.0432891845703,0.03091338276863098,0.014665395021438599,0.2377786934375763,0.2524440884590149,0.2484458088874817,-0.8892102241516113,0.0002839139197021723,108.57141728082829,2.454682142795879,5.79511804424455,35.287486909960286,6.075830092827559,71.69706190353875
mango26_top_r.jpg,0.08309389055705244,0.09527100084303013,0.03695814311504364,0.6968178391089037,0.0001430807291808763,0.008198895335112,1.1465463971459715,0.38792647067848496,0.4447756973139692,0.48903639424030737,0.0006013076636008918,0.002674661111086607,264.0,304.0,0.1864730715751648,122.36707351959569,140.12633101300023,62505.5,958.9919837713242,0.8540791969788702,0.9926155898396868,304.1791687011719,261.72674560546875,0.8604361262575192,2.2614192962646484,0.02191910147666931,0.008645609021186829,0.1832180768251419,0.19186368584632874,0.9563817977905273,0.7064764499664307,0.0049058618023991585,99.71245351387432,3.709700131579253,6.790798817783227,37.39218397380884,17.41691400588575,71.33679794030705
mango26_top_r_hor.jpg,0.06945586686114263,0.08036486762371817,0.031163260340690613,0.6946080073486953,8.124693140468468e-05,0.005717797658690998,1.1570637766912477,0.38777218531115165,0.44867714923193946,0.46707745986153226,0.0004781590250786394,0.0021651512943208218,263.0,304.0,0.15871381759643555,122.39939677752203,140.08475275815542,62575.0,960.607207775116,0.8521558707850351,0.9930175355074189,304.6582336425781,261.21185302734375,0.8573930528783764,177.84747314453125,0.02030666172504425,0.008481919765472412,0.1546984314918518,0.16318035125732422,0.4932540953159332,-0.22566676139831543,0.003944186959415674,99.617509326137,3.693145460441043,6.79039126451983,37.530724660687355,17.653388313202907,70.95140884197158
mango26_top_r_ver.jpg,0.08988204987713513,0.10385874244706898,0.03880496323108673,0.6863696029234444,0.00017136727332156648,0.009438792477803873,1.1555003762045857,0.3736321306881167,0.43173206757223975,0.4730691004686234,0.0005271018599160016,0.0015117619186639786,264.0,305.0,0.20284071564674377,122.35050135285691,140.08042336463473,62410.0,962.2640597820282,0.8469846037054808,0.993022904285703,304.5727844238281,261.46044921875,0.8584498109815184,176.54791259765625,0.028869658708572388,0.013695940375328064,0.19726410508155823,0.2109600454568863,0.6706972718238831,-0.474076509475708,0.0024143035989254713,99.9185261817603,3.6220610300602636,6.788973258020241,37.51356040108229,17.306474307179453,70.6821582046793
mango27_bac_u.jpg,0.06458228054792882,0.09025208135690405,0.05331584811210632,0.7505018183966516,0.0001477392245418355,0.007619059086397573,1.3974743628002537,0.5907436959959683,0.8255491701402327,0.47541063200991174,0.0008296571322716773,0.004186199512332678,227.0,317.0,0.15072941780090332,114.8972879805832,145.49634176369202,56440.5,941.1097350120544,0.8007928461965901,0.9899497487437185,322.1090393066406,226.83468627929688,0.7042170774454899,178.15090942382812,0.02774493396282196,0.010518178343772888,0.14630979299545288,0.15682797133922577,1.3183225393295288,2.1009860038757324,0.00668514147400856,107.61460128741778,4.612559726677581,7.934161946868018,45.95358612684231,7.6160000144802,86.98195504590383
mango27_bac_u_hor.jpg,0.05991512578765121,0.08339068071071798,0.055442944169044495,0.7817164311736825,0.00012205179363659014,0.006564409419075656,1.3918134964160451,0.6648577958174475,0.9253580534161467,0.44059938565370443,0.0008658444276079535,0.00459985202178359,228.0,318.0,0.13113197684288025,115.03542885247053,145.376807011997,56508.0,947.553385257721,0.790883336829239,0.9887058535347791,324.1872253417969,225.41160583496094,0.6953130420154746,1.546764612197876,0.022201940417289734,0.007939159870147705,0.12797331809997559,0.1359124779701233,1.8372397422790527,5.299857139587402,0.006906826049089432,107.53619293530765,4.706736722132827,8.00918429083077,45.8932567493984,7.745565672670089,86.20538897964202
mango27_bac_u_ver.jpg,0.07982654067118719,0.1105918107028775,0.060728102922439575,0.7345652207454388,0.0002528130824592171,0.011086256240042907,1.3854015190062572,0.5491193474134833,0.7607507780223645,0.47156281479314854,0.0008219314622692764,0.002709115855395794,227.0,316.0,0.19300711154937744,114.89448415850322,145.44417968405259,56237.5,937.7960265874863,0.8035614496360839,0.9896873652626115,325.31402587890625,224.88369750976562,0.6912818987813195,1.393369197845459,0.039877355098724365,0.0165385901927948,0.18521854281425476,0.20175713300704956,0.8542022705078125,0.40832066535949707,0.003659554524347186,107.9100873709293,4.475247382756943,7.984705636806412,46.1419468714147,7.364260084717223,86.31252316653429
mango27_bot_u.jpg,0.07077000484228471,0.08433083014398658,0.04443776607513428,0.7618618569717841,0.0001376368265276595,0.007273192367593059,1.1916182616056477,0.5269456733588554,0.6279180872484968,0.5189754705245653,0.0008298989268951118,0.003656987566500902,215.0,257.0,0.1869041919708252,116.01253881622283,139.76670273830808,42162.0,795.2102385759354,0.8378516740766488,0.9919303611339843,252.22991943359375,212.4850616455078,0.8424260774560893,2.48649001121521,0.02516491711139679,0.010243207216262817,0.1833716630935669,0.1936148703098297,1.362621545791626,1.9182181358337402,0.006178646348416805,93.80631881057683,4.5146122575223435,4.187912809211545,51.856921050155265,8.10426519645064,73.73059188858568
mango27_bot_u_hor.jpg,0.06252877796757518,0.07439056489032307,0.042270734906196594,0.7816782154530256,9.873711113683315e-05,0.005809493327196897,1.1897012433043057,0.5682270993440902,0.6760204865688634,0.502160814805631,0.0007190469186753035,0.003009587526321411,215.0,257.0,0.16328738629817963,116.12252498585705,139.67770601546295,42070.5,803.9970353841782,0.8178593873659196,0.9913403082143362,252.1656951904297,212.565673828125,0.8429603149135743,176.38571166992188,0.022611185908317566,0.00940658152103424,0.16011880338191986,0.1695253849029541,1.150488257408142,1.067084789276123,0.004751805681735277,93.55940033943051,4.591535337417107,4.215564631001597,51.75787290213087,8.120641348853816,73.05100886290779
mango27_bot_u_ver.jpg,0.07817703637009765,0.09337429762644639,0.04576331377029419,0.7431001068532266,0.00015368306289197223,0.008247304588528832,1.194395463962121,0.4901061098566449,0.5853805144728976,0.46004677659701004,0.0007082232041284442,0.00211856490932405,215.0,257.0,0.2144044041633606,116.00487712932639,139.70711306929294,42100.0,791.6955199241638,0.8440644032972499,0.9923394225103123,252.2136993408203,212.71273803710938,0.8433829668770979,177.0895233154297,0.03356832265853882,0.014621004462242126,0.20803193747997284,0.22265294194221497,0.6968156099319458,-0.20068693161010742,0.002875320380553603,94.4234620549914,4.432473374556707,4.2280661287225,52.011568456518155,7.673903802096754,72.7440802959263
mango27_fro_u.jpg,0.06065479180548784,0.08942059035493245,0.04006434977054596,0.6723303501840484,0.00010756245614649811,0.0063848222335142184,1.4742543448453809,0.44804389695394137,0.6605306617658041,0.4949940319798718,0.0007225669687613845,0.0035649719648063183,221.0,326.0,0.15305304527282715,114.57493966496308,141.91026050539466,55946.0,927.6366456747055,0.817001984385736,0.9932359259325013,328.82244873046875,217.57681274414062,0.6616847894180283,2.252815008163452,0.0215301513671875,0.008267804980278015,0.14997278153896332,0.15824058651924133,1.3870775699615479,2.119813919067383,0.006103260908275843,92.12265758091993,4.346838930959283,6.499379130156117,52.658272998296425,8.705060596095239,87.71177597955707
mango27_fro_u_hor.jpg,0.05499595715662134,0.08133842135607158,0.03205408155918121,0.6434886256962165,7.294575031557648e-05,0.005043776267222075,1.478989103224994,0.39408290725067663,0.5828443255909768,0.5087332858592244,0.0005606727208942175,0.0024264215026050806,220.0,325.0,0.144088476896286,114.59636370130914,141.8936614813095,55582.5,938.0802963972092,0.7937210761844008,0.9914292849116173,331.6707458496094,216.71743774414062,0.6534113739485712,177.53445434570312,0.022992059588432312,0.007538288831710815,0.14152786135673523,0.14906615018844604,1.4252417087554932,1.5534167289733887,0.00421685678884387,92.16659820328267,4.323139619443071,6.5234273643988665,52.67444767909128,8.858129872042028,87.70861388437427
mango27_fro_u_ver.jpg,0.07713059804810705,0.11292824805049587,0.04884348809719086,0.6660028119707709,0.00019409362319266446,0.009845730690159482,1.4641173659779156,0.4325178946843352,0.6332569607035424,0.45622103645028605,0.0006785181467421353,0.0021867931354790926,221.0,324.0,0.2024763524532318,114.57192293970746,141.92142347484838,55652.0,928.3229360580444,0.8115073900171421,0.9925715865414627,329.7500305175781,217.76820373535156,0.6604038925896109,177.09593200683594,0.03578527271747589,0.01475369930267334,0.19543898105621338,0.21019268035888672,0.7329840064048767,0.024848222732543945,0.003093019127845764,92.82122725651088,4.221830120535702,6.508057617799249,52.74782376025687,8.733102010102158,87.46262932572245
mango27_sia_u.jpg,0.12152003461264294,0.1431748692562178,0.06443029642105103,0.7255513277218927,0.0005097227138137689,0.018785229862357127,1.1781997076663266,0.45001121185415677,0.5302030782531368,0.45470442177821746,0.0007607177249155939,0.0016592259053140879,246.0,290.0,0.2884659767150879,111.62693208856277,152.5335924587246,54636.0,935.8965297937393,0.783850223405059,0.9886631983714091,299.78375244140625,233.77171325683594,0.7798011445017435,160.3486328125,0.049694448709487915,0.020659267902374268,0.27950623631477356,0.3001655042171478,0.8231269717216492,0.05216789245605469,0.0010862224735319614,136.60813338903318,3.965553555406938,8.737638936025864,43.158163357974466,4.344038935547019,96.21325172094375
mango27_sia_u_ver.jpg,0.09155557756288063,0.10680860076038218,0.043162643909454346,0.7023066783762459,0.00018504517921076626,0.010043771200616372,1.1665985142961468,0.4041120621576796,0.4714365313223011,0.4384082354255196,0.000504060706589371,0.0005924564902670681,246.0,287.0,0.22374378144741058,111.61009065538187,152.55380041223574,54416.0,920.5239478349686,0.806986549057569,0.9893548357772061,296.28204345703125,235.7022705078125,0.7955334307730181,19.219194412231445,0.035726338624954224,0.01626315712928772,0.21670985221862793,0.23297300934791565,0.5896233320236206,-0.5544342994689941,0.0003622686490416527,136.8561917443409,3.943607043656071,8.709168049527882,43.19967896685698,4.554984261817964,96.18149316892546
mango27_sib_u.jpg,0.12868778228240366,0.14962435279302982,0.05990162491798401,0.7009017055279473,0.000503533852791484,0.01961366561905488,1.1626927602550579,0.40034676040232464,0.4654802799113491,0.43656656211991696,0.0006546708173118532,0.001156321377493441,262.0,305.0,0.2932187616825104,113.14976666613211,146.91824494443287,61924.0,981.6366451978683,0.8075461312876983,0.9894857946374357,318.98394775390625,248.0059356689453,0.7774871977579262,20.836585998535156,0.04918384552001953,0.020027458667755127,0.2841011583805084,0.30412861704826355,0.668807864189148,-0.25772595405578613,0.0009150013793259859,127.80885866863383,4.634375215046154,8.800411051568416,47.96845582693202,8.486939591773984,83.08329457799445
mango27_sib_u_ver.jpg,0.11546913055361749,0.1344982034549138,0.052841946482658386,0.6960983088313002,0.0003485475293599832,0.01552225828495505,1.1647979231337529,0.3928821733323148,0.4576283395337553,0.4247181520229713,0.0005678756278939545,0.0007737422711215913,262.0,305.0,0.26482731103897095,113.17369194259238,146.88208514279256,61507.0,983.4945087432861,0.7990804951377541,0.9873108872747702,318.1900634765625,248.18763732910156,0.7799980760473457,159.10269165039062,0.041846707463264465,0.019865691661834717,0.25594425201416016,0.2758099436759949,0.5019983649253845,-0.6452395915985107,0.00048414195771329105,127.92723955894935,4.529258924312236,8.77986392399771,47.93376168412896,8.193228495178701,82.80813005505061
mango27_top_u.jpg,0.07082060855926066,0.08509644312460328,0.04624377191066742,0.7675912752941826,0.00014506859686682678,0.007513421220377434,1.2015774060088316,0.5434277886674362,0.6529705526601336,0.5205339953960318,0.0008741312194615602,0.004365961067378521,241.0,289.0,0.16064785420894623,113.62794453416495,148.13988973659298,53488.0,886.6072064638138,0.8550740160347712,0.992724573125464,284.64404296875,238.72206115722656,0.8386687410262612,179.7796630859375,0.017309457063674927,0.006523936986923218,0.15813761949539185,0.16466155648231506,2.0158896446228027,6.819343566894531,0.007010364439338446,113.63785710307958,5.651653815506804,8.684484895697828,44.2071244268716,8.426726837199821,100.59679604982273
mango27_top_u_hor.jpg,0.0612381180670258,0.07302517685960247,0.03858216106891632,0.7623499629443415,8.892828861864274e-05,0.005438625223145847,1.1924791153718277,0.5283405358003312,0.6300350547462565,0.5154172288830191,0.0006816450040787458,0.00337374210357666,241.0,289.0,0.1409904807806015,113.67850043656765,148.09671366735404,53437.5,896.5655771493912,0.8353950067457533,0.9918609399361497,284.3644714355469,238.6192626953125,0.8391317715982574,0.19012916088104248,0.01662755012512207,0.006205260753631592,0.13797810673713684,0.14418336749076843,1.5252962112426758,4.046932220458984,0.005472615361213684,113.554403760055,5.750812202482917,8.713684690803431,44.18202084378309,8.72955988418996,100.14074197923053
mango27_top_u_ver.jpg,0.08111679961609211,0.09659298002944484,0.050276950001716614,0.758920353915452,0.00018275139563996105,0.008998999607381656,1.190788843822711,0.5205031461540008,0.6198093396148062,0.4639117857141409,0.0007201553671620786,0.0022073439322412014,240.0,288.0,0.19109243154525757,113.60706241507046,148.14458033171385,53344.0,877.9209164381027,0.869730398753065,0.9935463443253462,284.4118347167969,238.40968322753906,0.8382551431621527,179.94598388671875,0.03198117017745972,0.013643980026245117,0.18542206287384033,0.19906604290008545,0.8184092044830322,0.263674259185791,0.002951917704194784,114.11608123452653,5.616956779990808,8.662462353546546,44.27454812829247,8.51840363084587,100.10163623164125
mango28_bac_r.jpg,0.061175878082055046,0.08171451621519132,0.056566908955574036,0.803245085819951,0.00014583924277314996,0.007463447219875285,1.3357309903355674,0.6922504296128701,0.924660351907021,0.5157420324540556,0.000986004713922739,0.004141724668443203,201.0,271.0,0.15709397196769714,115.45056790353803,142.79807355925087,42523.5,803.9970355033875,0.8266658026013829,0.990438813061909,272.274658203125,200.7412872314453,0.7372749581479093,0.8878507614135742,0.025355517864227295,0.008735314011573792,0.1536475121974945,0.1623828262090683,2.0719637870788574,6.001158714294434,0.005570847541093826,116.67101243090701,4.949794536454134,9.006684243002633,49.49098584322597,9.974085139694246,72.29122839750916
mango28_bac_r_hor.jpg,0.05886880794976097,0.07863136252289216,0.054017409682273865,0.8012028115236802,0.00012399344054378058,0.006675617788343227,1.3357050237877532,0.686970287034612,0.9175896635850462,0.49588835917815355,0.0009027973283082247,0.00364398374222219,201.0,271.0,0.15239128470420837,115.47669179952847,142.77165666798945,42504.0,809.2691136598587,0.8155559036300754,0.9900422766500122,270.98193359375,201.09017944335938,0.7420796537116354,179.30648803710938,0.024341166019439697,0.008857250213623047,0.1487649381160736,0.15762218832969666,2.1941981315612793,6.764167785644531,0.004706348292529583,116.56509255584864,5.033426576725813,9.032333671543821,49.44959032657158,9.94007922325775,71.96003641541586
mango28_bac_r_ver.jpg,0.08044348690997472,0.10590391001939156,0.04101066291332245,0.6650504052276317,0.0001697328525452452,0.00911029336995717,1.316500739679645,0.38724408669909527,0.5098071265759275,0.4858097633137642,0.0006197165348567069,0.0015183554496616125,205.0,270.0,0.2367052584886551,115.65271085746363,142.82565374000094,42396.0,812.5828226804733,0.8068623904711184,0.9872851753528015,269.38006591796875,201.56005859375,0.7482367260802765,178.91285705566406,0.031146883964538574,0.012573868036270142,0.23122058808803558,0.24379445612430573,0.9176524877548218,0.2683835029602051,0.0018297620117664337,118.28406698788417,5.778864231526692,8.972905767590884,49.6464658277588,12.317298697168548,71.91301398699537
mango28_bot_r.jpg,0.07623563118338642,0.0896493452011107,0.06049084663391113,0.8309683319531064,0.00021128493625547279,0.009547889475270799,1.1759507176566468,0.6747494529738259,0.7934721034630005,0.5110621876062076,0.0009680290822871029,0.004455705638974905,224.0,263.0,0.1805374175310135,119.26626155426224,138.69058113659705,46366.0,835.7543951272964,0.8341653704130144,0.9918921809819232,264.9169921875,223.94491577148438,0.8453399456271311,179.9466094970703,0.029427900910377502,0.00887751579284668,0.17784014344215393,0.1867176592350006,1.9542051553726196,4.582010269165039,0.006766993552446365,81.13184697021568,4.273786170218145,6.076720663067648,47.45825487846628,9.770262606235875,80.81951814447108
mango28_bot_r_hor.jpg,0.06086999395606908,0.07132787728577754,0.037881627678871155,0.7681353703668268,8.77416678210045e-05,0.005475317549314671,1.1718068731410765,0.531091476718102,0.622336642684916,0.533475766162193,0.0006488079088740051,0.002625588094815612,223.0,262.0,0.15321090817451477,119.39067499946309,138.60380559671842,46190.0,837.6122596263885,0.8273166711375024,0.9915847323000301,263.76007080078125,223.601318359375,0.847745140803597,179.74273681640625,0.02291257679462433,0.00715973973274231,0.1511237770318985,0.1582835167646408,1.6617016792297363,2.43973970413208,0.004306811839342117,80.94740459162854,4.358424031792604,6.126793153720772,47.32568777784937,9.812692835265526,79.84977342525181
mango28_bot_r_ver.jpg,0.05884301566636849,0.06950694005594213,0.03801693022251129,0.7736393345872015,7.432253328163738e-05,0.004893642473192143,1.181226680325777,0.5469515733524402,0.6460737912900635,0.47799171248530786,0.0006178865442052484,0.0022184925619512796,223.0,263.0,0.15081293880939484,119.29307564976246,138.6182255949438,46154.0,826.7249572277069,0.8485884435781128,0.9923137288627544,263.8354187011719,223.36724853515625,0.846615854818753,0.22983914613723755,0.023065611720085144,0.009823277592658997,0.1463671773672104,0.15619045495986938,0.9578380584716797,0.6818327903747559,0.0033692014403641224,81.23077584538986,4.157976117107138,6.133292849142907,47.60779929918095,9.334136156046418,79.6918760883118
mango28_fro_r.jpg,0.059497820409089394,0.08785797226463378,0.031441375613212585,0.6234669187277397,7.667930313301655e-05,0.00544286326797257,1.476658668511693,0.35786593752140294,0.5284458388060436,0.4665459097783174,0.000495357031468302,0.002310476265847683,238.0,351.0,0.14660896360874176,116.56847025367196,142.6758988942504,65665.5,1006.3645660877228,0.8147726561762613,0.9925031929445373,353.30914306640625,238.4840545654297,0.6750010840240424,0.8486502766609192,0.01770593225955963,0.0069771409034729,0.14343921840190887,0.15041635930538177,0.8538522124290466,0.6721012592315674,0.004085727967321873,103.35777276921448,4.412796109938093,6.986713652217543,47.07709994100652,12.157450284348217,85.81837571283789
mango28_fro_r_hor.jpg,0.05655342924004588,0.08274318077445761,0.029700934886932373,0.6260200076141966,7.05183597644515e-05,0.0050882541074468495,1.4630974971163477,0.35895326489673574,0.5251836234521554,0.507388858146631,0.00046727078733965755,0.002104109851643443,239.0,351.0,0.139680415391922,116.6443442054129,142.60596506049544,65845.5,1003.6782746315002,0.8213852818976518,0.9931447963800905,352.66571044921875,239.17515563964844,0.6781922612634831,178.82986450195312,0.016556084156036377,0.007505834102630615,0.13629424571990967,0.14380007982254028,0.6919050216674805,0.3373401165008545,0.003558170748874545,103.36060404912048,4.4836620789297115,6.976202324242529,46.911218055094594,11.829014024612107,85.23087831517968
mango28_fro_r_ver.jpg,0.08042494942325779,0.11865221702257278,0.03940075635910034,0.608295420341863,0.00018515664174120284,0.01002833779611916,1.475316029086121,0.33206928069118685,0.48990713257080626,0.49245673620529506,0.0005246934597380459,0.0015290258452296257,238.0,351.0,0.19987544417381287,116.57794550028795,142.61848686005274,65542.0,1003.9209152460098,0.8172041232444706,0.9924966874881695,351.5072021484375,239.48739624023438,0.6813157590412658,178.2402801513672,0.02741461992263794,0.010831758379936218,0.19571933150291443,0.20655108988285065,0.9219611287117004,0.3357429504394531,0.0020746118389070034,103.94539419841774,4.39233818749156,6.959934149406202,47.1084689763875,11.857139096784103,85.10111848686006
mango28_sia_r.jpg,0.09998237429905263,0.11828326546901585,0.05339077115058899,0.7252944307566578,0.00029126679260861854,0.012890565187500778,1.18304117398957,0.4513805984209544,0.5340018330720406,0.4612942363260155,0.0005992212682031095,0.0013534115860238671,250.0,295.0,0.2328397035598755,114.92789015826433,145.22848757991824,56813.5,957.8549003601074,0.778147556480934,0.9868337632335443,300.4045104980469,241.1599578857422,0.8027840776622098,160.13644409179688,0.040838420391082764,0.016467317938804626,0.2254553884267807,0.24192270636558533,0.9274676442146301,0.35677337646484375,0.0008307792013511062,135.2057436327429,3.890265237705452,9.696427528587616,48.59258288788736,10.832258279005803,72.30609998951891
mango28_sia_r_ver.jpg,0.09045846167174476,0.10638355777137862,0.038540616631507874,0.6753666514921214,0.00016401321673801522,0.009661672706386265,1.1760487167847578,0.3622798244286282,0.4260587226362956,0.44221806437920624,0.00045651846448890865,0.0005604955949820578,249.0,293.0,0.22129236161708832,114.92161031840865,145.25729247206016,56504.0,923.6366443634033,0.8323131335866448,0.9886531647784437,299.642578125,242.36734008789062,0.8088548083002536,15.176406860351562,0.03183521330356598,0.014990165829658508,0.2148635983467102,0.2298537641763687,0.5266544818878174,-0.6768686771392822,0.00037804534076713026,135.52377521613832,3.848448935856269,9.683341906982598,48.63848668025585,11.006017308596876,72.34713924228579
mango28_sib_r.jpg,0.11786000471469146,0.12873353018086303,0.053286656737327576,0.7236588146962484,0.00034578789481371874,0.015208779473198462,1.0922579758289808,0.41392989582793976,0.4521182301521264,0.427694021653628,0.0005506667075678706,0.0009973084088414907,273.0,298.0,0.25701552629470825,115.08280016888051,142.32009353382483,61121.0,1029.3523738384247,0.724890109674462,0.9761009302511279,315.40081787109375,247.95387268066406,0.78615481834928,28.788436889648438,0.04230716824531555,0.018181756138801575,0.24915970861911774,0.2673414647579193,0.6530701518058777,-0.2801015377044678,0.0007192576886154711,131.44301906401222,4.193442103410926,7.924063866263599,51.945357409632685,11.191697192962682,64.7348575882563
mango28_sib_r_ver.jpg,0.10748474437127514,0.1190426308456396,0.05260632932186127,0.7361956804534836,0.00028316368499387733,0.01308554719748736,1.1075304829719932,0.44191168279937404,0.48943065948175707,0.4206783985197658,0.0006034154212102294,0.0007975881453603506,272.0,301.0,0.2326398640871048,114.9099889506407,142.3007569635701,60203.0,985.2934988737106,0.7792858002454554,0.9788787356508731,316.08172607421875,245.4549102783203,0.7765552071829845,147.8839111328125,0.04297816753387451,0.020307883620262146,0.22382470965385437,0.24413259327411652,0.5527759790420532,-0.6154553890228271,0.00048023287672549486,131.12371984102117,3.8450038511094977,7.970965518367743,52.39408282072002,10.206241864917569,64.39042168972739
mango28_top_r.jpg,0.06654663066266985,0.07728744895705006,0.04972115159034729,0.8212645968698628,0.00011847471618418581,0.006523001764295019,1.161402886779141,0.6433276328990775,0.7471625699937801,0.4632862960559821,0.0008217969443649054,0.004225745331496,241.0,283.0,0.14767616987228394,118.48235556050317,140.58692344799437,53501.5,897.4528794288635,0.8347424731698426,0.9923397230800619,284.24713134765625,240.72195434570312,0.8468755804303317,178.7604522705078,0.019881591200828552,0.007884755730628967,0.14318379759788513,0.1510685533285141,1.2167478799819946,3.888214588165283,0.006850574631243944,102.96009128353556,5.903420946056688,9.45717830660872,48.800660506883375,17.722939079154884,70.4189951389662
mango28_top_r_hor.jpg,0.058515800151744096,0.06856251193462286,0.04566904902458191,0.8284008930786809,9.187611014709006e-05,0.00542437137841965,1.1716922909167349,0.6660935799453964,0.7804567126511508,0.501442064598295,0.0007979231304489076,0.004223705735057592,241.0,284.0,0.12565381824970245,118.55540332882825,140.51880102938182,53619.5,894.7665868997574,0.8416143038144716,0.9927055273218732,284.91497802734375,240.28158569335938,0.843344872063199,0.7180577516555786,0.013955116271972656,0.005485646426677704,0.12309771031141281,0.12858335673809052,2.285614490509033,10.768780708312988,0.006616333033889532,102.94136596745228,5.968355408251168,9.47633968284858,48.841649232592154,18.012749937506875,69.82459778201545
mango28_top_r_ver.jpg,0.06902064957879256,0.08175159278981567,0.04079364240169525,0.7496519821964505,0.00010700249459101626,0.00647105668860646,1.1844512227676114,0.49899507776657265,0.5910353300156364,0.46486425487575983,0.000588982249610126,0.0021641869097948074,241.0,285.0,0.16479986906051636,118.4804438073608,140.59152596012436,53333.5,883.8792849779129,0.8578750510856884,0.9926944123887875,284.1583557128906,239.92189025878906,0.8443246008264581,179.79556274414062,0.02740935981273651,0.011441215872764587,0.15999352931976318,0.17143474519252777,0.7897729277610779,0.03869128227233887,0.003106001764535904,103.20587523502802,5.880265402045763,9.488282291326636,48.83426103468176,17.485068946260167,69.86683917567996
mango29_bac_u.jpg,0.07725495207235322,0.1111831593674222,0.06075042486190796,0.7241011021219779,0.0002443443091525121,0.010724659353422965,1.4391719415383686,0.5463995195634678,0.7863628574257877,0.4682605500298662,0.0008666086359880865,0.0030736092012375593,217.0,312.0,0.19359278678894043,112.09141036403877,146.48544226513013,52019.5,897.7371498346329,0.8111060537712904,0.9896506130680035,308.65765380859375,215.98931884765625,0.6997698459199608,0.5980222225189209,0.03813077509403229,0.013500422239303589,0.1877315193414688,0.2012319415807724,1.2677069902420044,1.6210761070251465,0.003489559283480048,110.00097305960468,4.780504329741986,6.001042756522948,48.28228268335496,7.160698130767926,96.23137831031062
mango29_bac_u_hor.jpg,0.07482308333321136,0.10755800216989983,0.05404554307460785,0.7044281090059611,0.00021476248950397386,0.010035981995691695,1.4374975927002274,0.5024781232849315,0.722311092606617,0.4937649029181135,0.000785257900133729,0.0023822744842618704,216.0,310.0,0.19212976098060608,112.24868099097722,146.42135647652546,51907.0,909.8965290784836,0.7878649432046589,0.9890909783820349,311.2548828125,215.68402099609375,0.6929498392030747,178.99588012695312,0.034804314374923706,0.01316903531551361,0.18641559779644012,0.19958463311195374,1.2139296531677246,1.4246044158935547,0.0029056447092443705,109.62985548248967,4.841188529764454,5.996813875568655,48.0688752102768,7.26897962157167,96.02659045725646
mango29_bac_u_ver.jpg,0.0947691065891419,0.13781948036150554,0.05204598605632782,0.6379856892249859,0.0003150790932258399,0.013822191649000152,1.4542659029065503,0.3776388208677706,0.5491872608018334,0.46350556345232014,0.0006935761193744838,0.0017857037018984556,215.0,311.0,0.2636759281158447,112.16381886445483,146.46266569611524,51795.5,914.8254624605179,0.7777238297119847,0.9877285989435344,310.1155700683594,215.1661834716797,0.6938257999243643,178.60653686523438,0.03716820478439331,0.01577320694923401,0.2565833628177643,0.2723565697669983,0.7356927394866943,0.009316682815551758,0.0020134563092142344,110.39293923837253,4.6724957277437,5.945997101491918,48.22201363880163,7.0150959495129435,95.80886522105585
mango29_bot_u.jpg,0.06524788148199338,0.07794705634998983,0.06568573415279388,0.8901831005848333,0.00017225868944557615,0.008286595744468066,1.1946296888045487,0.8426967897011861,1.0067106036373201,0.5156368497284527,0.0012297669891268015,0.00515079777687788,193.0,231.0,0.1719588041305542,114.71142456582072,148.3524648794026,34638.0,716.7838318347931,0.8472006313410122,0.9923364512755869,228.3077392578125,192.30543518066406,0.842307999745495,2.2195284366607666,0.02915322780609131,0.009328559041023254,0.1691948026418686,0.17852336168289185,2.0486249923706055,5.231381416320801,0.006734735332429409,109.36121999370548,6.04715580073217,7.6582406950706705,41.45106005550628,6.632020246306695,97.7668736230723
mango29_bot_u_hor.jpg,0.06158525945405549,0.07348203651249072,0.05847126245498657,0.8736797960669196,0.0001330731718377314,0.006951597452833913,1.1931757236049414,0.795721855708877,0.9494360009737061,0.502909776460106,0.001070561702363193,0.0043948558159172535,193.0,230.0,0.16561570763587952,114.70409859558613,148.30275150472914,34572.0,721.813270688057,0.833843684095781,0.9909850515242286,229.20050048828125,191.55279541015625,0.83574335571728,178.52606201171875,0.026835590600967407,0.009529754519462585,0.16239376366138458,0.17192351818084717,1.8207861185073853,4.313713073730469,0.005896429531276226,109.34138721696762,6.009691976042869,7.63909525542485,41.499914015477216,6.474175389099187,97.48363427916308
mango29_bot_u_ver.jpg,0.08033864345757735,0.09415163586176739,0.06373094022274017,0.8327980377117503,0.00024080853819752657,0.010444583280295891,1.1719345984661038,0.676896791430256,0.7932787694678111,0.4995387597538779,0.001074490719474852,0.003329190658405423,196.0,230.0,0.22534258663654327,114.67653725861524,148.34179793980087,34529.0,730.6416971683502,0.8128023638718934,0.9894405043341213,228.17213439941406,193.1040802001953,0.8463087778377341,177.1487579345703,0.03850407898426056,0.014529198408126831,0.2198045551776886,0.23433375358581543,1.3901758193969727,2.0724220275878906,0.0035562182310968637,109.78973343663023,5.946941966158379,7.63175849397002,41.56405842013142,6.306649643047656,97.40337436515452
mango29_fro_u.jpg,0.06280547609790507,0.09330004704585346,0.04943673312664032,0.7091876818392997,0.00014868128656630138,0.007639488651638498,1.485540001327457,0.5298682550754131,0.7871404883481063,0.5132478887524261,0.0009474240359850228,0.004599572625011206,207.0,309.0,0.16356828808784485,114.87303065894456,147.45058928354462,49003.0,870.3229380846024,0.8129646711727123,0.9930591441975459,311.0350646972656,202.4913330078125,0.6510241319733513,1.7612624168395996,0.022557660937309265,0.008925184607505798,0.16010430455207825,0.16902948915958405,1.5466399192810059,3.0045828819274902,0.007429855410009623,104.81315054068284,4.301023512239466,6.017432012833744,42.64217731157102,4.865580597561205,99.99931149001661
mango29_fro_u_hor.jpg,0.049390010443593715,0.07293444351449757,0.029122620820999146,0.6466482036333695,5.519446619236799e-05,0.004205734535858377,1.476704354978685,0.3992985949801658,0.5896459741440809,0.5261302714636621,0.0005587383639067411,0.002524019218981266,207.0,309.0,0.13881176710128784,114.99774518566669,147.3952628585358,48836.0,885.5533835887909,0.7825650634763521,0.9915335106490976,309.7473449707031,202.3032684326172,0.6531234947364978,178.2726593017578,0.015607520937919617,0.00670488178730011,0.13643339276313782,0.14313827455043793,1.0883440971374512,1.0007915496826172,0.0044091143645346165,104.70303485821077,4.408663249345362,6.026213315042224,42.410518404160236,4.925818512120402,99.62429917932884
mango29_fro_u_ver.jpg,0.07168960968559776,0.10584032626272483,0.05194373428821564,0.6927273714885922,0.00019089546816242585,0.009261419359695705,1.4763691241575814,0.49077451026820335,0.7245643338835333,0.4843452716007691,0.0008332463912665844,0.003241951111704111,208.0,309.0,0.19284692406654358,114.94971592632281,147.43316686548454,49080.0,871.151364326477,0.8126942290697734,0.9927887289755545,308.3551025390625,203.2554931640625,0.6591604662624775,177.6459197998047,0.032153040170669556,0.011962205171585083,0.18780680000782013,0.1997690051794052,1.270458459854126,1.6641688346862793,0.00432584760710597,105.62332436967993,4.306491046187318,5.942855573007813,42.455003133908896,4.723094392966093,99.3539497361451
mango29_sia_u.jpg,0.1089900415311767,0.12829514238781597,0.06464314460754395,0.7536382901487825,0.00040167611757156187,0.0158288116905259,1.1771271997461992,0.5038627605411429,0.5931105603721851,0.4443820465390499,0.000796872191131115,0.0015558965969830751,230.0,271.0,0.2774863541126251,111.0942329057671,154.7785072214928,49112.5,874.5411916971207,0.8069402265671819,0.9878213122008126,283.0024108886719,224.06434631347656,0.79174006189516,162.13400268554688,0.04929584264755249,0.021222561597824097,0.2678505480289459,0.28907310962677,0.6336113810539246,-0.23087835311889648,0.00109577807597816,134.64914655085346,4.482398672440125,11.16907580562312,43.052095747904254,6.459152212921524,108.96109483890515
mango29_sia_u_ver.jpg,0.09694654376957139,0.11533755937163918,0.05107049643993378,0.7193169574121988,0.0002598357980988018,0.012237119520552871,1.189702643198717,0.44279154785454655,0.5267902748686052,0.455015108186871,0.0006384276784956455,0.0008676509605720639,230.0,274.0,0.25120335817337036,111.1276083304661,154.75901151612055,49014.5,878.5411925315857,0.7980133968485468,0.9879465860418242,281.41485595703125,224.0248260498047,0.7960660971075765,18.155027389526367,0.03966645896434784,0.018953844904899597,0.24284781515598297,0.26180166006088257,0.5632862448692322,-0.5571410655975342,0.0005528262117877603,134.65569025885972,4.497008501177357,11.177628299775893,43.02768726345403,6.453451043860985,108.79489566678136
mango29_sib_u.jpg,0.11374021876380513,0.12925672465501054,0.06212882697582245,0.7506433472007372,0.00039241846941213396,0.015642385210205438,1.1364205736532584,0.4806622413003723,0.5462344599920299,0.429624539398778,0.0007340935408137739,0.0015868627233430743,252.0,286.0,0.2629300057888031,111.78079216667894,153.27823382168887,53926.5,911.5950139760971,0.8154704268529261,0.9890324533008097,292.73101806640625,236.52064514160156,0.8079794437361151,30.800195693969727,0.049057841300964355,0.019416868686676025,0.2546752095222473,0.27409207820892334,0.8211110830307007,0.024113893508911133,0.0011867519933730364,123.4769933004491,4.579536768134546,7.212446168036126,41.65454980490319,3.9465602303306544,113.5909224766252
mango29_sib_u_ver.jpg,0.09619700097274062,0.10659873820718481,0.05409882962703705,0.7708119248273405,0.00025348325297356824,0.011575515225614034,1.1081295376078486,0.5074997184478002,0.5623754283396741,0.4569280351904654,0.0006779016111977398,0.0011497876839712262,251.0,278.0,0.220418781042099,111.83510677602897,153.25942141432054,53729.5,909.5950145721436,0.8160683231445872,0.9904968199834087,291.4258117675781,236.37501525878906,0.8110984192687299,150.94805908203125,0.0425802618265152,0.018738403916358948,0.21299059689044952,0.23172900080680847,0.8224034309387207,-0.09318971633911133,0.00072330521652475,123.52174314638292,4.633553446345425,7.201974153344112,41.56683662159166,4.0154305589980135,113.40257149190867
mango29_top_u.jpg,0.0755127683874997,0.09473448534142112,0.09768562018871307,0.9084249884918306,0.0003258587493480089,0.012839927808121935,1.2545492287514035,1.0311516427904381,1.293630498188487,0.4663051971282948,0.0016791856614872813,0.008208063431084156,203.0,255.0,0.16524121165275574,116.15120829664417,143.65372761960668,40540.5,781.5117542743683,0.8341188503044541,0.9921441944128336,253.77947998046875,203.6062469482422,0.8022959419883438,176.70355224609375,0.027675271034240723,0.007458150386810303,0.16238312423229218,0.16984127461910248,3.6363136768341064,19.759057998657227,0.009962014853954315,96.96553664025046,5.60432893796231,7.565328468861499,44.868261422561396,8.080907004683478,92.60517561882399
mango29_top_u_hor.jpg,0.07579086490547493,0.0948642173038863,0.10029417276382446,0.894106591500946,0.0003484820965756703,0.013535913836552057,1.2516576690634067,1.0572392374518196,1.323301599591318,0.4832651517952598,0.001600031042471528,0.008065842092037201,204.0,255.0,0.15972064435482025,116.232487731035,143.56945088751618,40604.5,792.0559111833572,0.8133404131999229,0.9909579011592434,253.91290283203125,203.63632202148438,0.8019928083615117,3.0535166263580322,0.019567057490348816,0.004596292972564697,0.1580788642168045,0.1626751571893692,5.331607818603516,38.995914459228516,0.00905104074627161,97.01413677759602,5.765413215524553,7.622293953490829,44.829577361623166,8.160317206578677,91.46495104621921
mango29_top_u_ver.jpg,0.06398658838002007,0.07921725985766495,0.05146443843841553,0.8065887998221865,0.00013642446746175155,0.007118878158583992,1.2380291224027924,0.649661936437655,0.8043003970264087,0.522969375394409,0.0009196163155138493,0.003326097037643194,204.0,253.0,0.168400838971138,116.09206427082056,143.60740831595731,40421.0,782.0975403785706,0.8304147937088714,0.9916100385153203,252.8159942626953,203.89210510253906,0.8064842008796305,2.3572356700897217,0.022932738065719604,0.007663175463676453,0.16578848659992218,0.17345166206359863,2.0722057819366455,5.80574893951416,0.004183197859674692,97.24977308966025,5.502983552999688,7.601243487471915,45.1385256960628,7.934932162362887,91.5375689930087
mango2_sia_r.jpg,0.0785681271238592,0.09304323142418112,0.035231053829193115,0.6838079644030469,0.00011034166385447459,0.007278990303145063,1.184236341506557,0.3786525176514546,0.4484140722058056,0.42843279642796633,0.00040065040229819715,0.0006111201364547014,255.0,302.0,0.18652194738388062,121.86053802588997,149.0116976806904,58917.5,941.1929939985275,0.835789292576115,0.9918938029259752,305.3590393066406,244.79653930664062,0.8016678984269946,164.00758361816406,0.027174532413482666,0.013890638947486877,0.18007338047027588,0.19396401941776276,0.36714962124824524,-0.8790855407714844,0.00047254899982362986,72.1812129180151,2.8321733170099526,8.44877949946036,30.19383764832794,3.9534970178961264,150.7101031553398
mango2_sia_r_ver.jpg,0.07582867855414067,0.08877746629679169,0.03698468208312988,0.7086252585452638,0.00011594023178700743,0.007018732469425961,1.1707637267265016,0.41659988312221596,0.4877400317179906,0.4656676200271217,0.00046718557132408023,0.0012271945597603917,256.0,300.0,0.17275716364383698,121.85366141400523,148.9563663942024,58923.5,944.8498470783234,0.8294167571630866,0.9904191214166254,304.4675598144531,246.08364868164062,0.8082425885753067,17.542356491088867,0.028611227869987488,0.011631026864051819,0.16810378432273865,0.17973481118679047,0.9661533832550049,0.17624902725219727,0.0010532652959227562,71.79145529619954,2.856414259074766,8.434111592316082,30.28025617257942,3.910666337200486,150.38275891126654
mango2_sib_r.jpg,0.08363446540554992,0.10284550121256725,0.03215424716472626,0.6335064062463607,0.00012769748657946007,0.008322120901553737,1.2297023806377136,0.31264612244212736,0.3844616810642342,0.4617143996362059,0.0003572333953343332,0.0007419521571137011,274.0,337.0,0.1846524477005005,121.74602051153947,149.05052944196956,71607.0,1049.5188928842545,0.8169299557401518,0.991367912446958,340.4902648925781,269.88409423828125,0.7926338050323626,10.057215690612793,0.025037318468093872,0.010719016194343567,0.18012045323848724,0.1908394694328308,0.7232447862625122,-0.2025587558746338,0.0006320551619865,77.03114201257338,3.5746960819014624,8.72015599251349,30.239560348057786,7.1799201943433015,143.73228138834534
mango2_sib_r_ver.jpg,0.06862631694071988,0.08403468068585579,0.025042802095413208,0.6243366573980664,6.347632007376561e-05,0.005379704703314206,1.224525581905347,0.2980055602166197,0.3649154320352852,0.43952094321908863,0.0002801706432364881,0.0006235207547433674,275.0,337.0,0.1532633900642395,121.72967045170604,149.04732224659207,71583.0,1039.7199062108994,0.8321220715898335,0.991220903665342,341.1428527832031,269.85369873046875,0.7910284402234311,169.85877990722656,0.019171640276908875,0.008213534951210022,0.14937354624271393,0.15758708119392395,0.45697224140167236,-0.5169909000396729,0.0007905286620371044,77.3558399733474,3.5987256058164707,8.68928661707802,30.343263277714538,7.29883496409132,143.28105999611316
mango30_bac_r.jpg,0.07282548149309796,0.09991101700386179,0.0579000860452652,0.7503178380077598,0.0002142322989923218,0.009683860606819054,1.3719238782284036,0.5795165316256087,0.7950525675652784,0.5085211199826675,0.0009612717549316585,0.004385494627058506,216.0,297.0,0.18246665596961975,117.61405827575848,140.67347551817363,49544.5,881.3107444047928,0.801580575129304,0.9910683923106159,297.86669921875,214.6045684814453,0.7204718387262287,178.671875,0.02257026731967926,0.00817173719406128,0.17882299423217773,0.186994731426239,1.703218936920166,5.48153018951416,0.00590748293325305,111.76909982977871,4.524795965996967,8.64741067553086,51.603784920396514,17.813755542992894,66.82397116251127
mango30_bac_r_hor.jpg,0.06743153373812147,0.09307829646487534,0.062228813767433167,0.7853306894430606,0.00019883471707535867,0.00920093629743244,1.3803378227515362,0.6685641672751956,0.9228444070263373,0.509083743844927,0.000980160548351705,0.004741169977933168,217.0,298.0,0.15785811841487885,117.73708676655427,140.54292440596134,49730.0,885.8965308666229,0.7962736074409695,0.9907459980675174,298.9043884277344,214.69052124023438,0.7182581773707875,1.1918091773986816,0.017676502466201782,0.006390005350112915,0.15524783730506897,0.16163784265518188,2.9416799545288086,15.320283889770508,0.005801599007099867,111.85334078167708,4.700505663712824,8.683099289893399,51.7942860563015,18.278687208648066,66.22239291343296
mango30_bac_r_ver.jpg,0.07088357495829231,0.09721933356940296,0.05911523103713989,0.7625118105621552,0.00020006666783495622,0.009386325632329084,1.371535417430717,0.608060442987286,0.8339764334956741,0.491108097817378,0.0009121090406551957,0.0032474088948220015,215.0,295.0,0.17679446935653687,117.6244568715803,140.60687560347603,49325.5,874.1391716003418,0.811185531859606,0.991965811965812,296.1222839355469,213.9832000732422,0.7226176876300777,0.46454453468322754,0.03230082988739014,0.011912435293197632,0.171878844499588,0.18379127979278564,1.424028754234314,2.600602149963379,0.0041047316044569016,112.16492999678147,4.472374312035556,8.698146472104485,51.74839073060831,17.663778465165592,66.22555922111361
mango30_bot_r.jpg,0.07607238902392333,0.08971355651477655,0.049900591373443604,0.7784048503772889,0.000163645892193719,0.008279743596629424,1.1793182476044408,0.5562213038028937,0.6559619332810859,0.48052311822017235,0.0008008976583369076,0.0031445734202861786,228.0,270.0,0.1882571280002594,117.50711985997968,140.9397783011733,45923.5,827.8792843818665,0.8419975206636388,0.992200412665147,265.0530700683594,222.3948211669922,0.8390577068571012,172.37969970703125,0.027378886938095093,0.011239051818847656,0.18419724702835083,0.1954362988471985,1.2398442029953003,1.5644044876098633,0.004586782306432724,84.80500875126947,5.656772894739953,9.05557980579263,49.45430973011517,14.109085602814792,92.48899068692063
mango30_bot_r_hor.jpg,0.06633548722288769,0.07762763049546498,0.03687237203121185,0.7404085868252933,9.295109989915215e-05,0.00576707135067141,1.170227788252095,0.47499030687747124,0.555846856258407,0.4895434034562702,0.0005882569239474833,0.002189957071095705,227.0,268.0,0.16934651136398315,117.51092320066083,140.88044257983174,45650.0,826.8082184791565,0.839152854367793,0.9929417394425171,263.39501953125,222.1451416015625,0.8433915796771796,5.544708251953125,0.024966657161712646,0.009771108627319336,0.1656179130077362,0.17538902163505554,1.1297565698623657,0.9525003433227539,0.0033552278764545918,84.67313001326,5.729979822191841,9.11243217297922,49.67356476751516,14.159215367580517,91.1148403364998
mango30_bot_r_ver.jpg,0.0868641280490612,0.10120723185094807,0.05705942213535309,0.7850818072169368,0.00023709477403208387,0.010578666075802044,1.165121139462608,0.5637879931286608,0.6568813089694022,0.4726531987798952,0.0008243112242780626,0.002548644784837961,231.0,270.0,0.2098982334136963,117.56882251826386,140.81671680275034,46174.0,842.6660826206207,0.8171397452347581,0.9914008738687479,265.69879150390625,224.31503295898438,0.8442455898625588,8.890583992004395,0.032959118485450745,0.01418052613735199,0.20408464968204498,0.21826517581939697,1.1372493505477905,1.280412197113037,0.0026703677140176296,85.46725397507521,5.709954368343848,9.090194798613481,49.61641598624839,14.118974071773692,90.368156424581
mango30_fro_r.jpg,0.0721468934565572,0.10623245882120438,0.0357765257358551,0.6115525444373636,0.00013103610461830616,0.007965677730778142,1.472446750395034,0.33677584170455044,0.4958844937294177,0.4778789941096567,0.0005367609555833042,0.0021315310150384903,233.0,343.0,0.18323861062526703,117.08968776808403,143.50573801006783,61357.0,973.5777693986893,0.8134534092061994,0.9921574334594612,346.5464782714844,228.02407836914062,0.6579898878398258,0.05313052982091904,0.026195496320724487,0.011434391140937805,0.17904511094093323,0.19047950208187103,0.8668398857116699,-0.14936113357543945,0.0033062254078686237,113.21453197585018,3.6663859382269703,9.111705775614196,46.449798481733865,9.451495005448939,73.36524174098832
mango30_fro_r_hor.jpg,0.07545403167570305,0.11193625560075086,0.035725727677345276,0.599203021165416,0.0001313516869688921,0.008349322593976262,1.483502645449699,0.31916136095145237,0.4734767232968058,0.43531270859607113,0.00047668450861237943,0.0014155638637021184,232.0,344.0,0.1978628933429718,117.14497199902605,143.5010307604902,61172.0,984.1219260692596,0.793715256137067,0.9911854300343509,343.18658447265625,227.8526153564453,0.6639321746989784,179.48837280273438,0.02797655761241913,0.012419939041137695,0.19250209629535675,0.20492203533649445,0.5113723874092102,-0.5753889083862305,0.0022606125567108393,113.47203960717474,3.7550134332495264,9.113722247035824,46.235954873792714,9.458853828707454,73.0464085707329
mango30_fro_r_ver.jpg,0.10740537059528896,0.15425489381046942,0.04170835018157959,0.5731351386071427,0.0003146040957749514,0.015568378146216009,1.4361934878630305,0.27038591224746483,0.3883264863797138,0.455277735053376,0.0005103001021780074,0.0009301411919295788,237.0,341.0,0.27861741185188293,117.19083857749159,143.57360521651464,61055.5,1000.7077121734619,0.7661612140721002,0.9876254640450983,342.3666076660156,229.67718505859375,0.6708515956750306,178.49850463867188,0.03379160165786743,0.015515923500061035,0.27199843525886536,0.2875143587589264,0.6921346187591553,-0.3756256103515625,0.0010410271352156997,114.63822625493927,4.068342929276885,9.063707248082208,46.25885815568239,10.579326367860359,73.17565084475666
mango30_sia_r.jpg,0.11615439454550683,0.1362200974242422,0.05818125605583191,0.7141324839141094,0.0003949903252403027,0.016303959907469436,1.1727502687887892,0.42711213070588927,0.5008958660882842,0.42906840264167406,0.0006257109344005585,0.0009446163312532008,251.0,295.0,0.27545076608657837,118.7816393327233,144.7675793622862,56398.5,955.1686086654663,0.776814521180758,0.9866000752215098,310.798828125,231.84005737304688,0.7459489431530394,155.1758575439453,0.04577234387397766,0.02078622579574585,0.26598069071769714,0.286766916513443,0.5371971726417542,-0.5491836071014404,0.0007756826234981418,136.13449355951292,2.915540415546624,10.043186632604788,42.77852467093686,11.98180011617072,64.43856901527415
mango30_sia_r_ver.jpg,0.09967801803780006,0.12006553484796355,0.04201279580593109,0.6622898296024569,0.00021924100135849658,0.011577144441200574,1.2045337298182643,0.3499155345381254,0.42148506393855995,0.4360360932357148,0.00048401890671812,0.0005918226088397205,250.0,301.0,0.2416580766439438,118.79422947091639,144.8258359094624,55863.5,952.766587138176,0.7733301978091531,0.98300178604422,309.1687927246094,230.48757934570312,0.7455072593662738,26.25705909729004,0.035535141825675964,0.01642918586730957,0.23488453030586243,0.251313716173172,0.630606472492218,-0.5586643218994141,0.0003888727515004575,136.49939594215257,2.785937236800595,10.042238965168279,42.692072629072946,11.335005083414762,64.29032086131542
mango30_sib_r.jpg,0.07038937240674059,0.08632607400080419,0.03611767292022705,0.6987378852175147,9.720700718187346e-05,0.006343219252596982,1.226407780736762,0.41838660379586573,0.5131125862512785,0.44292350529501384,0.00042651264811865985,0.0011074517387896776,267.0,328.0,0.15410546958446503,117.19901030806732,138.65629496931075,67665.0,1003.7199051380157,0.8440124955959345,0.9911889433323812,333.7758483886719,258.9168395996094,0.7757207145140967,15.309404373168945,0.027951940894126892,0.012545570731163025,0.14855678379535675,0.16110235452651978,0.6156076192855835,-0.34132838249206543,0.0014139502309262753,108.19889283721477,3.362423435332546,6.293180571451409,54.990308654665064,12.453781461572598,62.97584505594549
mango30_sib_r_ver.jpg,0.08861096097692475,0.11053034929129603,0.03758250176906586,0.6483905591563889,0.0001558089834640471,0.009505486058623206,1.2473665568312629,0.34001975032232507,0.4241292652141843,0.42328981483353223,0.00042736210161820054,0.0008303424110636115,265.0,331.0,0.2029876708984375,117.14108559251805,138.6394577956671,67129.0,1023.7199054956436,0.8049293177415848,0.9894173655430601,332.4253845214844,258.4266662597656,0.7773975102165032,165.5191192626953,0.030913367867469788,0.015501663088798523,0.19621415436267853,0.21171581745147705,0.41983556747436523,-0.864734411239624,0.0010189013555645943,109.06119036344265,3.2449587759617358,6.309567269495949,55.31309932520421,11.986122063512608,62.41092991594649
mango30_top_r.jpg,0.07370186432690706,0.08267822659614368,0.06723414361476898,0.8983150628571749,0.00020654968122975722,0.00925166144451848,1.121792879341853,0.8132025369047399,0.9122448153624677,0.5041560987629726,0.00117013743147254,0.005625155754387379,227.0,256.0,0.15827609598636627,119.87331853496116,138.82228634850168,44694.0,816.0386669635773,0.8434078001289493,0.9926264824767912,253.09523010253906,224.19180297851562,0.8858001902591626,0.29315194487571716,0.016104042530059814,0.005034059286117554,0.15634754300117493,0.16138160228729248,4.065021991729736,24.666242599487305,0.00683871703222394,107.1556936736959,4.095795274648357,8.272051851350671,49.04519422863485,17.954810697471334,58.263263041065485
mango30_top_r_hor.jpg,0.06878153244195767,0.07775272508127702,0.056988030672073364,0.865515306885616,0.000157746520007537,0.007739355320256615,1.1304302524357075,0.7329393357274905,0.8285367983064869,0.5175933299317538,0.0010184465209022164,0.0047451588325202465,227.0,256.0,0.15684789419174194,119.96468998515827,138.79183926633144,44790.5,811.938162446022,0.8537876444895268,0.992796267358225,252.66270446777344,224.7552490234375,0.8895465972980771,0.08538059890270233,0.017986193299293518,0.007972419261932373,0.15356728434562683,0.1615397036075592,2.275747060775757,9.945647239685059,0.006398712284862995,107.21090756041912,4.114916935621725,8.28130688469716,48.91763950114082,18.001293241086238,57.84546884345303
mango30_top_r_ver.jpg,0.08066812713529162,0.09203973382858807,0.04033075273036957,0.7268796849473018,0.00015220904188311277,0.00816764685514038,1.1409677786894035,0.4381884980836679,0.4999589573057685,0.508307826115809,0.0006538366433233023,0.002159284893423319,226.0,258.0,0.21246828138828278,119.89208633093526,138.838051540192,44530.5,829.997034907341,0.8122960731609298,0.9898856298140511,253.03346252441406,223.47885131835938,0.8831988033867137,178.71897888183594,0.023511096835136414,0.009674236178398132,0.2073821723461151,0.21705640852451324,0.7648080587387085,0.6526474952697754,0.003060345072299242,107.58331291623048,4.0498105792283035,8.281007327656983,49.12031984319665,18.222651795785197,57.862240238768734
mango31_bac_u.jpg,0.07488188042962995,0.11241877108489462,0.09227490425109863,0.8177004298481978,0.000363466658648974,0.013777882928461658,1.501281357250902,0.8208140274137665,1.2322727971263185,0.4679133110080817,0.0016254655783995986,0.0067420885898172855,172.0,258.0,0.21223758161067963,113.96575161091005,148.88407332215257,33660.0,738.1564160585403,0.7762956948390649,0.9913266282819656,256.84307861328125,167.83489990234375,0.6534530765185473,179.1281280517578,0.0313296765089035,0.009681522846221924,0.20946459472179413,0.21914611756801605,2.9125304222106934,12.552000045776367,0.006431857589632273,105.18315826639598,5.339913046225663,7.151972595324636,42.05313796451584,4.544118597043217,106.53476329184689
mango31_bac_u_hor.jpg,0.07262146990926996,0.11150815453533008,0.06879585981369019,0.7379122053361248,0.0002748193076355001,0.011588851841624429,1.5354709106637943,0.6169581058925426,0.9473212246962321,0.4933024528533006,0.0012299298541620374,0.0041149454191327095,172.0,264.0,0.2285480797290802,114.0238916910008,148.8392472642539,33573.0,746.6416965723038,0.7567902620428412,0.9881532280613972,255.21945190429688,168.1066436767578,0.6586748871312327,0.7553574442863464,0.03138962388038635,0.013153210282325745,0.22378860414028168,0.23694181442260742,1.7029321193695068,4.203610897064209,0.004345909226685762,105.16084122349055,5.477819658099097,7.199976193459955,42.02990885762322,4.7450583693628365,105.9869333097366
mango31_bac_u_ver.jpg,0.0701639063838822,0.10299571643719907,0.05649891495704651,0.7202863434596953,0.00019464580457310981,0.009210743221202789,1.467930190113515,0.5485559682620037,0.8052418667787464,0.4767294886702128,0.0009304802515543997,0.00308605725876987,177.0,261.0,0.22449471056461334,114.09435292044753,148.810736205327,33710.0,767.6711341142654,0.7188167611515789,0.9818112976743508,251.6437225341797,169.8908233642578,0.6751244245370844,0.3654443323612213,0.03282146155834198,0.01295633614063263,0.2186063975095749,0.23156273365020752,1.1802921295166016,1.6036529541015625,0.003683221759274602,105.68781017825155,5.710088526111103,7.141909924035175,41.98487651601915,4.618182886563849,105.60535048307051
mango31_bot_u.jpg,0.06949508925035658,0.08945191788802548,0.08546693623065948,0.905435767901579,0.0002514466705628563,0.010704581155036218,1.2871689043491157,0.9554511322791946,1.2298269870949328,0.47326455579907944,0.001701225875876844,0.006840732879936695,173.0,222.0,0.19518627226352692,117.89983460822825,145.3082144579974,28722.5,678.6000664234161,0.7837982806951465,0.9863665241504833,214.83265686035156,170.29112243652344,0.7926686981636054,179.39739990234375,0.030433565378189087,0.010631963610649109,0.19208240509033203,0.20271436870098114,2.6644184589385986,10.391603469848633,0.008460507728159428,79.65667424712288,4.935096007202629,7.524585897710547,39.56574322927435,5.623290211491067,113.71724898352974
mango31_bot_u_hor.jpg,0.07067082403293488,0.0886348973708758,0.10239346325397491,0.8422353759380579,0.000296620241550535,0.012239708171599932,1.2541936305931438,1.1552274137073688,1.4488788641583725,0.4624700901684775,0.0019052991410717368,0.00810911599546671,175.0,222.0,0.17885884642601013,118.11127907376232,145.21451884426426,28804.5,682.9432120323181,0.7760702212917401,0.9841467789603157,214.1796875,171.0741424560547,0.7987412086221047,0.35676109790802,0.026212573051452637,0.008613601326942444,0.17573700845241547,0.1843506097793579,4.093026638031006,22.76691246032715,0.008706729859113693,79.63232212182636,5.013763196035867,7.551362233074191,39.38537121654585,5.9231931040653265,112.96045624763802
mango31_bot_u_ver.jpg,0.06454586008852291,0.08023465721237592,0.059421464800834656,0.8414518072771198,0.00014925035934787293,0.007604247786731513,1.243064343744684,0.7405959826506132,0.920608459153534,0.48499988795763993,0.001104770228266716,0.0039027526509016752,176.0,219.0,0.2002340406179428,117.90423001344503,145.2406660461268,28715.0,666.9848424196243,0.8111230735883597,0.9889788186671259,213.67453002929688,171.4598846435547,0.8024348274922887,1.233530879020691,0.02881377935409546,0.010896310210227966,0.1955186128616333,0.20641492307186127,1.8175841569900513,4.8613362312316895,0.004705572035163641,80.02185679318785,4.578424729722531,7.529042859275354,39.67094149688006,4.837811936364873,112.55541765780674
mango31_fro_u.jpg,0.08128755491225156,0.12729647790892923,0.05370250344276428,0.6458454519487946,0.00026578717849878923,0.011802579208293968,1.5660020534058807,0.42186951536227313,0.6606485273266635,0.47829853126515937,0.0009211633005179465,0.0029957883525639772,190.0,298.0,0.24829848110675812,113.87574573614393,155.08155721404674,42386.0,821.3523732423782,0.7895384143918932,0.9918566013010718,293.40545654296875,185.18582153320312,0.6311601144543915,179.11102294921875,0.036712273955345154,0.014422386884689331,0.24254918098449707,0.2569715678691864,1.0920281410217285,0.7528104782104492,0.004168693907558918,99.13426759937299,4.917452759034517,10.199252196838948,38.560349063004466,3.7004565333706223,143.1787427181059
mango31_fro_u_hor.jpg,0.07809226265597388,0.12216579727916238,0.0538163036108017,0.655451962233204,0.0002481540805073826,0.011212184115121156,1.5643777388977598,0.44051858056331006,0.6891374610040816,0.4833368597538665,0.0008666381472721696,0.0026661751326173544,192.0,299.0,0.23458540439605713,114.09377988198801,155.00139935163375,42504.5,841.997035741806,0.7533965907784416,0.9898579413134606,295.562255859375,184.9134979248047,0.6256329902042171,0.4764634668827057,0.033271417021751404,0.013843491673469543,0.22925277054309845,0.243096262216568,1.0926549434661865,0.7658193111419678,0.0035731024108827114,99.19056836998857,5.084104801160583,10.17510922896738,38.26643655106467,3.8415033334758264,142.7587284558155
mango31_fro_u_ver.jpg,0.07018340252308256,0.10826717487488555,0.05071048438549042,0.6721190265987949,0.000175680698687549,0.008930150801189283,1.5426321748831948,0.46838281726748554,0.7225424040792592,0.4559267433499012,0.0008061988046392798,0.002571300370618701,190.0,294.0,0.2131391316652298,113.89105606993468,155.22148329181746,42193.5,822.1391707658768,0.7844490382211576,0.9910858995137763,289.7818908691406,186.69699096679688,0.644267281184611,0.05022880807518959,0.036221906542778015,0.01416921615600586,0.20683905482292175,0.2210082709789276,1.0179264545440674,0.49613428115844727,0.0033604854252189398,100.00199746204822,4.79059776519414,10.04282731157794,38.41678808102646,3.4425294807459825,143.06542275696762
mango31_sia_u.jpg,0.11383019882555677,0.13235955803119456,0.05897743999958038,0.7263471972860814,0.00038817189530051947,0.015876642766397456,1.1627806978887367,0.4455850478563894,0.5181176929152387,0.43684298688201884,0.000638666853774339,0.001176704652607441,269.0,313.0,0.246506929397583,109.54888926416629,162.38044429433347,64685.5,1014.9087235927582,0.78915594494287,0.9845211369430387,318.16473388671875,259.52056884765625,0.8156798702274071,161.5112762451172,0.04717095196247101,0.020230397582054138,0.2370959371328354,0.2573263347148895,0.6705920100212097,-0.24007010459899902,0.0009175643790513277,129.71194559159923,4.664016746877156,14.189881489728595,40.27928826934001,6.687795592030076,146.11349924006325
mango31_sia_u_ver.jpg,0.10317761715970059,0.12249270900627715,0.05220085382461548,0.7106910951595647,0.000272531570557566,0.012937985196219191,1.1872023446391502,0.4261547829915366,0.5059319575467405,0.413088856046296,0.000572551682125777,0.0007997833308763802,269.0,319.0,0.2269522249698639,109.6256884102313,162.30947864398482,64932.5,1001.1341195106506,0.8141181981111099,0.9850944398088447,320.7074279785156,260.33251953125,0.8117445896784462,17.39130973815918,0.04225853085517883,0.02024860680103302,0.21789418160915375,0.23814278841018677,0.4316330850124359,-0.7748606204986572,0.0006252133171074092,129.41567739566761,4.667351037614504,14.132660394104168,40.19333618896096,6.459513794574972,145.71516644229592
mango31_sib_u.jpg,0.11554996926535764,0.13850209949379308,0.058791011571884155,0.7074938752697416,0.00041746338378555506,0.016626502433892333,1.1986338064333573,0.42447740349610263,0.5087929658974816,0.44369165970459984,0.0007348578074015677,0.0013310646172612906,233.0,279.0,0.2970115542411804,111.99502388137253,155.52439097503947,49646.5,883.653889298439,0.7989766996334954,0.9888460657484589,281.800048828125,224.78314208984375,0.797668925270283,16.755006790161133,0.044765084981918335,0.018439441919326782,0.28880026936531067,0.30723971128463745,0.705359697341919,-0.10312175750732422,0.0010352646932005882,134.58780151481844,4.440101114902565,7.038113545781874,39.482423709506584,2.965836274796584,111.13229680848937
mango31_sib_u_ver.jpg,0.09361980237273804,0.11334248024003438,0.05076687037944794,0.7178839258481386,0.0002406454208702084,0.011385876492015069,1.2106678006942637,0.4479068242721961,0.5422663698575717,0.4467214217643391,0.0006213405868038535,0.0011362339137122035,233.0,282.0,0.23613116145133972,112.09427978778571,155.44708604252264,49741.0,890.5828220844269,0.7880898752960438,0.9869833521836617,284.4324645996094,224.47988891601562,0.7892203487812548,164.24851989746094,0.04141385853290558,0.01751786470413208,0.22872017323970795,0.24623803794384003,0.8227409720420837,-0.09693384170532227,0.0006610585260204971,135.09814910846066,4.465600520195047,7.084475883326999,39.4334436954007,3.0633751735720915,110.46274282978978
mango31_top_u.jpg,0.07997521155856434,0.10017795357511002,0.09294803440570831,0.9047955002449958,0.0003662597037008186,0.013665897436222598,1.2526125485989066,0.9278292387558011,1.1622105474224875,0.4918372033104392,0.0016229061875492334,0.008283107541501522,206.0,259.0,0.17750626802444458,115.5594129268981,147.07994637313013,42165.5,794.6833281517029,0.83903275330022,0.992456338558584,260.19122314453125,206.69219970703125,0.7943857491004517,0.5065581798553467,0.019161581993103027,0.005455732345581055,0.17591628432273865,0.1813720166683197,4.832168102264404,32.799556732177734,0.00985497422516346,93.05308589707404,5.6202899661385475,7.7470616681740285,41.24830651989839,7.475162920276057,124.29466553767993
mango31_top_u_hor.jpg,0.07138094806440923,0.09003374468951056,0.07307924330234528,0.8633533438348346,0.0002374773245113035,0.010263252395231043,1.2613133774613128,0.8116872574207105,1.0237919960996262,0.5056389024945043,0.0012553699780255556,0.006593022961169481,206.0,261.0,0.16785630583763123,115.60365537707852,146.99307550991568,42098.0,807.4701237678528,0.811368985491457,0.9913342438656808,260.0191345214844,206.2492218017578,0.7932078621110719,179.44644165039062,0.01634538173675537,0.005952522158622742,0.1654537320137024,0.17140625417232513,4.109041690826416,26.818532943725586,0.008483233861625195,92.9715248009798,5.652506466460009,7.765099034627203,41.22264355362947,7.2987860169225325,123.0995572094776
mango31_top_u_ver.jpg,0.06137809429266826,0.07781446628444497,0.04324699938297272,0.7596547037977484,0.0001062183759434625,0.006167587006129495,1.2677888940866002,0.5557706869682373,0.7045999045972117,0.5142448294142217,0.000732931075617671,0.002816324820742011,205.0,260.0,0.16886653006076813,115.50239969737807,147.0478520935291,41944.5,797.8549008369446,0.8280128023202217,0.9919005841038617,259.2531433105469,206.5546417236328,0.79672955585426,178.8922119140625,0.023234859108924866,0.00933179259300232,0.16507349908351898,0.1744052916765213,1.0763713121414185,1.3645305633544922,0.003904870478436351,93.29638035794501,5.466190180185541,7.740096814103603,41.47662954819491,7.437396868069212,123.10045629713692
mango32_bot_u.jpg,0.0659805647519979,0.08159348825839433,0.07300671935081482,0.8977511160793585,0.00019033309615878858,0.008959000811590697,1.236629128063407,0.8947615907731938,1.1064882458224816,0.4842615081019151,0.0013390189269557595,0.004600943997502327,184.0,227.0,0.17974278330802917,115.84363946437595,139.53843481556342,31361.0,694.2985513210297,0.8175366824079922,0.990149338553342,223.17251586914062,178.65699768066406,0.8005331525026197,177.2121124267578,0.0435318648815155,0.014054402709007263,0.1754649579524994,0.18951936066150665,1.7749762535095215,3.1121182441711426,0.0051787132397294044,108.308299646286,4.6362604443572835,7.343768659635609,56.57083754421425,13.199157499522684,68.009632390096
mango32_bot_u_hor.jpg,0.06969556470370439,0.0857281417016061,0.08370032906532288,0.9258951923206995,0.00023348811797756062,0.010251923137292908,1.2300372637205932,0.9763460096529162,1.200941974157993,0.4668840828530781,0.0013805105118080974,0.0048559121787548065,185.0,227.0,0.18323227763175964,116.06969231251765,139.39996236238747,31573.0,703.3279888629913,0.8020656416112086,0.988757359388701,223.66156005859375,179.1198272705078,0.8008520875182257,1.784671664237976,0.05391572415828705,0.01452241837978363,0.1788925677537918,0.19341498613357544,1.7709400653839111,2.697309970855713,0.004657593090087175,108.46739641815388,4.912830920396473,7.389181025988074,56.53492456795157,13.692270652338816,67.26004453784148
mango32_bot_u_ver.jpg,0.07091990149581259,0.0877868290244831,0.06310506165027618,0.8343043955439059,0.00018789542349352732,0.008864763809748414,1.237830667738116,0.7188442998969314,0.8898075197411571,0.47824949616361395,0.0011210119118914008,0.00345530454069376,186.0,229.0,0.2092667669057846,115.99853450157462,139.34358142870505,31768.0,697.612258553505,0.820297770376404,0.9895340144530277,224.3922882080078,180.15798950195312,0.8028706821463925,0.9967039823532104,0.03899526596069336,0.014202013611793518,0.20312345027923584,0.21732546389102936,1.2382054328918457,1.4464378356933594,0.003172884462401271,108.97736272645069,4.638605824954383,7.412279091696513,56.85051916061239,13.282968822123525,66.91122821240373
mango32_bott_u.jpg,0.05606005617096718,0.06990429096001108,0.07513631880283356,0.8854264923653512,0.0001336588278459127,0.007051486584171921,1.2469536374851806,1.0748455891758557,1.3402826171577356,0.45393155210022385,0.0013777394779026508,0.005630099214613438,186.0,231.0,0.1389634907245636,115.45727799816906,138.445193774794,32465.5,701.0264737606049,0.8301625192262255,0.9916611940070559,226.9876708984375,181.5933074951172,0.800013968936527,176.57957458496094,0.025226175785064697,0.009149909019470215,0.13517917692661285,0.14432908594608307,2.8206980228424072,12.331014633178711,0.006058965343981981,90.30860543179737,5.869137168923747,8.377400444426176,60.29160817821178,16.154330258244457,88.8339639914556
mango32_bott_u_hor.jpg,0.0577339752710166,0.07038830647449476,0.06566670536994934,0.9146576102853639,0.00012649427272878294,0.006772668913743899,1.219183438245432,0.9329206605324949,1.1374014185182066,0.47401671567544007,0.0011428510770201683,0.004208400845527649,187.0,230.0,0.1502108871936798,115.48048555623848,138.4540258143823,32231.0,706.2985516786575,0.8119083591460095,0.9892879066912216,226.60911560058594,180.7554473876953,0.7976530286905543,2.450894355773926,0.02569827437400818,0.010071709752082825,0.1466640830039978,0.15673579275608063,2.132673978805542,6.733798980712891,0.004577898886054754,89.98322065150585,5.9377600763490195,8.39797628075466,59.9540565457898,16.421984375270657,88.08291333743085
mango32_bott_u_ver.jpg,0.07570465588858821,0.08923842611595868,0.04504746198654175,0.7537541292692536,0.00014392477054654148,0.007831748342605676,1.1787706458541682,0.5047989296450156,0.5950421603241478,0.47292331641261914,0.000679333577863872,0.0013309094356372952,190.0,224.0,0.23777300119400024,115.84433355782771,138.5342558011388,32348.0,715.1858539581299,0.7947297431388501,0.9854834041645721,221.16744995117188,184.6664581298828,0.8349621889236072,5.300647735595703,0.03729186952114105,0.014014288783073425,0.23185719549655914,0.24587148427963257,0.9610591530799866,0.3190445899963379,0.0010266373865306377,92.27674034163962,6.871264281500727,8.353267756918585,60.21680034286414,18.251480256708124,89.16616665646238
mango32_fro_u.jpg,0.05384865495474115,0.0903989893335584,0.03878454864025116,0.6346030432866753,9.053019335186127e-05,0.005784370236364138,1.678760396328138,0.42903741431380527,0.7202510196930433,0.4795084572318079,0.0006294064805842936,0.0023478055372834206,191.0,321.0,0.16182959079742432,113.10620969075575,142.23358690259633,47985.5,884.6244515180588,0.7705521024728242,0.9923072946285478,317.1578063964844,193.36599731445312,0.6096838653018144,1.8205331563949585,0.028446972370147705,0.01204991340637207,0.15698891878128052,0.1690388321876526,0.8871260285377502,0.0549013614654541,0.003756178542971611,133.76575161236977,4.222945715803461,9.020242642391286,57.36232842731933,14.638547265759813,69.58096990243095
mango32_fro_u_hor.jpg,0.05593888447990661,0.09186955972070605,0.03992633521556854,0.6420122676693423,9.646373925739936e-05,0.006082762693826495,1.642320195957891,0.43459809034623825,0.7137492209003593,0.4701313444798152,0.0006459843716584146,0.002407436491921544,195.0,319.0,0.16591417789459229,113.20136574931095,142.19141058867086,48226.5,901.1097328662872,0.7463460651091689,0.9908977901971461,316.3817138671875,194.8776092529297,0.6159572462988063,178.21810913085938,0.031227439641952515,0.013883054256439209,0.16034170985221863,0.17422476410865784,0.7791731953620911,-0.2774055004119873,0.0035563400015234947,133.95345345345345,4.290978200618538,8.972781817680337,57.21837591015673,14.771592205938013,69.32689538853923
mango32_fro_u_ver.jpg,0.06852943465127677,0.113399107109192,0.03940986096858978,0.5944120349652835,0.00014274093750544313,0.00838302698675869,1.6547503665576975,0.3475323745771828,0.5750793242222602,0.46607612664033854,0.0005753522273153067,0.0014368501724675298,193.0,320.0,0.2140454649925232,113.10051647964157,142.20754599572712,47824.5,877.4528795480728,0.7805715085580512,0.9913046181908631,316.1553039550781,193.14967346191406,0.610932889771662,177.57557678222656,0.03039853274822235,0.014430522918701172,0.20762237906455994,0.2220529019832611,0.5484666228294373,-0.4685983657836914,0.0017489398596808314,134.29263031258427,4.121731753792081,8.974631501872533,57.381904544606,14.5299933359745,69.34380120719338
mango32_sia_u.jpg,0.10394138019502135,0.12135782962979935,0.059482499957084656,0.7487681513051001,0.0003234347183142408,0.013798729688708657,1.1675603056463189,0.4901414283572418,0.5722696759027045,0.4310633931293242,0.0007538057980127633,0.0016727205365896225,234.0,274.0,0.2592116594314575,113.06667365991818,141.47313542431553,47279.0,886.5239490270615,0.755957189098035,0.9778085704831238,281.523193359375,214.17823791503906,0.7607836333457345,153.7835235595703,0.047785043716430664,0.02070346474647522,0.25037965178489685,0.27108311653137207,0.739748477935791,-0.24625015258789062,0.001132304547354579,121.97306199517466,3.683133130239422,9.129397026321925,58.73999790202455,11.293320656509565,74.592887863212
mango32_sia_u_ver.jpg,0.0855204108593616,0.09987488065706324,0.044879063963890076,0.7273336390504515,0.00016734884731411852,0.008941854111537029,1.167848466272076,0.4493528669935506,0.5247760565333782,0.43656898892874274,0.0005770237185060978,0.0008641985477879643,233.0,272.0,0.2183855026960373,113.12515340019466,141.37833777664932,46885.0,859.6955193281174,0.7971764454287728,0.9868448747632077,278.6439208984375,215.3494415283203,0.7728481598807702,26.176868438720703,0.03480897843837738,0.015388429164886475,0.21144697070121765,0.22683539986610413,0.675662100315094,-0.28533434867858887,0.0005336709436960518,122.04819939909441,3.6272129535811515,9.12394023625319,58.90503998984385,11.276633020371339,74.02109517159663
mango32_sib_u.jpg,0.09936568438234725,0.11337739356244672,0.056622475385665894,0.7592604548064931,0.00027776171849980383,0.012482801916268061,1.1410115500858837,0.49941592063923224,0.569839333746139,0.4354323004622819,0.0008058886742219329,0.00134950689971447,214.0,244.0,0.2760811448097229,111.8540390114379,145.52925857843138,38818.0,792.4406861066818,0.7768004868151732,0.9868314012609315,254.84872436523438,193.96180725097656,0.761086043236386,28.73341941833496,0.04512295126914978,0.01883271336555481,0.2678031623363495,0.2866358757019043,0.701470136642456,-0.24869489669799805,0.0008152129012160003,128.5926521650327,4.740962929542383,8.673057583160448,51.5272926879085,6.989398090303791,74.38194444444444
mango32_sib_u_ver.jpg,0.07387602710995508,0.08527007071521558,0.04329006373882294,0.7605004995276465,0.0001228881624229381,0.007106734131534575,1.1542319484546986,0.5076818088189795,0.5859825633881364,0.45063162794166045,0.0006382474675774574,0.001027408055961132,214.0,247.0,0.20274198055267334,111.86940508465906,145.54414548058725,38744.5,794.8843377828598,0.7705699078671211,0.987020431038875,256.5881652832031,192.30160522460938,0.7494562541976986,151.3165740966797,0.032923340797424316,0.013466030359268188,0.19646042585372925,0.20992645621299744,0.8373668193817139,0.16220307350158691,0.0005700247129425406,129.3136477569185,4.630986688536664,8.6360711862101,51.53583303493785,6.936829573378978,74.17264310194895
mango32_top_u.jpg,0.08376723500183603,0.10364207207061635,0.11493930220603943,0.8694095072592474,0.0004504729818182974,0.0159274603724661,1.2372626608523571,1.10900235695525,1.3721272070579884,0.45142948816623374,0.0017715279245749116,0.008606006391346455,202.0,251.0,0.17525768280029297,116.30380928355197,140.57522704339053,39289.0,785.327988743782,0.8005319828737008,0.9907953800373228,248.2686004638672,201.15138244628906,0.8102167655130617,174.2147979736328,0.02502550184726715,0.008584603667259216,0.1722307652235031,0.18081536889076233,4.638761043548584,32.077789306640625,0.008777669630944729,89.27757315842584,5.044139741476086,8.963244366302062,52.887487386478305,14.405152922481351,89.27663975782038
mango32_top_u_hor.jpg,0.0774097373139673,0.09545953496869476,0.09698523581027985,0.9227156471252718,0.0003392087730578889,0.013063481665080732,1.2331721858390892,1.0159826971929564,1.2528816034721315,0.4733109390196615,0.001555221271701157,0.0076095047406852245,201.0,250.0,0.17303229868412018,116.33998938402043,140.5225842327427,39219.5,774.8843374252319,0.820801518677548,0.9912675344370024,248.01271057128906,201.40548706054688,0.8120772786064715,6.051394939422607,0.020387008786201477,0.007710158824920654,0.1694672703742981,0.17717742919921875,4.453803062438965,31.447593688964844,0.00814139936119318,89.17698354523165,5.112988711119151,8.99220535359657,52.94729924424336,14.49961855963292,88.42122690392539
mango32_top_u_ver.jpg,0.0720221657188389,0.09010218077716937,0.08312854170799255,0.9034731375988256,0.0002591269435193726,0.01097277093554594,1.251034037617134,0.9226029935232839,1.1542077481050885,0.4803534690719444,0.0013214807258918881,0.005335707683116198,201.0,251.0,0.1756208837032318,116.28014954781993,140.48251907239933,39238.0,780.9848428964615,0.8084097006203261,0.9911589370516318,247.9402313232422,201.5950469970703,0.8130792083284331,5.648839950561523,0.03515763580799103,0.01559843122959137,0.16828981041908264,0.183888241648674,1.3590070009231567,3.35064697265625,0.005898137576878071,89.43959985853584,4.959526844402858,8.99512940055934,53.17574394988127,14.27123413776826,88.06951952710554
mango33_bac_r.jpg,0.071013591055299,0.09023511705080461,0.07361270487308502,0.8626759542839953,0.0002388995332055038,0.010348174259177887,1.27067390495064,0.8157877695403136,1.036600230732763,0.5064603657229478,0.0013018337776884437,0.005020580720156431,191.0,242.0,0.18974539637565613,115.61392020335985,148.85880857648098,35862.0,744.9848432540894,0.8119877849709416,0.990348369992958,247.60768127441406,186.737060546875,0.7541650549197685,174.4959716796875,0.034838512539863586,0.011073768138885498,0.1854609102010727,0.1965346783399582,1.9733420610427856,5.077520370483398,0.004948446527123451,122.75892462422635,4.9116146557714595,9.290604525236628,41.17362953138815,8.125420672005784,93.51859526967286
mango33_bac_r_hor.jpg,0.07320953045238654,0.09272890389176175,0.06198549270629883,0.808119913872582,0.00021350290276049046,0.009602940116856794,1.26662339341283,0.6684592409142643,0.8466861120849899,0.507377236588935,0.001100038061849773,0.003985572140663862,191.0,243.0,0.20760175585746765,115.71936529035474,148.7736977652239,35785.5,740.5411911010742,0.8200088000015203,0.990656922182543,244.9366455078125,187.7054443359375,0.7663428391728768,5.124074459075928,0.035136058926582336,0.01079946756362915,0.20345374941825867,0.21425321698188782,1.6903327703475952,3.0447888374328613,0.00398918567225337,122.71601451081388,4.999088969790895,9.295899234357094,41.16576666389743,8.35721104191797,92.95397524300074
mango33_bac_r_ver.jpg,0.08098405982826995,0.10153734530100719,0.042155295610427856,0.6918310105591254,0.00017657844899298734,0.009279076483120543,1.2537942098274812,0.4151703541732216,0.5205381861544099,0.5094014882510053,0.0006949217058718204,0.001713641220703721,191.0,240.0,0.2561502158641815,115.64722756008578,148.93591778761802,35574.0,748.4995623826981,0.797920206412453,0.9863856924996534,242.52316284179688,188.00831604003906,0.7752179785098753,5.234990119934082,0.030420780181884766,0.013521075248718262,0.25034594535827637,0.26386702060699463,0.8427233695983887,0.11745953559875488,0.0015818283427506685,123.57027877572618,5.019172397523765,9.220315536234176,41.18503355891609,8.320307814472212,93.36296543849389
mango33_bot_r.jpg,0.07279882496165825,0.08918218791934043,0.07331602275371552,0.8754990391040988,0.0002347101967005375,0.010087510006937854,1.2250498269211212,0.8220926674284461,1.0071044799463407,0.4930949648758089,0.00134685926605016,0.005695692263543606,192.0,233.0,0.19506630301475525,121.01875756949163,140.82119753049952,33540.0,717.6122589111328,0.8184520183999876,0.9906078327130958,229.3846435546875,186.80162048339844,0.81435974783928,171.30804443359375,0.023001402616500854,0.009942173957824707,0.1913066804409027,0.20124885439872742,2.4936933517456055,10.602254867553711,0.006947262212634087,88.82760759755413,3.858319596011298,7.239640327201014,38.792603314329604,8.136128153680595,83.86397069683632
mango33_bot_r_hor.jpg,0.06857260763803098,0.08164245615091685,0.07027183473110199,0.8974975631763622,0.0001829426672069155,0.008614793077738995,1.1905986801884023,0.8607266126487405,1.0247799690226247,0.4650150269649119,0.0013034639414399862,0.005101242568343878,195.0,233.0,0.17717255651950836,121.24173341548573,140.67810932136257,33776.0,713.0681031942368,0.8347492927225245,0.9916326590528757,228.8475341796875,188.19793701171875,0.8223725795705916,8.690054893493652,0.028249382972717285,0.010752007365226746,0.17333348095417023,0.18408548831939697,2.1415512561798096,6.981593132019043,0.006011408753693104,88.89041457618167,4.024042984030362,7.311683434647277,38.60481765102837,8.514470560723561,82.07736994982837
mango33_bot_r_ver.jpg,0.07738352196534119,0.09133779481965812,0.0563734769821167,0.8056395097260792,0.0001872530902881661,0.00887429445036804,1.1803261534227767,0.6171977010548951,0.7284945883875052,0.46995379144875193,0.0009671489242464304,0.0029929056763648987,197.0,233.0,0.2219136655330658,121.10742921388207,140.78055563774078,33473.0,729.126978635788,0.7912216560516394,0.9880599217769906,228.23355102539062,186.3134765625,0.8163281679027679,9.137438774108887,0.030418500304222107,0.013080030679702759,0.21655264496803284,0.2296326756477356,1.216186285018921,1.8016815185546875,0.0037146788090467453,89.23906032722861,3.895506816567218,7.281402914423518,38.66214976774461,7.772397485550326,82.70718068581911
mango33_fro_r.jpg,0.058661612036742805,0.07972450921635722,0.04532018303871155,0.7478605878712777,0.00010853492696500385,0.00625740358659286,1.3590575923215618,0.5684598561243087,0.7725696833957644,0.5120731626250599,0.000833650294225663,0.0034254612401127815,199.0,273.0,0.16310004889965057,118.9434263517861,151.6987107690108,41613.5,799.3107438087463,0.818488925645165,0.9915885289457067,278.3203430175781,192.80227661132812,0.6927351214106227,3.072908639907837,0.026814430952072144,0.00869092345237732,0.16010451316833496,0.16879543662071228,1.3924490213394165,1.6421875953674316,0.004513869993388653,108.64177966303649,3.5614637274540346,10.198492117987447,34.14205371398613,5.184948257727396,114.5960012391869
mango33_fro_r_hor.jpg,0.06478051503649086,0.08858508540969298,0.054028525948524475,0.7640388337528295,0.0001452087128889694,0.007520602650311552,1.3674649755376753,0.6099054451282684,0.8340243346026225,0.46834355937203426,0.0008527001482434571,0.0033160699531435966,200.0,274.0,0.17581191658973694,118.96370266212254,151.62279844610214,41601.5,810.3401818275452,0.7961302117861385,0.9900522376515666,277.9813232421875,193.5293426513672,0.6961954867836835,176.25128173828125,0.0336633175611496,0.010406404733657837,0.17179188132286072,0.18219828605651855,1.429548740386963,1.9332489967346191,0.003831749316304922,108.6500869896804,3.677357230269263,10.180254196941565,34.1025048261398,5.373994256132369,114.1612049858195
mango33_fro_r_ver.jpg,0.07668133396032392,0.10607079719028772,0.04026001691818237,0.6498163716532371,0.00014797082431640372,0.00856794697100569,1.3832675008649478,0.37955797434007355,0.5250302105987555,0.45187326583269266,0.0006085267523303628,0.0014700595056638122,197.0,272.0,0.23820710182189941,118.82051963104264,151.77625923600715,41058.0,804.4406864643097,0.7972960243554267,0.9899457504520796,276.29010009765625,191.99737548828125,0.6949122513633993,176.11166381835938,0.029208794236183167,0.012212395668029785,0.23248286545276642,0.2446952611207962,0.5507202744483948,-0.20320773124694824,0.0017787013202905655,108.89827111604771,3.3857916828118335,10.117404709831039,34.24373400299416,4.840598511369537,114.65299174192302
mango33_sia_r.jpg,0.0952328281109478,0.10234611674799315,0.037018731236457825,0.6955929276805658,0.0001582036708357565,0.009452695840065613,1.0746936616096108,0.3617013758090016,0.3887181759774098,0.43846706325344287,0.0004836533043999225,0.0007161239045672119,240.0,258.0,0.24531608819961548,120.57679467528922,148.14040355260673,47257.5,844.2813068628311,0.8331175047713563,0.9896133267718596,267.9068908691406,224.39474487304688,0.8375848196553208,150.06301879882812,0.02961018681526184,0.01351514458656311,0.23949003219604492,0.25300517678260803,0.5170245170593262,-0.6159610748291016,0.0005559175042435527,111.1062212610494,2.5965306533427035,6.959143251480557,32.81550381086359,6.612086908301264,91.78354714762635
mango33_sia_r_ver.jpg,0.0787111863211408,0.08271070975008378,0.031412363052368164,0.7123135247064359,9.67916287524141e-05,0.006583272455463209,1.0508126432325002,0.3797859206780213,0.39908384717016027,0.4733027023667117,0.00042429822497069836,0.0007888653199188411,241.0,254.0,0.2000707983970642,120.59352352226551,148.03495873654225,47374.0,840.0386645793915,0.843628742996898,0.9926245652265013,269.0965576171875,225.73463439941406,0.83886110026179,30.417226791381836,0.022101253271102905,0.010247468948364258,0.19531062245368958,0.20555809140205383,0.5485650897026062,-0.41013169288635254,0.0007617123192176223,110.09029785094884,2.6432956328153727,7.008822626515812,32.842612374848144,6.715371378839851,91.81808470529094
mango33_sib_r.jpg,0.09854214930107613,0.10962161045561856,0.03661626577377319,0.6696294960726239,0.00017389080050260965,0.010262446460331875,1.1124337274265383,0.33402415474089087,0.371579735508908,0.43962698940423683,0.0004411929112393409,0.000779272464569658,249.0,277.0,0.246010422706604,121.11302088167054,148.26841763341068,53473.0,907.2102378606796,0.8164479988349778,0.9910941829538399,283.923583984375,240.7484130859375,0.8479338338416665,19.56705665588379,0.027446389198303223,0.012618601322174072,0.24005091190338135,0.2526695132255554,0.3945879638195038,-0.6460607051849365,0.0006666788249276578,116.01406960556845,2.6310472392129314,7.152386277898708,32.36428770301624,7.536041154291551,91.43530394431555
mango33_sib_r_ver.jpg,0.07610236785014424,0.08537669409920992,0.03765513002872467,0.7325678992762027,0.00011378720789647423,0.007038219398051524,1.1218664610715934,0.4410469440872053,0.49479577432955396,0.46508441367305065,0.00046456963173113763,0.0009338733507320285,246.0,276.0,0.1834980845451355,121.13141763875474,148.1409280035664,53439.0,897.2102379798889,0.8342183629619283,0.9915575017627194,284.6028747558594,239.11590576171875,0.8401738948239343,160.9057159423828,0.027893245220184326,0.011756658554077148,0.17875438928604126,0.1905110478401184,0.7499077320098877,-0.12027430534362793,0.0007670105551369488,115.75917601604874,2.640379332670166,7.248866237481404,32.383590905713646,7.075363398638244,90.89939817222677
mango33_top_r.jpg,0.08281433899560965,0.09449750651770811,0.09341016411781311,0.9532781943937593,0.0003533563245078197,0.013371414456640274,1.1410766259055432,0.9884934276049788,1.1279467451012946,0.48338463864460435,0.001616317080333829,0.007704162038862705,214.0,245.0,0.17974567413330078,119.09544037125248,145.7075895597515,40378.5,787.3696196079254,0.8184699485336783,0.9912969827903665,244.0074920654297,211.63304138183594,0.8673218989730337,174.17752075195312,0.023562923073768616,0.007762044668197632,0.1767827421426773,0.18454478681087494,3.759838819503784,21.370298385620117,0.009007955901324749,109.12605887985858,4.001092563475481,7.609988041526041,37.61072507181968,9.608303903335598,91.07032189947701
mango33_top_r_hor.jpg,0.09292520444929683,0.10663250516494713,0.13785718381404877,0.8048620385843518,0.0005802290860385811,0.019294032042547673,1.147508964837731,1.2928251437101752,1.4835284423750539,0.4247632700056016,0.002103319624438882,0.010213271714746952,215.0,246.0,0.16841192543506622,119.16362306473242,145.62301596976715,40663.5,792.5411913394928,0.8135250567932193,0.9912245420307872,245.34571838378906,212.0989990234375,0.8644903217412401,6.4529547691345215,0.025585919618606567,0.01029244065284729,0.16475224494934082,0.1750446856021881,5.0960187911987305,36.861568450927734,0.009244144894182682,109.19546507375351,4.023128688295212,7.632346572338113,37.69084481287334,10.12698348570503,90.70778983298793
mango33_top_r_ver.jpg,0.07679368923337068,0.08808908222073858,0.050808489322662354,0.7951929992765021,0.0001647036108442749,0.008234806804574444,1.1470875159160798,0.5767853182457229,0.6616232379233519,0.47920266093259234,0.0007855938747525215,0.002802961738780141,212.0,243.0,0.20841579139232635,119.03843391694113,145.72796612268147,40030.5,786.3990570306778,0.813420120142807,0.9904984597112423,242.2779541015625,210.9281463623047,0.8706039604159939,2.396536350250244,0.030660465359687805,0.01403479278087616,0.20248527824878693,0.21652007102966309,0.7353841662406921,-0.019155263900756836,0.004004735499620438,109.18370025507045,3.796801183742404,7.5821131818616045,37.67380698843515,9.126381506163566,90.91198831133454
mango34_bac_u.jpg,0.0955369133981286,0.13532288937539466,0.08755072951316833,0.7701278286740693,0.0005753226109915515,0.018645474766043987,1.4164461103266646,0.6469765012945948,0.9164073487314831,0.5082872377389426,0.0014227142091840506,0.005437001585960388,194.0,279.0,0.2603592574596405,114.81436009202082,144.06838600314808,40927.0,821.8132692575455,0.7615062586054415,0.983621135104606,274.9667053222656,192.27084350585938,0.6992513631078159,175.60003662109375,0.034138068556785583,0.011980414390563965,0.25430727005004883,0.2662876844406128,2.0271365642547607,7.110950469970703,0.005721917375922203,92.10054486015257,5.018027518934401,8.222697785973615,48.11335512773944,7.971656997378982,99.2947814505388
mango34_bac_u_hor.jpg,0.07925874659343254,0.11341962472018463,0.059648096561431885,0.7162903921277076,0.0002637800204787778,0.011366339269832389,1.431004521204259,0.5259063121447329,0.7525743104089712,0.49193746880318195,0.0009592115529812872,0.0030421919655054808,193.0,279.0,0.2304285764694214,114.85263979701377,144.0338147750561,40621.0,821.47012591362,0.7564442502120402,0.9820968775310374,272.5127868652344,191.36880493164062,0.7022378917811227,5.3274431228637695,0.034732475876808167,0.015457823872566223,0.22438223659992218,0.2398400604724884,1.0989162921905518,0.9490597248077393,0.003960323054343462,91.91865911974236,5.052587571966568,8.270311153023155,48.08890406948375,7.881741010572093,98.85373767932077
mango34_bac_u_ver.jpg,0.06880139148111086,0.09714676154092186,0.06814931333065033,0.7920161126681228,0.0002185411280335696,0.00976688550678612,1.4119883253755574,0.7015088537145243,0.9905223115924979,0.4797844262987136,0.0010966270929202437,0.00415169820189476,193.0,271.0,0.18720045685768127,114.82077991452991,144.0400398212898,40818.5,813.0853477716446,0.7758801398163312,0.9905359331205941,276.8313293457031,190.9304656982422,0.6896996309973676,4.285294055938721,0.031392887234687805,0.01193760335445404,0.18212218582630157,0.19405978918075562,1.4613242149353027,3.355638027191162,0.004828914999961853,92.48479992229993,4.932184276593452,8.230066707935135,48.1833479020979,7.612505270894677,98.5178952991453
mango34_bot_u.jpg,0.10604822913424282,0.13714055901413474,0.081287682056427,0.7710196441537049,0.00055985256405843,0.018396923151671955,1.2931904675233492,0.5927326141936528,0.7665161664654269,0.473564998272609,0.0011199316941201687,0.0035036385525017977,221.0,286.0,0.2612239122390747,115.66813725490196,138.84005310457516,48573.5,872.482316493988,0.8018552835658687,0.9909116873049226,281.25927734375,219.82147216796875,0.7815616759169403,2.108888626098633,0.04921799898147583,0.018981099128723145,0.25296685099601746,0.2719479501247406,1.1869522333145142,1.5245933532714844,0.0033824944403022528,108.16752450980393,5.638819071145021,5.228340896172672,55.126450163398694,9.420609259502738,62.96615604575163
mango34_bot_u_hor.jpg,0.10104442916343755,0.12772161455660905,0.08174799382686615,0.7970524348260211,0.00050445118208541,0.01708651051307997,1.26401441043347,0.6400482338925776,0.8090301910127102,0.47815121748441375,0.001111537218093872,0.0032852503936737776,222.0,282.0,0.24281226098537445,115.71196712891629,138.78038007190548,48290.0,867.4112488031387,0.8065233951215285,0.990990990990991,279.2456359863281,220.04824829101562,0.7880096228318111,177.84518432617188,0.0461357980966568,0.01973743736743927,0.23425893485546112,0.2539963722229004,1.0852453708648682,1.26054048538208,0.00352126220241189,108.45947611710324,5.576235029683032,5.2927958576860465,55.20823831535696,9.124483278456367,62.011196712891625
mango34_bot_u_ver.jpg,0.0813250288233912,0.10147280986690599,0.060974299907684326,0.7838336283066341,0.0002293338985045072,0.010346841032341451,1.24774391518838,0.6008929878620646,0.7497605692842562,0.45577187168377736,0.0008248283993452787,0.0021267428528517485,224.0,280.0,0.20037060976028442,115.76509708937148,138.8085102015682,48335.0,870.0386656522751,0.8024065767568016,0.9895182918091183,277.6357421875,221.29347229003906,0.7970640615162206,177.65359497070312,0.04009471833705902,0.019125625491142273,0.19245421886444092,0.2115798443555832,0.7710438966751099,0.02771782875061035,0.0023226800840348005,109.16492877375919,5.87436330508527,5.2675036323499445,55.69859189621906,10.5683166372075,62.12315776509709
mango34_fro_u.jpg,0.09509548680875249,0.13769590736726967,0.05689491331577301,0.658360491115554,0.000348555203384093,0.014309301625914931,1.4479752087939917,0.413192479018421,0.5982924660788052,0.4678613742598285,0.0008444545674137771,0.0028580441139638424,220.0,318.0,0.25180986523628235,117.32570799901364,138.41666192454332,52323.5,908.7077124118805,0.7962660932091017,0.9917642821941696,318.1424560546875,211.94224548339844,0.6661866137318257,179.4071502685547,0.04091085493564606,0.014918148517608643,0.2445240616798401,0.25944221019744873,0.978341281414032,0.5721986293792725,0.004079630132764578,96.08150761585007,3.649416322540938,4.099109804880013,52.83195811756672,7.032956479906725,62.703844913598516
mango34_fro_u_hor.jpg,0.08680956917224883,0.12553000578755935,0.053864091634750366,0.6669971032931142,0.00026729470179264717,0.011865222737181345,1.4460388063726115,0.4290933573755046,0.6204856463216911,0.45538200029275394,0.0007961025112308562,0.0024765213020145893,220.0,317.0,0.22817254066467285,117.43715774262245,138.32360435047156,52177.5,930.1391713619232,0.7578744428645161,0.9909127164995443,317.09033203125,212.5343017578125,0.6702642127129462,0.7862721681594849,0.033326029777526855,0.015636533498764038,0.22099223732948303,0.23662877082824707,0.7179805636405945,-0.03463125228881836,0.0035721578169614077,95.79654700334652,3.7450512583891027,4.167100220328322,52.790633556434436,7.243562002699659,62.093265135381806
mango34_fro_u_ver.jpg,0.07793030647181054,0.11170330403431428,0.05472296476364136,0.6991676432978909,0.0002078859571349354,0.010025824280975891,1.4333743711725337,0.4898956681427341,0.7022038952642398,0.43639838191602515,0.0007483070367015898,0.002085089450702071,219.0,314.0,0.20301289856433868,117.37390857729841,138.28651867069945,52167.5,910.7665886878967,0.7903067810175219,0.9916173241966603,317.1414489746094,212.26744079589844,0.669314722128588,0.05914750695228577,0.039433613419532776,0.016521915793418884,0.19516511261463165,0.21168702840805054,0.680743932723999,-0.13028931617736816,0.0026584852021187544,96.26310182807357,3.662008665017183,4.134962887917979,53.101732960490025,6.983145959795714,61.83712834560292
mango34_sia_u.jpg,0.1284832820064663,0.14243773020210831,0.07054340839385986,0.7644533545630957,0.0005839489737325151,0.02046360380310432,1.108609057752274,0.4952578807157635,0.5490473724846907,0.4523210444646267,0.0008091595373116434,0.0014993324875831604,254.0,281.0,0.2941702902317047,113.71765083783929,145.4618377143673,55608.5,950.68332695961,0.7731776469096819,0.985215172829226,297.3997497558594,240.53311157226562,0.8087872023084197,154.22793579101562,0.056521862745285034,0.025082916021347046,0.28294914960861206,0.3080320656299591,0.7056418657302856,-0.27739691734313965,0.0010789039079099894,134.47202741046095,4.171875869759575,10.148303061803617,50.059621321626786,10.566563395473,79.29375234220247
mango34_sia_u_ver.jpg,0.10219986453561136,0.11477636649776504,0.0501132607460022,0.7298484320949167,0.00024038980662460587,0.01203527951987511,1.123057912251649,0.4366165463774114,0.49034566702914095,0.40894094266238923,0.0005719870678149164,0.0006212788866832852,251.0,282.0,0.2457829862833023,113.62587978539602,145.5322360643812,54587.0,906.6660830974579,0.8344577478619233,0.9873387957386004,298.2858581542969,237.61721801757812,0.7966090631580122,21.48535919189453,0.04052431881427765,0.02028489112854004,0.23683643341064453,0.25712132453918457,0.31976068019866943,-0.9420011043548584,0.0005268181557767093,134.20680185505137,4.12197621047252,10.14195068114267,50.12692552514322,10.224429987480127,79.34005637901245
mango34_sib_u.jpg,0.1374989547084594,0.15112041354046024,0.06757059693336487,0.7409751246646203,0.0005777537654444949,0.020920969137424788,1.0990659082527758,0.44713083659788855,0.4914262590332819,0.41149304486010096,0.0007460876367986202,0.0010241720592603087,274.0,301.0,0.2967759966850281,112.67317854547856,148.17339322280205,60110.0,1005.6366438865662,0.7469205562781397,0.979907894200595,312.9434509277344,246.58872985839844,0.7879657782496342,36.57906723022461,0.05369144678115845,0.023330122232437134,0.2857636511325836,0.30909377336502075,0.5561045408248901,-0.46395325660705566,0.0008071196498349309,135.62662659356627,5.033865228418589,12.151648031866253,48.43625734856992,9.640620180101998,84.73817623356892
mango34_sib_u_ver.jpg,0.12192259543960071,0.13182569997937008,0.06815153360366821,0.7819636289021571,0.0004546633015454578,0.01767697655670799,1.081224522034353,0.5169821485061981,0.558973776418907,0.4150782555532113,0.0007651590858586133,0.0007600684184581041,270.0,292.0,0.25964251160621643,112.7504050239674,148.0967213936165,59431.5,989.9381606578827,0.762097301186106,0.9846907075577205,308.8046875,245.65182495117188,0.7954925391188302,143.68072509765625,0.058259814977645874,0.0286826491355896,0.24834495782852173,0.27702760696411133,0.6010000109672546,-0.7422952651977539,0.0004201919073238969,135.57855794765587,5.070725637596365,12.08654598429319,48.338967481168474,9.549685518071115,84.32271641641475
mango34_top_u.jpg,0.09998794113388051,0.12218887850579034,0.05999189615249634,0.7378911230608745,0.0003749879491750368,0.014528192969121409,1.2220361487610143,0.4909767311568656,0.5999913136742079,0.511617531371745,0.0009557451121509075,0.0030211429111659527,223.0,272.0,0.25732892751693726,114.67881568327599,142.77394758081644,46719.5,833.5950142145157,0.8448854545613053,0.9923744384379282,269.046875,221.112060546875,0.8218347102038446,175.57713317871094,0.03256855905056,0.011081993579864502,0.25312405824661255,0.26420605182647705,1.3884060382843018,2.31210994720459,0.0036860345862805843,111.63865171403084,5.185937914911331,9.933521355756335,52.17754131090438,12.515439623365408,78.32027101652436
mango34_top_u_hor.jpg,0.09186009433799569,0.10965112548495204,0.04681350290775299,0.7098347878800254,0.0002504996691517697,0.011259023212033713,1.1936752980189083,0.42693134886406103,0.5096174050889225,0.5312464446185715,0.0007331888773478568,0.0022212660405784845,223.0,267.0,0.24149169027805328,114.70039168682177,142.76738511590077,46347.0,842.9259699583054,0.8196956365176452,0.9918570434968702,267.4881591796875,220.49249267578125,0.8243074884210613,4.559492588043213,0.02760733664035797,0.010382875800132751,0.23817011713981628,0.24855299293994904,1.2638678550720215,1.4503121376037598,0.0028725790325552225,111.89602106119304,5.159123506658035,9.963300244247254,52.29838830504484,12.459696948300095,77.75300186211767
mango34_top_u_ver.jpg,0.09059852991100475,0.10997232561207188,0.0580437034368515,0.7575939227705367,0.000283983009668155,0.012011365069191869,1.2138422744839024,0.5278028186982338,0.6406693739276789,0.49105787833276604,0.0008927973103709519,0.002457099501043558,223.0,272.0,0.23047828674316406,114.72745836258056,142.77776359730288,46648.5,837.5950161218643,0.8355633421856944,0.9921624093413021,267.85272216796875,221.74012756347656,0.8278434722213677,3.451206684112549,0.03544230759143829,0.014156520366668701,0.2250520884990692,0.23920860886573792,1.060540795326233,0.9322395324707031,0.0028780396096408367,112.1516601790994,5.213459630329661,9.962988613413335,52.26001318784166,12.433884536621036,77.62893242294685
mango35_bac_u.jpg,0.08325133419161802,0.10818110483255916,0.14810419082641602,0.7432518059445411,0.0005960394388416395,0.02011278272862203,1.2994519052819111,1.3690393627949087,1.779000808389778,0.44685336705384227,0.0024127461947500706,0.010907668620347977,177.0,234.0,0.1788049340248108,116.53922621421778,146.07771607400363,32258.5,734.5168069601059,0.7513643026892883,0.9831761174014416,241.5791015625,173.23638916015625,0.7171000638701254,179.80125427246094,0.029405176639556885,0.009048625826835632,0.17522603273391724,0.18427465856075287,5.1714935302734375,35.00654602050781,0.009752579033374786,101.92366459055626,5.747683850328937,8.045013699581753,40.817967048139174,8.941896116980132,97.21268370509004
mango35_bac_u_hor.jpg,0.07547235894585015,0.09972742735441148,0.12751077115535736,0.7735759011078809,0.0004133277095124002,0.015648297774370035,1.321376842427356,1.2785928057906215,1.689502924465945,0.4306704845048093,0.0019418861484155059,0.00853784941136837,177.0,234.0,0.17234832048416138,116.6046590141796,146.00389785771284,32254.0,726.0731568336487,0.7688341818865724,0.9848850346575468,242.49195861816406,173.03085327148438,0.7135529534979118,0.16210567951202393,0.030426397919654846,0.010159045457839966,0.1693980097770691,0.17955705523490906,4.309284210205078,26.564605712890625,0.007688041776418686,101.92769013565773,5.791654646395203,8.08267563096989,40.95052482966055,9.58406400843233,96.50153458965073
mango35_bac_u_ver.jpg,0.0784808150841361,0.10621029711659652,0.09841801226139069,0.8813903316838831,0.0003893628410198635,0.014357049654794899,1.353328160554051,0.9266334332286864,1.2540391196992633,0.474624097238997,0.0014969634357839823,0.0054868184961378574,179.0,238.0,0.2174876183271408,116.62392014408255,146.0247565554504,32423.5,738.1736608743668,0.7477435368069024,0.9828132341128507,238.04287719726562,174.44781494140625,0.7328419862646918,179.03897094726562,0.0370391309261322,0.012747377157211304,0.21195723116397858,0.22470460832118988,2.3987185955047607,9.283411026000977,0.004370825365185738,102.49732897829604,5.820568386054308,8.013879033523066,40.63405476357642,8.363872617812877,96.44317592112091
mango35_bot_u.jpg,0.08345814649887764,0.10555231815631301,0.09322769939899445,0.8872092279645472,0.00041890140586704674,0.014920199933467264,1.2647335530957722,0.8832368727414687,1.1170593082875162,0.5100706559837104,0.001695477869361639,0.006573854014277458,177.0,222.0,0.2398483008146286,117.12738342142237,143.5029771860574,29580.0,680.3574256896973,0.8030337075049586,0.9893803829751652,214.5526580810547,175.42013549804688,0.8176087729091469,177.66839599609375,0.033762380480766296,0.011647060513496399,0.23547010123729706,0.24711716175079346,2.6414167881011963,10.377352714538574,0.007007918320596218,87.1312637987556,5.957867402108524,8.625608682474953,43.410048839231955,10.794174550774054,97.70000669030574
mango35_bot_u_hor.jpg,0.08065265823143358,0.10017850964882438,0.09217977523803711,0.9048329333546339,0.0003736303822353781,0.013878666320988666,1.2420980516396767,0.9201551865881532,1.1429229644672882,0.5016644047555231,0.0015962005127221346,0.005875172093510628,177.0,220.0,0.22580206394195557,117.24688146221067,143.43669535054366,29678.5,683.2863590717316,0.7988151811554915,0.9884431566501807,215.24864196777344,175.58343505859375,0.815723776249802,1.9005206823349,0.03368392586708069,0.01264655590057373,0.221340611577034,0.23398716747760773,2.6778604984283447,10.50303840637207,0.005935323424637318,87.1785404576079,6.104297140542765,8.649369835522242,43.35547995463945,11.500431837439132,96.74354612767661
mango35_bot_u_ver.jpg,0.06791031978641879,0.08316047321189085,0.047661036252975464,0.7764052273878042,0.00013761898185653843,0.007196212422914386,1.2245631219737225,0.5731212727894935,0.7018231750766556,0.511283917778398,0.0008397503988817334,0.0024860750418156385,177.0,217.0,0.22388795018196106,117.06186953597847,143.4960659045057,29435.5,682.8010783195496,0.7934012578648209,0.9874371016437438,213.57357788085938,174.63255310058594,0.8176692774140983,2.030898094177246,0.027398675680160522,0.010946571826934814,0.21905773878097534,0.23000431060791016,1.2093960046768188,1.7952303886413574,0.0027539522852748632,87.59620040349698,5.846317390982655,8.648572073717412,43.910995292535304,11.255433425318342,96.73009414929388
mango35_fro_u.jpg,0.0825399989143779,0.11872392563650308,0.11038810014724731,0.864642821958913,0.0005136418490248589,0.017420975421425053,1.4383805088204598,0.9297881581613334,1.337389164031337,0.47482703119508357,0.0018536588177084923,0.008483173325657845,184.0,266.0,0.2034168541431427,115.4652327331223,146.16740179544394,38190.0,784.0142800807953,0.7807492511527464,0.9905586968926701,268.9767761230469,182.00006103515625,0.6766385695391709,178.75001525878906,0.025088176131248474,0.008429527282714844,0.19991710782051086,0.2083466351032257,4.264413833618164,26.62567138671875,0.008809102699160576,96.05388926366042,4.868950742313724,8.438226823944012,44.58146956566862,7.187842824377274,100.07212910591043
mango35_fro_u_hor.jpg,0.0761224278496702,0.10731867196506001,0.09146101772785187,0.8455371500361616,0.0003510166479628154,0.013364656147305651,1.4098167254596434,0.8522376959493968,1.2014989578166497,0.4697899954976897,0.0014636506093665957,0.00650548841804266,186.0,266.0,0.19617405533790588,115.56184628193786,146.14952906280897,38080.0,788.8427076339722,0.7689993514483962,0.9893607347458397,267.75518798828125,182.2244873046875,0.6805637966300129,1.8257204294204712,0.027465656399726868,0.01027195155620575,0.1920982003211975,0.20237015187740326,2.9925615787506104,15.10611343383789,0.0073730903677642345,95.95896862153302,5.024997333770241,8.427075544907645,44.36798147473591,7.137836357251608,99.86980277878962
mango35_fro_u_ver.jpg,0.07030107826696383,0.09902825081581448,0.04966317117214203,0.7087494570763901,0.00016774447763646044,0.008482727470063126,1.4086306107533808,0.5015050832768116,0.7064354117521402,0.4851686048433211,0.0008180966251529753,0.0027176884468644857,187.0,265.0,0.2170182764530182,115.42928500444584,146.21180501072232,37890.5,780.3990573883057,0.7818199133484114,0.9866803812301442,265.57330322265625,182.29190063476562,0.6864089817112844,0.8448027968406677,0.03597109019756317,0.013851359486579895,0.21135970950126648,0.22521106898784637,0.9799121022224426,0.4480304718017578,0.0035133177880197763,96.59485328730582,4.770484901474802,8.41829629538067,44.563000156911976,6.837449245691347,99.69321094199488
mango35_sia_u.jpg,0.09367217433042702,0.09648708115124333,0.06099918484687805,0.8498300788732426,0.0002565221317478199,0.011212374295822352,1.03005061899051,0.6322005404149592,0.6511985579805637,0.465287128947584,0.0009750796016305685,0.0018556700088083744,203.0,209.0,0.2675870358943939,113.70482281335929,150.49216794883677,32046.5,718.943212389946,0.7791145102355452,0.988128825370396,225.75094604492188,181.24212646484375,0.8028410495731815,140.06375122070312,0.04544666409492493,0.018900752067565918,0.25971275568008423,0.27861350774765015,0.9072169661521912,0.15791082382202148,0.0012100196909159422,118.29156239379616,4.508992388901698,8.85045976979941,42.119164581209255,5.321235687200796,101.02558161089999
mango35_sia_u_ver.jpg,0.06986281427006871,0.07197878738488867,0.0407690703868866,0.8191987439897654,9.058607491187557e-05,0.005779288742444073,1.0302875447679538,0.566403962446382,0.5835589478157233,0.4418552618349741,0.000623305095359683,0.0010495632886886597,203.0,209.0,0.20678266882896423,113.75141330682736,150.52397962353234,31879.0,709.185854434967,0.7965158544847054,0.9897390521430013,225.78822326660156,180.7318115234375,0.800448353367114,39.681983947753906,0.03239920735359192,0.013613149523735046,0.19984984397888184,0.21346299350261688,0.6090758442878723,-0.2530081272125244,0.0006625310052186251,119.16795054979188,4.509181651007866,8.805872631247055,42.015561905945205,5.2743376002453415,100.70593899484376
mango35_sib_u.jpg,0.11889564331394573,0.1203414149673632,0.06168389320373535,0.7970810731156518,0.00038767883371288727,0.015591758771124196,1.0121600053048192,0.5125741061002493,0.5188070099495413,0.4392575743629768,0.000760552182327956,0.001174197648651898,240.0,243.0,0.29370564222335815,113.65532027178574,154.79429161993974,45099.0,842.6416959762573,0.7981617026384105,0.9888613590019076,266.817626953125,216.65296936035156,0.8119889672746904,39.557899475097656,0.04910469055175781,0.020449310541152954,0.284862220287323,0.30531153082847595,0.6728107929229736,-0.26415085792541504,0.0007864603539928794,128.85975328187874,5.0893378669452565,8.364285282782006,38.225916397299734,5.140082962835902,113.16267563823472
mango35_sib_u_ver.jpg,0.08373540366402758,0.08735690014528964,0.043653979897499084,0.7824312319314,0.00014362508735273709,0.008126678675717302,1.0432492867150032,0.4997198827441789,0.5213324112301697,0.4497799882125186,0.000573234457988292,0.0009041846496984363,236.0,246.0,0.21133366227149963,113.65667036625972,154.88011098779134,44681.0,830.4406863451004,0.8141707785693074,0.9875454475129574,265.73516845703125,215.41534423828125,0.810639199504801,141.0838623046875,0.0345994234085083,0.015435963869094849,0.2042255848646164,0.21966154873371124,0.5698925256729126,-0.46010899543762207,0.0005452745244838297,129.58779134295227,5.02522100839749,8.281382620123843,38.177536071032186,5.092093208193438,113.13398446170922
mango35_top_u.jpg,0.08156678581884937,0.09921886701552698,0.1032378226518631,0.9123118442933591,0.00041177183905763306,0.014984640894690303,1.2164126123086534,1.0405059617915933,1.26568457510564,0.49284481631568205,0.001755568664520979,0.008548231795430183,197.0,239.0,0.18527434766292572,114.31447759971607,146.72808430478582,36295.5,750.7422020435333,0.8092467945097559,0.9907869953320776,237.3234100341797,195.03758239746094,0.8218219280153244,175.53640747070312,0.01845555007457733,0.005738601088523865,0.18301482498645782,0.1887534260749817,5.53590726852417,41.26243591308594,0.009370777755975723,110.61997324524285,5.382917308778102,6.91909407202,44.32124819132382,8.370682788989887,97.21701384149172
mango35_top_u_hor.jpg,0.08193928207912593,0.09805501324181223,0.12327346205711365,0.8086133808212933,0.0004351734631345773,0.01593485555062024,1.1966789402319133,1.2571867361142517,1.5044488910468208,0.4393704591662286,0.0019829871598631144,0.009359907358884811,199.0,240.0,0.16369318962097168,114.44634060041915,146.668789635557,36410.5,749.7127653360367,0.8140417806552911,0.9903576771385829,236.85189819335938,195.70960998535156,0.8262952987844734,5.833509922027588,0.020136758685112,0.006803303956985474,0.16126619279384613,0.1680694967508316,5.778510570526123,42.007232666015625,0.008732544258236885,110.65662339076236,5.507230687465469,6.970069613661609,44.21501864402167,8.478089013679194,96.77442094662638
mango35_top_u_ver.jpg,0.07187567648639726,0.08628830156634285,0.04077109694480896,0.7328416885018082,0.0001226090806682469,0.006963537711784454,1.200521592067008,0.47249854504856675,0.5672447055510503,0.48488234771615024,0.0006662333616986871,0.001958879642188549,199.0,238.0,0.21597473323345184,114.4093323840298,146.74377019552003,36187.0,748.6416968107224,0.8113615447657463,0.9882028455173544,234.9399871826172,195.04051208496094,0.8301716298867308,3.0906991958618164,0.026441961526870728,0.011450901627540588,0.21049605309963226,0.22194695472717285,0.7508746385574341,0.19714760780334473,0.0025391376111656427,110.90133632729065,5.565888464233239,6.860281386111544,44.273481570732244,8.510834226880888,97.0440878470891
mango36_bac_r.jpg,0.10314812678431375,0.14239353510747244,0.04578836262226105,0.615288273666999,0.0003146309143122626,0.014490518240005863,1.3804762097640626,0.32156208909134804,0.443908813952638,0.46783710259073846,0.00044794639688916504,0.0008997705881483853,271.0,372.0,0.22572505474090576,130.81947640231118,164.87684716469806,77731.5,1114.849847316742,0.7859124253354232,0.9901029824796042,372.11248779296875,268.969482421875,0.722817672734275,3.3263168334960938,0.036017045378685,0.014972537755966187,0.21934613585472107,0.23431867361068726,0.8818984627723694,0.04689669609069824,0.0011464644921943545,103.15863885053945,3.4999555248736307,12.945061691686664,21.830763920846756,8.802491027194414,190.30216802168022
mango36_bac_r_hor.jpg,0.11699449927232426,0.1647989570504924,0.042218148708343506,0.5665678196763408,0.0003989966383872438,0.018279692662789334,1.408604319651775,0.2561797080755091,0.3608558434022928,0.49017386227995036,0.0004717508563771844,0.0008695187279954553,267.0,376.0,0.26581984758377075,130.83717224764501,165.04313520541484,77953.5,1134.9331065416336,0.7605100431421905,0.9866345186338352,377.7550964355469,264.731201171875,0.7008011372178636,176.52537536621094,0.033200234174728394,0.014805138111114502,0.2602447271347046,0.2750498652458191,0.8619075417518616,-0.12931418418884277,0.0012011955259367824,103.14674127799518,3.526925655194636,12.899617155470432,21.796025544607463,8.412107906405161,190.8827166001708
mango36_bac_r_ver.jpg,0.11934856013397085,0.1654865072353151,0.049411922693252563,0.5993878278060393,0.0004191332822899596,0.01828111188825406,1.3865815142600262,0.29858580931308687,0.4140135636138954,0.4294777027440247,0.00045297210454009473,0.0006288395961746573,269.0,374.0,0.26810339093208313,130.8478869243368,165.487948311216,77044.5,1123.678274989128,0.7667742790688866,0.9882441220610305,377.436767578125,261.76190185546875,0.693525179158088,173.10166931152344,0.040082573890686035,0.018682628870010376,0.25983601808547974,0.2785186469554901,0.5677262544631958,-0.5868568420410156,0.0006679424550384283,104.00185708205981,3.48656485856785,12.413441285851805,21.717156085167847,7.0519781905573655,192.2112172914974
mango36_bot_r.jpg,0.08799353802205535,0.09580646186200195,0.04941035807132721,0.7795184387349873,0.0001973575713030552,0.009738185613136574,1.0887897454241278,0.5157309550006874,0.5615225752025408,0.47379471156255387,0.000660950958263129,0.0012658127816393971,246.0,268.0,0.2066466212272644,127.35191849947634,161.79655336570502,52128.5,877.4528790712357,0.8508195993286496,0.9933211379790011,270.94134521484375,246.06919860839844,0.9082009924077004,13.36237621307373,0.037240251898765564,0.016327902674674988,0.19974437355995178,0.21607227623462677,0.7819401621818542,-0.18281126022338867,0.001445684116333723,89.45554603446634,3.0109805526814153,11.875468892788103,23.276054460630295,4.471077808554273,195.57564505379415
mango36_bot_r_hor.jpg,0.0990285294668269,0.10802519950336631,0.04696902632713318,0.7359368977404543,0.0002380860982416536,0.011502897720209963,1.0908492742947693,0.43479694129766006,0.4742979278801379,0.47384584140457586,0.0006224137614481151,0.0011627072235569358,247.0,270.0,0.23861031234264374,127.48195045672114,161.72037986994414,52056.0,875.8376550674438,0.8527729809290048,0.9921097770154373,271.74749755859375,244.96353149414062,0.9014380397056719,164.44078063964844,0.03684951364994049,0.01690647006034851,0.23146924376487732,0.24837571382522583,0.652096688747406,-0.4531826972961426,0.0013132592430338264,89.17385915063217,3.039317437743504,11.980137430881662,23.113064703751025,4.091015848749126,195.33435038806994
mango36_bot_r_ver.jpg,0.09913209157202303,0.10682501598975033,0.037401437759399414,0.6874675625565914,0.00018248935190559023,0.010503054504995004,1.0776027651160585,0.3501187190366348,0.37728889975277,0.4607464477452847,0.0004651314811781049,0.000672902911901474,245.0,264.0,0.25030386447906494,127.46981960019502,161.89080448561677,50880.0,883.269113779068,0.8195413638372991,0.9871273778458971,268.92926025390625,242.8863525390625,0.9031607505622272,166.11520385742188,0.03025566041469574,0.01489432156085968,0.24354492127895355,0.25843924283981323,0.4382871091365814,-0.7880728244781494,0.0008240835159085691,89.34406630911751,3.043862816402307,11.876293628582754,23.191399317406145,4.161933333281212,196.2840565577767
mango36_fro_r.jpg,0.1048507987470263,0.107634577986153,0.04964126646518707,0.7658969212974706,0.00026688936473043804,0.012209689335779712,1.0265499097040085,0.46120184975847944,0.4734467172248887,0.47639243841454754,0.0006035692640580237,0.0011703191557899117,270.0,278.0,0.2254629135131836,135.6102235882194,164.8557315590381,58789.5,953.6538895368576,0.8123217127610528,0.9894057456369175,284.3166198730469,266.4197692871094,0.9370530973745791,168.0857391357422,0.03754869103431702,0.016263127326965332,0.21939849853515625,0.23566162586212158,0.9264167547225952,0.08000755310058594,0.0013365955092012882,106.14104296136179,4.758016619003333,16.90582400274878,19.15608957038638,10.044846971990525,184.74876722507432
mango36_fro_r_hor.jpg,0.10929521773356174,0.11381569524215349,0.05111658573150635,0.755532055936343,0.0002958573067250907,0.013173891941673873,1.0413602498108536,0.449117194449773,0.46769279380656525,0.4652829584329846,0.0005921833799220622,0.0012091484386473894,267.0,279.0,0.24005132913589478,135.63414921554104,164.688253316275,58966.0,969.2691147327423,0.7887198724230653,0.9875480451184485,287.0776062011719,265.5993957519531,0.9251832606052605,11.686555862426758,0.03907476365566254,0.017919600009918213,0.23325568437576294,0.25117528438568115,0.7400398850440979,-0.26658105850219727,0.0012537110596895218,105.92069557605548,4.825617000698917,17.015007102217368,19.385310753484614,11.440348950308852,183.98250959531345
mango36_fro_r_ver.jpg,0.11986808761870081,0.12333744735901388,0.06038859486579895,0.7807096181513814,0.00040489753075116793,0.016037930853808148,1.0289431474985158,0.48962092340064606,0.5037920940049905,0.45351501606446726,0.0006422909209504724,0.0013458627508953214,269.0,277.0,0.25990578532218933,135.6837167327896,164.979703383337,58297.5,969.0264731645584,0.7801686798442621,0.9873318034397203,282.1935729980469,266.718994140625,0.9451632484290172,15.377584457397461,0.04772588610649109,0.02022615075111389,0.25032171607017517,0.27054786682128906,0.744380533695221,-0.12315225601196289,0.0012410687049850821,106.49093292921725,4.782995511635151,16.845904499262897,19.360077644775153,11.063844908986313,184.9664390675816
mango36_sia_r.jpg,0.10208072872534991,0.1243905201589393,0.039565473794937134,0.639089753951153,0.00021688505499327254,0.011995244977616483,1.2185504718879339,0.3180746711596878,0.38759004063723695,0.43170016093308566,0.00041191515629179776,0.000602989224717021,301.0,367.0,0.20367121696472168,134.90736516987408,151.41904252791636,83699.0,1126.3717077970505,0.8290231661895933,0.9918999792611027,368.3092041015625,289.9942321777344,0.7873662372493072,19.14544105529785,0.033414795994758606,0.016686230897903442,0.19643212854862213,0.21311835944652557,0.5192668437957764,-0.7858476638793945,0.0006592774298042059,85.61714183891661,3.345769685333585,15.320447887817844,26.079888334521264,37.80004816944841,148.95588025659302
mango36_sia_r_ver.jpg,0.09605305565909793,0.11188291794972716,0.039432600140571594,0.6713459043548979,0.00017820512008555532,0.0100920872917061,1.1648033181454531,0.3524452245542078,0.41052936702526055,0.4205230379402968,0.00038115365896373987,0.0007664068252779543,308.0,361.0,0.18328532576560974,134.92826529645765,151.32661252131086,83954.5,1152.4478268623352,0.7943488970975106,0.9914383056111573,366.0445251464844,291.8317565917969,0.7972575371124895,157.54742431640625,0.032101064920425415,0.015125513076782227,0.17670384049415588,0.1918293535709381,0.614540696144104,-0.550243616104126,0.0006971547263674438,85.32096514491381,3.421279986560462,15.328458029072777,26.23239486645198,38.135714876137015,148.57030214055692
mango36_top_r.jpg,0.08189154453698443,0.10347583656231299,0.035214126110076904,0.6457920510425472,0.0001413869697157462,0.008345884332837469,1.2635716806584412,0.3403125529588834,0.43000930449142105,0.473821172209416,0.0004890153068117797,0.0013058624463155866,248.0,315.0,0.19730238616466522,132.670776737439,154.97868587630225,60269.5,960.5067018270493,0.8209309959619512,0.9922865421976358,318.4483642578125,241.71737670898438,0.7590473176784557,166.39535522460938,0.02718643844127655,0.01181308925151825,0.19251084327697754,0.2043239325284958,0.8995540142059326,0.0527644157409668,0.0016401101602241397,94.67951338520375,2.963364689259999,21.034842894619228,24.656303573783465,32.365430611481834,142.45456943162336
mango36_top_r_hor.jpg,0.09322798952593647,0.1174733674419527,0.036532238125801086,0.6272604722464113,0.00018607456235728893,0.01049045351217493,1.2600654378508405,0.31098315236304785,0.3918591220465785,0.4650771361009366,0.00048522825818508863,0.0012387039605528116,248.0,315.0,0.22785314917564392,132.68232012280671,155.11854810755491,60154.5,976.3645651340485,0.7929649048577285,0.9899612438183479,318.49261474609375,241.44288635253906,0.7580800155916341,12.35224437713623,0.028110191226005554,0.013159021735191345,0.2225983589887619,0.23575738072395325,0.7187802195549011,-0.4243032932281494,0.001405665185302496,94.81937177095885,3.037876464526216,21.006194281664282,25.327402076490106,33.518509323800714,142.88613967614677
mango36_top_r_ver.jpg,0.0995753640927518,0.1258481729089568,0.04856352508068085,0.6733736103620154,0.00027071132649743155,0.012637049083601852,1.2638484835639925,0.38588979051617606,0.4877062265666959,0.444833417700025,0.0005448000738397241,0.0011664535850286484,248.0,314.0,0.23802493512630463,132.68748753738782,155.03660684612828,59738.0,997.8376549482346,0.7539469092407712,0.9882461930403567,314.6357727050781,243.1230010986328,0.7727125209202536,12.30963134765625,0.038094133138656616,0.015172719955444336,0.23167437314987183,0.24684709310531616,0.7903724908828735,0.06546831130981445,0.0011336307507008314,94.86640079760718,3.022755115749787,21.104942945554114,25.227633765370555,33.310519937929485,142.42062146892656
mango37_bac_r.jpg,0.11322146713263406,0.12410244142467325,0.0520397424697876,0.7259406045114954,0.0003600859838699678,0.01506637633035749,1.0961034560636156,0.4193289178873591,0.45962787612375033,0.4924498107010214,0.0007478482439182699,0.001655798521824181,232.0,254.0,0.29337742924690247,123.97382130763219,160.18477033949813,45702.0,833.5533849000931,0.8265673210599964,0.989874267644224,254.3341064453125,228.66201782226562,0.8990615573276762,165.58749389648438,0.03688293695449829,0.01528659462928772,0.28654536604881287,0.3018319606781006,0.8505635857582092,0.18207311630249023,0.0015816355589777231,118.75987670400278,2.548276723452677,13.031526511745344,25.507510636450466,3.8847254032567875,140.65455413736217
mango37_bac_r_hor.jpg,0.11101163821966087,0.12019072057002847,0.05001038312911987,0.7270466402497292,0.0003261017727444606,0.014221836651610104,1.0826857660834153,0.41609188206823,0.45049675809813167,0.48871259023219044,0.0006882956949993968,0.0013391805114224553,232.0,251.0,0.28957557678222656,124.05007797608734,160.13719459365794,45804.5,826.4823158979416,0.8426570911498168,0.9911604959643391,255.44677734375,229.50616455078125,0.8984500291500607,11.281681060791016,0.03583526611328125,0.01569458842277527,0.28297218680381775,0.298666775226593,0.713565468788147,-0.19074153900146484,0.0012224598322063684,118.63808265465258,2.599652332196568,13.030819845393067,25.492007451048345,4.989499133354629,140.63076156645295
mango37_bac_r_ver.jpg,0.11164372294677971,0.12029462203987071,0.04733934998512268,0.714805785468866,0.00029520323803399314,0.013766537744412876,1.077486659032455,0.3935283987128903,0.42402159956354407,0.4643209766338922,0.0006242074305191636,0.0010952582815662026,232.0,250.0,0.29545363783836365,123.99517982944012,160.17511832319136,45475.5,836.5411931276321,0.8166062206931037,0.9904171793838682,253.6810760498047,229.27818298339844,0.9038048346120414,9.140190124511719,0.03590989112854004,0.016719728708267212,0.2876611649990082,0.3043808937072754,0.46917036175727844,-0.5647146701812744,0.0009661450167186558,118.69916464917446,2.52072884518182,13.074286460634628,25.585225413858534,5.209119523265665,140.6595999912757
mango37_bot.jpg,0.11915610445153584,0.11348955612234837,0.05350995063781738,0.7534468443587957,0.00034599888774483313,0.01479255434132271,0.9524443304413983,0.4714966950802991,0.44907435405108764,0.478154181948924,0.0006446512998081744,0.0012422585859894753,275.0,262.0,0.2558338940143585,127.13237653162224,162.32917505716918,58180.0,934.2396757602692,0.8376584359451613,0.9919948166651037,282.68243408203125,264.3514099121094,0.9351532958549437,87.48580932617188,0.040437936782836914,0.01799643039703369,0.24853116273880005,0.26652759313583374,0.7416353225708008,-0.24101758003234863,0.0010971520096063614,129.28291067954538,2.431540404264621,12.34872319625269,23.56503634936346,2.369706702277132,146.67398204716883
mango37_bot_hor.jpg,0.12451629178511664,0.11932104571537763,0.052482545375823975,0.7391964308317082,0.0003566185197655437,0.015506327418443266,0.9582765757375374,0.43984315642869215,0.42149139380407713,0.45734693591146175,0.0006060445448383689,0.0012146597728133202,275.0,264.0,0.2712806463241577,127.19672942662547,162.259614563952,58163.0,942.7249574661255,0.8224067264066944,0.9912655196802754,280.9990234375,265.0783996582031,0.9433427789729029,96.57386779785156,0.04096698760986328,0.018331199884414673,0.26330357789993286,0.28163477778434753,0.6575033068656921,-0.4128899574279785,0.001179819693788886,128.87161804619086,2.487555676991339,12.430731909844718,23.560913575610673,2.461697710302772,146.61603195466262
mango37_bot_ver.jpg,0.1259380524247197,0.11945740879985785,0.040027886629104614,0.6705336877898812,0.0002688028016762895,0.014404318368795481,0.9485410207630796,0.33508082111649024,0.3178379040999665,0.44637623728949216,0.00044436741154640913,0.0005635108682326972,276.0,262.0,0.28467315435409546,127.0999519709081,161.96037599917665,57874.5,953.31074488163,0.8002545276463547,0.9886654822508456,281.1893005371094,263.9190979003906,0.9385815797267878,87.56692504882812,0.03306195139884949,0.015447765588760376,0.27776384353637695,0.29321160912513733,0.42298105359077454,-0.7684402465820312,0.0005354018067009747,128.439157432502,2.373234992272159,12.837231482563478,23.73899619197914,3.2125536538267303,145.60195890081994
mango37_fro_r.jpg,0.11218152304183913,0.13056860370732568,0.04491958022117615,0.6661312894864934,0.0003054614806842336,0.014236889541479262,1.1639047159185822,0.34403048624051336,0.40041870535509644,0.46425936362902304,0.0005629665683954954,0.0011102758580818772,251.0,292.0,0.27154120802879333,128.8000966840937,161.66590274296354,55465.0,933.9797915220261,0.7990131415331141,0.9850725062382893,286.33544921875,249.74273681640625,0.8722033457534341,179.8798065185547,0.03516361117362976,0.014573216438293457,0.2653876543045044,0.27996087074279785,0.7989973425865173,-0.07348346710205078,0.0010735411196947098,136.2652187925231,2.2512343907909855,9.126961978466841,21.83529685597651,1.5671023968653475,137.8123970493447
mango37_fro_r_hor.jpg,0.11426946863328517,0.12974458300472147,0.04236158728599548,0.6600466854138143,0.0002848203973132461,0.01428536981913265,1.1354265015539646,0.3264998530570939,0.37071658591449963,0.45350222353763564,0.0005286080995574594,0.0008702566265128553,250.0,284.0,0.2814163863658905,128.88305295613134,161.80817150790645,55052.0,936.9503524303436,0.7880428036338212,0.9876215421046967,286.99896240234375,247.29647827148438,0.8616633182276092,3.2353034019470215,0.03449860215187073,0.014305740594863892,0.27607598900794983,0.2903817296028137,0.6727457642555237,-0.42060065269470215,0.0009724795236252248,136.61951641694162,2.264379280142982,8.914152285718654,21.78027803321253,1.5650230444769577,138.32229855213575
mango37_fro_r_ver.jpg,0.10903661524911169,0.12383925751750052,0.038549721240997314,0.6495695249845549,0.00023043998394587297,0.012729699813437237,1.1357584535669032,0.3112883750578818,0.35354840346909405,0.4426963011152132,0.00046940689207985997,0.0008754189475439489,251.0,285.0,0.27094048261642456,128.84516453513436,161.58115390142262,55271.0,919.1513627767563,0.822116028065769,0.988747763864043,284.91961669921875,248.72108459472656,0.8729517731216594,2.8863472938537598,0.02975204586982727,0.01252889633178711,0.26530230045318604,0.27783119678497314,0.4951988756656647,-0.43581676483154297,0.001009996747598052,136.45362120994395,2.2502946362821197,9.241892850773466,21.895423192987497,2.990486285488608,137.35782799252766
mango37_sia_r.jpg,0.1324088871566771,0.14729523097765485,0.06555363535881042,0.7368495935971979,0.0005382693990058226,0.02025199552569803,1.1124270745011473,0.4450492722928356,0.49508485998558366,0.42101453371121733,0.0007320372969843447,0.0008839717484079301,269.0,301.0,0.2892572283744812,132.53479900300377,166.86769029206877,62167.0,965.0924881696701,0.8387487839483111,0.9866603182160854,296.76873779296875,268.0120849609375,0.9031008014998789,12.00245475769043,0.05461946129798889,0.026221096515655518,0.27852189540863037,0.3047429919242859,0.47741806507110596,-0.8049716949462891,0.0006843941519036889,130.25787690931168,3.7664345733007534,14.587288664936379,20.92560874289001,3.8744097085465885,167.13077586757845
mango37_sia_r_ver.jpg,0.11820625689264969,0.12463232606747662,0.05236749351024628,0.7358912130598331,0.00035397168771318324,0.015395065788788206,1.0543631897646741,0.4201758497381669,0.44301794919201604,0.4588128505479771,0.0005743428482674062,0.0009496361017227173,270.0,286.0,0.26002824306488037,132.63937995999743,167.13512162074971,61568.0,960.8670918941498,0.8379889086754481,0.9917845291407584,292.5348205566406,268.8106689453125,0.9189014437112636,164.5271759033203,0.04156917333602905,0.017061948776245117,0.25300896167755127,0.2700709104537964,0.6895778179168701,-0.22815251350402832,0.0008174826507456601,130.77751790438091,3.7934412382753457,14.351245264135763,20.902429188979934,3.9447904389545503,168.00112910510356
mango37_sib_r.jpg,0.09460713441500784,0.1079651582819417,0.05310973525047302,0.7553999023821205,0.00024305713216221864,0.011338680100862765,1.141194677859462,0.49191550399788725,0.5613713551189439,0.44805024471929916,0.0007022853824310005,0.001094034407287836,235.0,268.0,0.23567280173301697,125.31981311080733,156.98528961704037,48647.5,846.2224316596985,0.8536922206972168,0.9907235810439281,266.1211853027344,233.0535125732422,0.8757420507808311,174.0928192138672,0.0426836758852005,0.020412057638168335,0.2274443656206131,0.24785642325878143,0.6302621960639954,-0.5748331546783447,0.0009524496854282916,125.5792136780038,2.405303316591564,14.22659427313962,25.05827025483035,6.865047385673086,124.84471466753719
mango37_sib_r_ver.jpg,0.08885805827165852,0.09938771250818733,0.045835480093955994,0.7442938053459878,0.00018145885481746964,0.009603903921171941,1.1184997111273505,0.46117853945154613,0.5158280631546878,0.4482774236003119,0.0005770813440904021,0.0008456899086013436,236.0,264.0,0.22416336834430695,125.32497439049375,157.06967834460153,48436.0,854.5239464044571,0.8335461684695515,0.9907341119679274,264.7587585449219,232.97186279296875,0.8799401540985855,6.249223232269287,0.03662027418613434,0.016956940293312073,0.21693427860736847,0.23389121890068054,0.5722672939300537,-0.5228326320648193,0.0005804886459372938,126.04982585535751,2.426097844742383,14.163801624518669,25.197275148535137,7.587910565940051,125.05765212046711
mango37_top_r.jpg,0.1014998664327573,0.09770023180728973,0.04544621706008911,0.7553602561439025,0.00022482510875773484,0.01088688233623364,0.9625651268419669,0.4651597669668806,0.44774657009225527,0.4988684157637522,0.0006356636295095086,0.001563684898428619,254.0,245.0,0.23670583963394165,126.29835214221512,161.66573454509137,49687.0,855.0681025981903,0.853986937967658,0.9925092884822819,258.8114929199219,245.67274475097656,0.9492342939615493,86.605712890625,0.03134705126285553,0.013225898146629333,0.23148775100708008,0.2447136491537094,0.8965666890144348,0.20461583137512207,0.0017661463934928179,124.72200139818236,3.9890204701693115,14.212533427010964,23.869469689403775,6.32142161272585,143.32547688005593
mango37_top_r_hor.jpg,0.11507992562936603,0.1103423063801641,0.045320749282836914,0.7227919902695299,0.00029497936659433747,0.01343094986770453,0.9588319229153812,0.41072867488098913,0.3938197651326253,0.5125696972417152,0.0006252485909499228,0.0014765377854928374,254.0,245.0,0.2727445363998413,126.37952611546203,161.61505350630716,49797.0,862.0975408554077,0.8419770057401428,0.9920610413284059,258.83990478515625,246.497314453125,0.9523157360829818,94.6978988647461,0.031085103750228882,0.013307452201843262,0.26784518361091614,0.2811526358127594,0.8878893852233887,0.10461091995239258,0.0016912604914978147,124.74878938243559,4.005672740447677,14.240308040944939,23.806719674777305,6.984706273128462,143.19836192981407
mango37_top_r_ver.jpg,0.12183896442712952,0.11557406968262979,0.0402216911315918,0.679072450207149,0.00025365253045475953,0.013456642530940751,0.9485805319016258,0.3480165684399787,0.3301217416013736,0.44784967898419303,0.0004834624123759568,0.0007738448912277818,256.0,243.0,0.2981162667274475,126.27235460420032,161.68029079159936,49132.5,869.5117546319962,0.8166346664288139,0.9896966400773507,257.57781982421875,244.2442626953125,0.9482348397156029,102.2193603515625,0.033500880002975464,0.01698043942451477,0.28996542096138,0.3069458603858948,0.3404429852962494,-0.9571578502655029,0.0007801674073562026,124.67980613893377,3.95015836130977,14.304862337915612,23.851252019386106,6.539253788665547,143.2734450726979
mango38_bac_r.jpg,0.08672843573178905,0.11138631001525452,0.03974245488643646,0.6525055196381573,0.00018623178948366703,0.009978288505062232,1.2843112996955333,0.3567983792711481,0.458240190210988,0.48507154178522405,0.0005125285824760795,0.001618706970475614,266.0,340.0,0.19255714118480682,119.74843324059242,157.7298569541635,70710.5,1043.6193984746933,0.8158484375435034,0.9918781868297576,343.0444030761719,264.3292541503906,0.7705394747154559,176.64569091796875,0.030305132269859314,0.012841567397117615,0.1872323900461197,0.2000739574432373,0.9292886853218079,0.1772150993347168,0.002437472576275468,106.20807689065003,3.5962428135451723,12.999473322504434,30.649425287356323,4.820305414236402,148.02714779529552
mango38_bac_r_hor.jpg,0.1014796888883025,0.13080524347347017,0.039855435490608215,0.6183088456807241,0.0002669978050764173,0.013228911652382854,1.2889795475964256,0.30469294985633866,0.39274298066164376,0.5046797178681193,0.0005336349131539464,0.001530022476799786,266.0,341.0,0.2302110642194748,119.78597334682861,157.67019511920827,70677.0,1049.9209156036377,0.805702657359967,0.9905190355063171,342.8424377441406,264.78192138671875,0.7723137285131617,4.176843166351318,0.03036227822303772,0.013314604759216309,0.22462230920791626,0.23793691396713257,0.9263229966163635,0.11504769325256348,0.0024140134919434786,106.33360042735043,3.6296252780085707,13.02065118506429,30.675185560053983,5.40341319187351,147.52956309041835
mango38_bac_r_ver.jpg,0.11042648771961118,0.14014627163316412,0.04452136158943176,0.6302209943308883,0.00031270004334085376,0.014934592842425728,1.2691363687036372,0.3176778166883196,0.40317647068951373,0.45384201218220177,0.0004793363332282752,0.0008008035947568715,266.0,338.0,0.25091028213500977,119.71987840563652,157.93276797636295,69916.0,1073.8376545906067,0.7619196609608679,0.9881212326782698,339.65533447265625,264.97454833984375,0.7801277396430097,3.85192608833313,0.03544570505619049,0.01596340537071228,0.24427595734596252,0.2602393627166748,0.7037809491157532,-0.4537818431854248,0.0009604391525499523,107.17533168555924,3.5858103366355483,12.847410257437438,30.723600102275633,5.535126833522853,147.68348532628767
mango38_bot_r.jpg,0.11749929176872483,0.1287967047346576,0.07374098896980286,0.8053380789558912,0.0005431837335098827,0.018343976263278088,1.0961487749915089,0.5725378543008645,0.6275866676281596,0.4867408513709463,0.0010669182520359755,0.0025384831242263317,221.0,242.0,0.3045172393321991,122.2690335780479,149.56136719220123,41187.0,801.8132692575455,0.8050512811667728,0.9911681185926746,241.69593811035156,216.13706970214844,0.8942519737483811,167.2982940673828,0.044850677251815796,0.018874913454055786,0.296939879655838,0.3158147931098938,0.9882806539535522,0.6798596382141113,0.0021629375405609608,90.316692742809,4.674995034241292,9.865285638925888,29.031652425081237,5.866003600777781,121.95185942953424
mango38_bot_r_hor.jpg,0.12077728446065902,0.13207535233543383,0.05655103921890259,0.7315782158559725,0.0004177888923581855,0.01687650188759805,1.0935446423160387,0.4281725410451985,0.46822578824682093,0.4631367678121363,0.0008170060464181006,0.0012697487836703658,219.0,239.0,0.33493223786354065,122.24884938512115,149.64996956045294,40719.5,783.8549001216888,0.8328004389929524,0.9910796865112204,241.6009521484375,213.9769287109375,0.8856626052511248,10.908759117126465,0.045161277055740356,0.020995795726776123,0.3265208303928375,0.34751662611961365,0.7282763719558716,-0.4464430809020996,0.0014726879308000207,89.86102520394496,4.743240676044585,9.838222217448708,28.94983562644588,5.6969291819145536,122.53580908316084
mango38_bot_r_ver.jpg,0.10042726538208538,0.10844587049658884,0.046674370765686035,0.7359269209699075,0.00020505779467751455,0.010851196489236978,1.0798449015214733,0.4303932510473433,0.46475795779272505,0.4033974553412823,0.0005952425999566913,0.000796776672359556,221.0,239.0,0.2818062901496887,122.21301500415424,149.60058159425247,40565.0,800.783832192421,0.7949334133276788,0.9890645762980482,238.8860626220703,215.4840545654297,0.9020369468198579,10.026959419250488,0.03730201721191406,0.018407851457595825,0.2724595367908478,0.2908673882484436,0.19959329068660736,-0.9561905860900879,0.0007449364056810737,90.24910805923464,4.644610819272061,9.892811121960069,29.148086603782808,5.84268832568938,121.97426811983775
mango38_fro_r.jpg,0.08951517223813485,0.12214933405794796,0.05364352464675903,0.6852945057778211,0.00027868366959858296,0.012308584874679824,1.3645657043813457,0.43916346380824645,0.5992674013300514,0.4751234434859862,0.0007818814483471215,0.0026021748781204224,227.0,311.0,0.2249230444431305,115.90323950945627,157.42473773640663,53741.0,928.264062166214,0.7837409399011439,0.9911290620043525,312.3011169433594,220.76080322265625,0.7068844498007179,178.35006713867188,0.04050533473491669,0.015909329056739807,0.21904923021793365,0.23495855927467346,1.1167960166931152,0.5970540046691895,0.003566389437764883,101.05123374704492,4.426153316560715,10.521921513729694,34.403719710401894,2.316492268433455,151.60494237588654
mango38_fro_r_hor.jpg,0.10617793152951936,0.14501275429769725,0.06555703282356262,0.6917466248616405,0.00047657728257295673,0.017603177397939575,1.3657523009607804,0.4520777026893809,0.6174261626610855,0.4721430334182417,0.0009099615272134542,0.002548954216763377,226.0,311.0,0.26780879497528076,115.9224593008232,157.40907748532615,53775.0,917.4945101737976,0.8027555825192659,0.9910432907613203,312.5716247558594,219.8927764892578,0.7034956441136001,1.6676546335220337,0.04895144701004028,0.019706040620803833,0.2597760260105133,0.27948206663131714,0.9596004486083984,0.21501660346984863,0.003378011519089341,101.91409797334711,4.426718524952909,10.515326366365224,34.37996972941046,2.3951139828824908,150.52801875299937
mango38_fro_r_ver.jpg,0.08404777269920986,0.11379283462886647,0.03504028916358948,0.6104095965850539,0.00015647222470997746,0.009215448452941045,1.3539066054267521,0.30793054130229575,0.4169091938818135,0.466904920685431,0.00046717296936549246,0.0010712380753830075,227.0,308.0,0.2263478934764862,115.83722235736607,157.43968114369116,53049.0,949.0092281103134,0.7401950810356345,0.9877207518363015,312.6885986328125,219.25733947753906,0.7012003009902227,1.1091933250427246,0.02802082896232605,0.012742683291435242,0.2208719104528427,0.23361459374427795,0.7440164685249329,-0.30091381072998047,0.001452652271836996,101.46518590595235,4.354028091734963,10.56268556673644,34.581332684642874,2.860316434629974,150.91158473830953
mango38_sib_r.jpg,0.11455159032479581,0.13723815271470324,0.049774110317230225,0.6714571465749078,0.00037206666385832074,0.01582589989367856,1.1980466820720925,0.3626842050308186,0.43451260847712675,0.47548986850099184,0.0006387181929312646,0.002202710136771202,290.0,348.0,0.2277946174144745,117.57656340551077,158.5333623096781,75441.5,1103.0163680315018,0.7792131348379003,0.9780386462783025,344.793701171875,280.09844970703125,0.8123653325308456,15.037189483642578,0.03874345123767853,0.01498199999332428,0.2224445641040802,0.23742656409740448,1.2091565132141113,0.6622927188873291,0.0028609209693968296,115.15134871713819,4.516306873627355,11.468090623128944,32.851351351351354,7.740013382873007,137.57690585322163
mango38_sib_r_ver.jpg,0.12352488482273585,0.14834493140721172,0.05357074737548828,0.6699549180814168,0.0004277492910131246,0.017861059847089723,1.2009315501090636,0.36112286997143717,0.43368384801463183,0.43574701759101847,0.0005458469386212528,0.000908851798158139,288.0,346.0,0.2532626986503601,117.56165381660175,158.66951487693083,74974.0,1145.5777690410614,0.7179122956600578,0.9868895616690799,344.7306213378906,279.7705078125,0.8115626825569423,162.6621551513672,0.044307976961135864,0.01940852403640747,0.24479448795318604,0.2642030119895935,0.745261549949646,-0.3450934886932373,0.001023365999571979,115.97530667938426,4.545230803573444,11.344172615635916,32.80952759452084,7.905309057307692,137.53001881143524
mango38_top_r.jpg,0.1066276821160002,0.11488009416167039,0.04732581973075867,0.7258154067479116,0.0002808355126590303,0.012862394526016185,1.0773946491371011,0.4119583995479425,0.44384177534003727,0.48443903290784146,0.0006066143978387117,0.0017205788753926754,268.0,289.0,0.2357657253742218,120.58592112319018,151.01733859828727,61125.0,946.1219273805618,0.8580933187164094,0.9928450187198999,290.9277648925781,267.56451416015625,0.9196939805967007,172.75352478027344,0.03433823585510254,0.014027208089828491,0.22999316453933716,0.24402037262916565,0.8328694701194763,0.1156764030456543,0.0021395094227045774,97.85576626204521,4.003387558838622,9.965856415045609,30.802369229269242,7.430551199080472,122.16854352524416
mango38_top_r_hor.jpg,0.10325341041055536,0.11083668407563381,0.03971832990646362,0.6937070556221786,0.00022830441857617622,0.011609388068217576,1.0734433239050014,0.3583500376045195,0.38466845548767764,0.502267882982445,0.0005343372467905283,0.0015515973791480064,269.0,289.0,0.23102915287017822,120.52672861304129,150.96694927665945,61034.5,949.050858259201,0.8515424106154122,0.9928829385736595,292.16278076171875,266.7229309082031,0.9129257676587361,9.801504135131836,0.0265665203332901,0.01088017225265503,0.22737716138362885,0.23825733363628387,0.870143711566925,0.14128971099853516,0.002410026965662837,98.28134611316334,3.9839404555848548,9.994839984541624,31.11090136857008,8.349927754475384,121.42315015215375
mango38_top_r_ver.jpg,0.10674041434876827,0.11531341627057688,0.041887253522872925,0.6953717301060833,0.0002288175952944449,0.012019752295936556,1.0803163635265347,0.36324700869660026,0.3924216874970027,0.4438117629919945,0.00048136344412341714,0.0009847857290878892,269.0,291.0,0.24212005734443665,120.51596786833856,150.96172936259143,60821.0,964.6660815477371,0.8213143353546994,0.990836299657074,289.9741516113281,266.4061584472656,0.9187238137154643,4.354090213775635,0.03292776644229889,0.015504583716392517,0.23468069732189178,0.2501852810382843,0.4586964249610901,-0.686798095703125,0.0011472764890640974,97.90223354231975,3.954908427487791,10.020016778753646,31.1154486677116,8.087161371597865,121.64039642110762
mango38a_sia_r.jpg,0.11326483833799653,0.12869528282891732,0.04984480142593384,0.6985485155772678,0.0003366069081493154,0.014543526810431218,1.136233315805161,0.3873086901887123,0.44007303729327435,0.46328198894400446,0.0005900327814742923,0.0015821490669623017,307.0,347.0,0.21250377595424652,117.49541763557457,163.20076600718753,79938.0,1108.915864109993,0.8168944571412654,0.988084348965415,349.610107421875,291.154541015625,0.832797836317382,154.88478088378906,0.03901605308055878,0.016544193029403687,0.20612561702728271,0.2226698100566864,1.0087321996688843,0.19906163215637207,0.0017573488876223564,123.11574667048012,4.1515080968790645,14.017856916487132,31.49597721874728,8.290920211565195,148.94574530261013
mango38a_sia_r_ver.jpg,0.12037993789954507,0.135239983197728,0.04095102846622467,0.6459559515808111,0.00030025259754186255,0.014891725782938946,1.1234428722714858,0.30280267342500405,0.34018150516407125,0.4503630346317946,0.00041794421849772334,0.0007074078312143683,306.0,344.0,0.23849350214004517,117.51975204211749,163.37066168394207,78712.0,1124.6904658079147,0.7819604438429343,0.9884530619164527,345.3451232910156,292.271728515625,0.8463178102252606,23.309484481811523,0.03292892873287201,0.014504551887512207,0.23240578174591064,0.24691033363342285,0.7348666787147522,-0.29198241233825684,0.0007411274127662182,122.78333985632582,4.090395452384338,13.97280550909542,31.48640902950497,8.334099145766624,149.85309379221533
mango39_bac_r.jpg,0.09366971674430949,0.12142032707742628,0.04499819874763489,0.6587751065004759,0.00023705796355259724,0.011853428345684789,1.2962602140547486,0.3705985631132489,0.48039217274956225,0.46320028118158035,0.0005472401389852166,0.0013306314358487725,237.0,307.0,0.23814895749092102,119.85277642474428,155.79604759585277,57067.5,939.5950152873993,0.8123015899638191,0.9905746348321921,307.8517761230469,236.9545135498047,0.7697032530846764,177.51393127441406,0.03364717960357666,0.014768362045288086,0.2309401035308838,0.24570846557617188,0.5386434197425842,-0.3378903865814209,0.0012748312437906861,112.786584092965,3.522744983545882,10.019632164100583,30.691288010576855,4.125736707419943,124.57238535940435
mango39_bac_r_hor.jpg,0.0997165657994015,0.13003597747546797,0.045326218008995056,0.6441641944246996,0.00026692724344952896,0.013084231549247894,1.304055915213322,0.34856674967161383,0.4545505317559493,0.4541638663949001,0.0005288528627716005,0.0012099522864446044,237.0,309.0,0.2553766369819641,119.96013236958983,155.8018287903858,56998.5,939.1097337007523,0.8121581500505554,0.9907785638547515,308.0161437988281,236.1470489501953,0.7666710128818052,2.5332753658294678,0.03332000970840454,0.014436930418014526,0.24860790371894836,0.2630448341369629,0.5223734378814697,-0.2975587844848633,0.0012363241985440254,112.59083863101976,3.5469450729098315,10.003057277124666,30.56849255421057,3.9852606673798014,124.82433162065662
mango39_bac_r_ver.jpg,0.12118150052376306,0.16011056111659636,0.06280741095542908,0.6671176321406134,0.0005234410068617649,0.01972616238013931,1.3212459032490649,0.392275253533658,0.5182920716773339,0.4295369667966183,0.0006893834797665477,0.0010645604925230145,237.0,313.0,0.3045728802680969,120.04966632891933,155.74663708465812,56807.0,958.5239455699921,0.7769727457383881,0.986472406487688,307.2891845703125,234.6049041748047,0.7634661939139074,6.03256368637085,0.05152353644371033,0.024205446243286133,0.2946215569972992,0.3188270032405853,0.5724515914916992,-0.6216731071472168,0.0008383277454413474,113.17529087033996,3.797041226424862,10.087905858911762,30.558698158694664,5.630067216615659,124.33697285210161
mango39_bot_r.jpg,0.14973346703719598,0.16156530540280334,0.08343711495399475,0.7822171182250236,0.0010042122859500707,0.02838659829336261,1.0790193308131184,0.5164296551538411,0.5572375809161472,0.4975070793591194,0.0014253155095502734,0.002812422811985016,198.0,213.0,0.4513391852378845,120.12231964313183,160.5712659590832,32202.0,695.1269782781601,0.8374606725822257,0.9906174054818963,212.29112243652344,192.8990478515625,0.9086533889764546,14.487820625305176,0.06092289090156555,0.02508106827735901,0.44052255153656006,0.46560361981391907,0.9423826932907104,0.16651678085327148,0.001995579106733203,114.93582525765267,3.5005686887141234,12.375667660814884,29.323642516535916,3.878596348711976,147.47041993539455
mango39_bot_r_hor.jpg,0.13726810607541523,0.1502276732078769,0.08131158351898193,0.7908134729089017,0.000828379947575886,0.02479646117215403,1.0944106209591153,0.5412556939923271,0.5923559801597996,0.4940348390144712,0.0013727352488785982,0.0024593838024884462,195.0,213.0,0.4169924259185791,120.19240898528273,160.6665840433772,31971.0,692.9848424196243,0.8366014512945373,0.9910876203171257,212.62571716308594,191.59078979492188,0.901070634122635,165.18896484375,0.05983781814575195,0.027933359146118164,0.405498206615448,0.43343156576156616,0.7944517731666565,-0.18794035911560059,0.0018572973785921931,114.96935708752905,3.430690934067589,12.327153041923417,29.24052672347018,3.699451635398865,147.70289697908598
mango39_bot_r_ver.jpg,0.11003500612183276,0.11725916741727321,0.05460640788078308,0.7588576025232637,0.0003647754271623176,0.014733410330000349,1.0656533002546638,0.4656898823651303,0.49626396003760725,0.5177311406341893,0.0009227223345078528,0.0017540539847686887,197.0,210.0,0.3370366096496582,120.17724369851602,160.43251164656155,32105.5,696.2569210529327,0.8322431923686069,0.9903602936640138,211.92848205566406,193.26971435546875,0.9119572436927355,165.20205688476562,0.038792818784713745,0.01710626482963562,0.3309970498085022,0.3481033146381378,0.9661102294921875,0.253464937210083,0.001544083934277296,115.20880510906117,3.43342091771803,12.641261315661719,29.66359176873477,6.935479754146765,146.59926572671458
mango39_fro_r.jpg,0.08909028787665978,0.12224146256638313,0.04509502649307251,0.6454173630246268,0.0002131530679976649,0.011136428753637743,1.372107616664335,0.3689012348701546,0.5061721941622178,0.4340242965991719,0.0005079463007859886,0.0010846268851310015,247.0,339.0,0.2139454483985901,117.74955204811393,157.337483055733,63748.0,996.5483326911926,0.8066398886781794,0.991299615130428,337.29510498046875,241.8455352783203,0.7170146607740557,3.2054688930511475,0.03663446009159088,0.01577681303024292,0.20722714066505432,0.22300395369529724,0.6384772658348083,-0.45737433433532715,0.001177815138362348,105.09128869914773,3.3334269985210607,8.79147369725043,32.55742353656066,2.573794002593243,141.80251164674902
mango39_fro_r_hor.jpg,0.09542018586609143,0.13142419655228693,0.04780861735343933,0.6416013369237622,0.0002558263608087222,0.012658630464612033,1.377320693304056,0.3637733279534925,0.501032532262428,0.42670086198754237,0.0005218045553192496,0.0010376451537013054,247.0,340.0,0.22987627983093262,117.77494120029283,157.3084531393592,63757.0,1011.0924879312515,0.7837110501442238,0.9892551532595287,339.26348876953125,239.57101440429688,0.7061503000903302,175.84681701660156,0.037811294198036194,0.016788318753242493,0.22295396029949188,0.23974227905273438,0.6568297147750854,-0.4323878288269043,0.0009643535013310611,105.14141524275323,3.4738342312241066,8.844760556073156,32.51880811825361,2.931983217343747,141.64875936511893
mango39_fro_r_ver.jpg,0.10924533999196437,0.1509353158766517,0.050797879695892334,0.6245332858010533,0.00035102295342919235,0.01612426710886678,1.3816178876623377,0.33655396949913097,0.46498898442376413,0.4190792347015068,0.0005716560408473015,0.0008719349279999733,246.0,340.0,0.26927077770233154,117.72546481157974,157.25315073621164,63681.5,990.3056902885437,0.8159895548042428,0.9922327827983796,337.9920654296875,240.52951049804688,0.7116424765541848,175.59815979003906,0.041765421628952026,0.01904359459877014,0.26078709959983826,0.2798306941986084,0.42524218559265137,-0.7232828140258789,0.0008709493558853865,104.57736461192913,3.3061134256255764,8.90118626088678,32.68968367856252,2.868785415499967,141.76896680808585
mango39_sia_r.jpg,0.11898836878128788,0.13239825270750644,0.042606160044670105,0.661308542294138,0.0003153997486458198,0.014918141832818798,1.1126991155821895,0.3218030387364358,0.3580699565936932,0.46989647167223825,0.0005115639069117606,0.0011491996701806784,288.0,322.0,0.248792827129364,117.9477631313277,160.5656782716548,68886.5,1021.560524225235,0.8294988323093064,0.9923792236604216,330.6151123046875,264.2687072753906,0.799324342535941,147.48057556152344,0.03287804126739502,0.014689788222312927,0.2428254932165146,0.2575152814388275,0.8599779605865479,-0.08924555778503418,0.0012698490172624588,118.17170959646947,3.864156882781308,11.688517438909077,31.33055467420462,3.3133829458306496,143.86636476391013
mango39_sia_r_ver.jpg,0.1257303321327851,0.13959914265139958,0.04105904698371887,0.642235747456142,0.00030927993851746825,0.01547721509328317,1.1103060039956587,0.29412105406871725,0.32656437223402857,0.4291608251872891,0.00045083582517690957,0.0007311309454962611,290.0,322.0,0.26605692505836487,118.06095174593051,160.44620156836598,68528.0,1044.2051861286163,0.7897801777033582,0.9887387549867621,326.906005859375,266.90557861328125,0.8164596973727546,31.234411239624023,0.03388172388076782,0.01519426703453064,0.26006510853767395,0.2752593755722046,0.6612092852592468,-0.5001721382141113,0.00091446319129318,117.77961704039774,3.851041330320946,11.792328153407126,31.296873414602327,3.4677917982716475,143.55533490846366
mango39_sib_r.jpg,0.10340701524577105,0.12483070683465973,0.04016654193401337,0.6435622020311966,0.00023677878785423562,0.012252126732553967,1.2071783189754608,0.32176812062127147,0.38843149895147977,0.4566746630189501,0.0004702824808191508,0.0011940154945477843,298.0,359.0,0.20584100484848022,118.82211973459334,159.52135065849,79083.5,1125.418389081955,0.7846350988039669,0.9870631552670993,357.7597351074219,284.8572998046875,0.796225152948404,14.867542266845703,0.03236314654350281,0.013061895966529846,0.20066693425178528,0.21372883021831512,0.938058614730835,0.16291570663452148,0.0016436346340924501,119.54854478737307,3.3365124127546837,12.053897407550915,31.147054388257764,5.648917066009774,139.78934603398008
mango39_sib_r_ver.jpg,0.11056962397144304,0.13420731180184753,0.03974489867687225,0.6248680085894944,0.00025238548710713646,0.01311699408783253,1.2137810275678373,0.29614555379482027,0.35945585459472323,0.4279282659278845,0.0004227938479743898,0.0008310136036016047,296.0,360.0,0.22571276128292084,118.87599979686667,159.66537592362187,78292.5,1131.1341193914413,0.7689565839901273,0.9815948997310698,361.9178466796875,282.4769592285156,0.7805002207545725,166.0941619873047,0.0307600200176239,0.013963595032691956,0.22028832137584686,0.23425191640853882,0.7009071111679077,-0.3909134864807129,0.0011493009515106678,119.58742350760481,3.2522883800769056,11.888648379984524,30.983952466800396,5.035694790561764,140.2056344107864
mango39_top_r.jpg,0.1229627498347019,0.14167065055294245,0.06700250506401062,0.7431929995758035,0.0005572569701310509,0.019593084648633467,1.152142829786984,0.4729455593130895,0.5449008350421708,0.4774314390581133,0.0009407501784153283,0.0024226622190326452,230.0,265.0,0.3172615170478821,118.62208894934257,149.24792877457648,48141.5,854.683326125145,0.8281690936050561,0.9912491120422513,264.201171875,232.99508666992188,0.8818851370582017,4.8020148277282715,0.04695504903793335,0.018260926008224487,0.30807092785835266,0.32633185386657715,0.6809572577476501,0.07656025886535645,0.002676150528714061,107.21235728123325,3.6978355812762365,8.135420005823688,35.076666254482504,4.5575355898514,102.09317423024608
mango39_top_r_hor.jpg,0.13444400627167788,0.15484871526147417,0.06949636340141296,0.7304033739248152,0.0007005218189802946,0.02272831740731434,1.1517710573765814,0.44880167900691276,0.516916784382177,0.48418411298098735,0.0009286137064918876,0.0023487613070756197,231.0,266.0,0.34721171855926514,118.70218657696094,149.18044387922546,48369.5,858.6833271980286,0.8243571351105539,0.990873706852402,265.00323486328125,233.4160919189453,0.8808046891932011,175.72415161132812,0.04647740721702576,0.017370611429214478,0.3383661210536957,0.35573673248291016,0.8150099515914917,0.5260562896728516,0.0023913292679935694,106.95042254676731,3.798521141073606,8.145606880630522,34.924741549064656,4.4286796095273235,101.89198391860847
mango39_top_r_ver.jpg,0.1123264277537252,0.13047421681841645,0.05028390884399414,0.6922886214447384,0.0003317240470661306,0.014960715279430093,1.1615629503012428,0.3853934522096059,0.44765875537537086,0.4501334411658898,0.0006416775868274271,0.0011944887228310108,229.0,266.0,0.30025964975357056,118.63936728203858,149.15799363978027,48045.5,856.340181350708,0.8233224093638476,0.9886413910180565,265.0928955078125,231.51231384277344,0.873325229630496,176.78822326660156,0.0388796329498291,0.017527639865875244,0.2919500768184662,0.30947771668434143,0.4720149040222168,-0.5510697364807129,0.0010509308194741607,106.92720852434643,3.681081858915466,8.270221748328835,35.21131210506753,5.3049893238065975,101.5778507413373
mango3_sia_u.jpg,0.10020722754850625,0.1256193242724976,0.10161782801151276,0.86414246932261,0.0005706046974711006,0.01822974283262266,1.2535954476107065,0.8089346810294886,1.014076833552986,0.44607710657382016,0.0016316015971824527,0.005851313937455416,196.0,247.0,0.259915292263031,109.46425828473902,155.6689233394965,34758.0,752.156415939331,0.7720551318556992,0.9878220340187288,244.78341674804688,181.63534545898438,0.7420247166740868,160.00473022460938,0.04548729956150055,0.017139673233032227,0.2534409165382385,0.27058058977127075,1.8661683797836304,5.161170959472656,0.006700010970234871,146.90425259564785,4.7879923783428975,6.8074177057012415,42.65558242070829,4.836886524867292,100.24138813824491
mango3_sia_u_ver.jpg,0.07692697057452227,0.09094460661603324,0.06334488093852997,0.8383243590798581,0.0002116888491093503,0.009595182804700064,1.1822200450222007,0.6965215783050347,0.8234417716627124,0.47767320339977964,0.0011200160952284932,0.004502667114138603,199.0,236.0,0.212214857339859,109.17308575364481,155.60334634370335,34508.5,752.2569206953049,0.7663083577249911,0.986464467440398,241.83958435058594,181.93618774414062,0.7523011099803845,20.907983779907227,0.03454950451850891,0.013668179512023926,0.20629045367240906,0.21995863318443298,1.3596359491348267,2.291233539581299,0.00728513253852725,146.70959132131787,3.7461690523232902,6.828719498821185,43.09292848123063,3.7671168208360246,99.86462518654575
mango3_sib_u.jpg,0.08285729354050045,0.10862169610498736,0.04022426903247833,0.6561380869832266,0.00015626769574766545,0.009003160007084045,1.3109491206334578,0.37031523604271394,0.4854644330473672,0.431651967005299,0.0005051001789979637,0.0007621649419888854,228.0,299.0,0.2200339138507843,103.54676763154309,160.09258141753128,50976.0,912.1808004379272,0.7698635609844576,0.9841021631482929,301.56622314453125,217.3287353515625,0.7206667016133423,9.056222915649414,0.032271608710289,0.01591368019580841,0.21294988691806793,0.22886356711387634,0.43865150213241577,-0.7792425155639648,0.0005586081533692777,150.55395067255844,3.6124051976392684,5.960753728721538,45.59500496389013,2.947943618327493,115.63570886297717
mango3_sib_u_ver.jpg,0.05957858991869289,0.07744690550739508,0.02833130955696106,0.6553141970009893,5.661759443390632e-05,0.0045762754331258974,1.299911689972642,0.36581590150501003,0.47552836674424315,0.4331022838154199,0.00034148473059758544,0.0006402205908671021,225.0,294.0,0.15997788310050964,103.61241259431912,160.24250385177578,50225.5,900.4823157787323,0.778365819274252,0.9873595643669462,295.4285888671875,217.43470764160156,0.735997516270679,168.99681091308594,0.022387608885765076,0.010301634669303894,0.15539990365505219,0.16570153832435608,0.6367223262786865,-0.48372840881347656,0.0006055678240954876,150.79344605538657,3.1228382399240586,5.513840502938499,45.44135424485442,2.631852200837117,116.0236834827954
mango40_bac_r.jpg,0.10221216448609469,0.1255101392250043,0.04268425703048706,0.6518348303535934,0.0002609839899213691,0.013195643484567605,1.2279373972368932,0.3400861260616261,0.4176044724724911,0.4766117483759408,0.0005317218601703644,0.001158938859589398,246.0,302.0,0.25372859835624695,120.56214801563638,162.71748492678725,59962.0,936.4650726318359,0.8592168906056951,0.9921241602965022,306.59716796875,251.5067596435547,0.8203166432026194,177.2845916748047,0.03405559062957764,0.01445421576499939,0.24691331386566162,0.261367529630661,0.602308988571167,-0.3729867935180664,0.0013419484021142125,115.36271781620619,3.251682898498367,15.95399338632915,29.40545285894123,4.770248706768078,154.8132578016299
mango40_bac_r_hor.jpg,0.10201657827885657,0.126289313960008,0.045710012316703796,0.663717029818457,0.0002607289816273661,0.012958135138692473,1.2379293257102122,0.3619467940983413,0.44806455076113266,0.4427316940631386,0.0005119370762258768,0.0010697748512029648,244.0,302.0,0.25359857082366943,120.61461821557641,162.7975365538278,59894.0,954.2396771907806,0.8265673402918096,0.9912368532110851,308.0965576171875,249.83387756347656,0.8108947386354677,2.928575277328491,0.034997761249542236,0.015522122383117676,0.24680331349372864,0.2623254358768463,0.5706269145011902,-0.5366353988647461,0.0011733820429071784,115.94365239879315,3.3428922176252716,15.86152524369778,29.309306720599448,5.1908520222410575,154.67343589403535
mango40_bac_r_ver.jpg,0.09735167110746781,0.1179498699732788,0.0438445508480072,0.674457675061174,0.0002296218858351107,0.011889006683492175,1.2115854677324682,0.3717219091291924,0.4503728631386986,0.4560965389121429,0.00048670900287106633,0.0007423010538332164,247.0,299.0,0.23878873884677887,120.59704134108061,162.89362519201228,59464.5,952.9675977230072,0.8228323674659319,0.9910006749493788,305.0978088378906,249.41822814941406,0.817502521894344,3.4836833477020264,0.03728882968425751,0.017440497875213623,0.23071934282779694,0.24815984070301056,0.5269103646278381,-0.678478479385376,0.0006088183727115393,115.73463901689708,3.3083961575569507,15.863090362415564,29.32952648099913,5.160592165978282,155.2603519668737
mango40_bot_r.jpg,0.09385169906172335,0.10103010232514274,0.041430532932281494,0.7249148968087484,0.00018014650368017854,0.009714646600708697,1.0764866628434546,0.4100810746379986,0.4414468075323167,0.45857712337082324,0.0006131434347480536,0.0008295592851936817,195.0,210.0,0.2980809211730957,123.45989012754201,167.17290455231793,30802.0,718.2152903079987,0.7503769537093012,0.9782760592009146,209.63392639160156,187.62588500976562,0.8950167954173394,170.92294311523438,0.0317559540271759,0.014170974493026733,0.2925909757614136,0.3067619502544403,0.6665172576904297,-0.39896440505981445,0.0008053062483668327,121.43602017541042,3.255830590496106,17.015444321147104,26.2243389982973,5.454191695176873,178.099013717994
mango40_bot_r_hor.jpg,0.09246404930682492,0.10003526934154518,0.03970184922218323,0.7158561893673854,0.0001853957942768817,0.009790299275781582,1.081882851675645,0.3968785157825815,0.42937606042365667,0.5048508452377819,0.0006436441326513886,0.001042798045091331,195.0,211.0,0.29240480065345764,123.51978214598724,166.36180668586454,31633.5,709.9137743711472,0.7887618632761311,0.9872665137399934,210.2068328857422,190.77162170410156,0.907542438488645,2.2708377838134766,0.03133326768875122,0.01380985975265503,0.2868072986602783,0.30061715841293335,0.8848651647567749,-0.0932919979095459,0.000977589632384479,120.10967822711906,3.222006005892527,17.417564947210966,26.444284462251158,5.956884196950913,175.3860961562539
mango40_bot_r_ver.jpg,0.09362232927066282,0.0978183073223732,0.044242024421691895,0.75646942972466,0.0001798995623658319,0.009697747625722787,1.0448181334986848,0.45228777345212523,0.4725584672625255,0.4440128411574654,0.0006329226307570934,0.000749568163882941,191.0,200.0,0.3048156797885895,123.50510086169896,167.8487239591931,29976.5,699.6295045614243,0.7695813878257808,0.98375531234104,200.11007690429688,190.831787109375,0.9536340701155233,15.748483657836914,0.03556859493255615,0.016369551420211792,0.2972963750362396,0.3136659264564514,0.44903993606567383,-0.6545007228851318,0.00057658099103719,120.55297302651128,3.3388605485279963,16.5838464853731,26.030968338340653,5.537946829463046,181.87341939317903
mango40_fro_r.jpg,0.0941161721685109,0.11648178377833165,0.042225271463394165,0.6641103165566064,0.00021808070677048488,0.011299529734492286,1.2376383473158694,0.36250536430443175,0.44865053997087406,0.47111022191175433,0.000519997498486191,0.0011136626126244664,237.0,293.0,0.23946750164031982,118.61308550456049,168.26430829608634,54636.5,908.2813059091568,0.8322465114410049,0.9920021061423099,296.591064453125,236.2830047607422,0.7966625872442147,178.878662109375,0.03358307480812073,0.014824166893959045,0.23327378928661346,0.2480979561805725,0.7121492028236389,-0.3252239227294922,0.0009911858942359686,114.49958210690795,3.3775412251033066,13.275295740647374,29.60207493004833,1.9492173907513148,194.54771248955268
mango40_fro_r_hor.jpg,0.09551651366107652,0.11946423206473093,0.044408589601516724,0.6673544341677224,0.00023422082891056618,0.011881805539529793,1.250718095602072,0.37173126076308943,0.46493101453736846,0.4622130202550847,0.0005371408187784255,0.0012181318597868085,237.0,296.0,0.24338877201080322,118.74859858861092,168.10298786350526,54720.0,915.009228348732,0.8213060167002076,0.9910081225720573,297.6463317871094,236.4014434814453,0.794236038663936,1.8522449731826782,0.03622499108314514,0.016246825456619263,0.2363280951976776,0.2525749206542969,0.6295790076255798,-0.4657306671142578,0.001061531831510365,114.48213994158519,3.4670280288051014,13.37000525051222,29.544183008907353,2.8675796309469708,193.41548899733323
mango40_fro_r_ver.jpg,0.10956495160651948,0.13554969116399662,0.05218100547790527,0.6776347616647442,0.00034592426195092157,0.015232383812353591,1.2371628807978314,0.3849584977274008,0.4762563640360366,0.4463734920610542,0.0005942686111666262,0.0008594488026574254,236.0,292.0,0.2795782685279846,118.66443382931605,168.01963798751808,54224.5,923.511754155159,0.7989517739856821,0.989552347756264,294.6953125,236.45091247558594,0.8023572226843138,3.3455071449279785,0.04121595621109009,0.018359661102294922,0.2718924283981323,0.29025208950042725,0.5907081365585327,-0.45566773414611816,0.0005998893175274134,113.5679276707114,3.248310028512538,13.625815214157258,29.788228188656454,2.8887211028099955,193.76264206885193
mango40_sia_r.jpg,0.10766152207385633,0.1181515414062475,0.037060290575027466,0.6587139344754958,0.00022094010318553624,0.012091168602434725,1.0974351758207075,0.3136674319601202,0.34422967334238436,0.4686685650980179,0.0005249304231256247,0.0009845923632383347,229.0,251.0,0.29453498125076294,121.72638003648566,173.81653566361118,44048.5,811.1097338199615,0.841359807138033,0.9903546737114272,254.273193359375,220.98007202148438,0.8690655475788356,156.26625061035156,0.028285980224609375,0.012739181518554688,0.28927740454673767,0.30201658606529236,0.6063066720962524,-0.47304654121398926,0.0009492774843238294,119.64014324001711,2.4832893052093055,11.368074335970261,27.09450237607261,3.3616751212683336,213.10247516947817
mango40_sia_r_ver.jpg,0.10681791438094243,0.11653698492993514,0.040775835514068604,0.6844995008495003,0.00021649146164132198,0.012008648509024271,1.0909872712392774,0.3498960912587881,0.3817321818197144,0.4265107993171047,0.0005134328384883702,0.0006026516202837229,226.0,247.0,0.29658058285713196,121.80454660036207,174.08797580035292,43284.5,804.4823147058487,0.8404449397118995,0.989721955457996,251.7274932861328,218.7796173095703,0.8691129222857218,21.04273223876953,0.03328752517700195,0.016561776399612427,0.28875789046287537,0.3053196668624878,0.25591668486595154,-0.9342186450958252,0.0005366055993363261,119.57002085386254,2.2118476023124964,11.050912953536459,26.99106263033664,1.1261242360355377,213.68524417352248
mango40_sib_r.jpg,0.10570577927919923,0.11583057390565418,0.043343693017959595,0.6989714052919983,0.0002383979799302741,0.0122039095028049,1.0957827915890244,0.3741990698696159,0.41004090139174404,0.4492154853880826,0.0005060388357378542,0.0010734621901065111,272.0,298.0,0.2348419725894928,121.47606507585182,159.91135273115015,61457.5,995.8792845010757,0.7787021192227779,0.9789577642027127,306.0943908691406,256.6830749511719,0.8385749056764233,29.665807723999023,0.03274959325790405,0.014573454856872559,0.2280941903591156,0.24266764521598816,0.642753541469574,-0.37124013900756836,0.0009869621135294437,113.24799263292243,3.5186967362891015,15.857057836164774,29.69775594939981,14.100433708767346,144.97321356447
mango40_sib_r_ver.jpg,0.11324416731979506,0.1185396128631093,0.03986220061779022,0.6848834967696594,0.00023582159993000557,0.012570513854987373,1.0467613093781705,0.336277465861336,0.3520022404793851,0.44069991187078317,0.00044748056097887456,0.0006340496474877,276.0,289.0,0.2522779107093811,121.44860551213492,160.14718222953516,60345.5,974.9087220430374,0.797860275103453,0.9895868351358221,302.7803955078125,252.75665283203125,0.8347853975423897,146.2240447998047,0.032612353563308716,0.015325367450714111,0.24545854330062866,0.2607839107513428,0.5091652870178223,-0.6810500621795654,0.0005675368010997772,112.52171122994652,3.54660159539592,15.831891674513514,29.75972027972028,14.498203803835583,146.66385849444674
mango40_top_r.jpg,0.092992863213811,0.10533662165462045,0.03723931312561035,0.6783140875386747,0.00016793064981765745,0.009590367903865174,1.1327387717101305,0.35352674635523496,0.40045345243310765,0.4603618232077988,0.000486343982629478,0.0011009215377271175,249.0,282.0,0.22793492674827576,120.36850964177248,159.81816019612864,54274.0,888.6072076559067,0.8637380089195026,0.9936380363043856,279.2062072753906,247.04710388183594,0.8848195256567665,178.53518676757812,0.02627752721309662,0.011622458696365356,0.22299760580062866,0.23462006449699402,0.6292940378189087,-0.27962422370910645,0.0012841502903029323,113.52848622342566,3.480476377014991,12.353850278799342,29.625233268688937,5.220350883260267,152.16504445826777
mango40_top_r_hor.jpg,0.09476546100742178,0.1084242468358518,0.037004247307777405,0.6681637993001722,0.00019182167487086466,0.010463217693807475,1.1441325318658062,0.3412912553019598,0.3904824280322905,0.5045098040160312,0.0004990341840311885,0.0013480988563969731,247.0,282.0,0.23239727318286896,120.43612020558594,159.77387375852797,54278.0,899.8376549482346,0.842374816906777,0.9909627006006609,280.42523193359375,245.9197235107422,0.8769529111737611,1.3190826177597046,0.02916984260082245,0.012454763054847717,0.22761456668376923,0.24006932973861694,0.9705203175544739,0.04459953308105469,0.0016299040289595723,113.76922795529786,3.5691730685734746,12.325864535066248,29.60450313683171,5.676725715318434,151.6410111023723
mango40_top_r_ver.jpg,0.09922285713834465,0.11144428638091246,0.041769325733184814,0.6936140141886531,0.0002178755788938771,0.011298923959642519,1.1231715110312503,0.3748000645849066,0.4209647548744398,0.47171702761319545,0.0005109425401315093,0.0009967564838007092,247.0,276.0,0.24482670426368713,120.38538963446281,160.01577444946986,53558.0,899.2934989929199,0.8322068901034165,0.9905949155207013,276.6482849121094,246.7704315185547,0.8920005833289485,6.366238594055176,0.03384798765182495,0.01536455750465393,0.2382197380065918,0.2535842955112457,0.6631169319152832,-0.3829073905944824,0.0009747756994329393,113.67361162601023,3.583946425724363,12.191086566825394,29.654926966708683,6.511002887789964,152.87899458738045
mango41_bac_r.jpg,0.07904646760251968,0.09080849678285886,0.044787511229515076,0.7543892214938421,0.00014012984926097642,0.007975754009495035,1.148798922166691,0.493208376046692,0.5665972508060237,0.43587782094936506,0.0005255321739241481,0.0011615721741691232,245.0,282.0,0.1886424571275711,117.81813140089474,155.73736458756977,53692.5,913.7960253953934,0.8080253022683973,0.9900702550201914,282.7969970703125,242.96859741210938,0.859162579267769,1.3100665807724,0.03486919403076172,0.014461144804954529,0.18209823966026306,0.1965593844652176,0.6338949203491211,-0.23873186111450195,0.0010876257438212633,79.57429659481643,5.385241661953913,15.594238485524855,33.906643990091325,6.6617078600710435,176.93063925758864
mango41_bac_r_hor.jpg,0.08216790573735508,0.0951031060188349,0.0479942262172699,0.7582875695124053,0.00016812170555222735,0.00880195238065882,1.1574239986452428,0.5046546661448131,0.5840994216243096,0.44826814088313355,0.0005646189674735069,0.0012763815466314554,244.0,283.0,0.1953776478767395,117.95331577687335,155.58595605974108,53893.5,912.8254622220993,0.8127757947490815,0.9900250750874873,284.2586975097656,242.30825805664062,0.8524216151673466,0.05771609768271446,0.03414294123649597,0.014635741710662842,0.18857555091381073,0.20321129262447357,0.6170675158500671,-0.20972537994384766,0.001247960957698524,79.33391650245852,5.423961631638281,15.562700280102694,33.77877018839432,7.179985244044554,174.92455019244582
mango41_bac_r_ver.jpg,0.08824757685041686,0.10072966544918305,0.04623053967952728,0.7380837714811008,0.00018206078371182694,0.009506350903737457,1.14144398117496,0.4589565494273388,0.5238731909646639,0.4430240101933131,0.0005349727580323815,0.0008358710329048336,246.0,282.0,0.2114868313074112,117.92596623927682,155.54382437044552,53800.0,910.7249561548233,0.8151127091963355,0.9909287654832619,282.36627197265625,242.3889923095703,0.858420485620332,178.77626037597656,0.037063002586364746,0.015827208757400513,0.20438267290592194,0.22020988166332245,0.6884826421737671,-0.3122837543487549,0.0007888926193118095,79.17717922700858,5.3607914615252605,15.607832929756038,33.903698920763766,6.4077271352111165,175.16828705838944
mango41_bot_r.jpg,0.0748172921781769,0.0808206796154794,0.035264164209365845,0.7392026724441634,8.814171972647691e-05,0.006075321803146836,1.0802406403990867,0.4363260043981588,0.4713370824138418,0.4133552334455902,0.000395364360883832,0.0005445466376841068,250.0,270.0,0.18031740188598633,117.80101940795922,159.62621054695157,50607.5,905.310743689537,0.7759422487290679,0.9815834901177338,264.39764404296875,242.167724609375,0.9159223997095033,167.87571716308594,0.028794050216674805,0.013749241828918457,0.1742275059223175,0.18797674775123596,0.47553232312202454,-0.7519164085388184,0.00048376948689110577,88.26604587335817,4.697637430847071,15.893537909320854,33.18268966869241,8.277388717887513,195.11117427955304
mango41_bot_r_hor.jpg,0.07488219364880955,0.0809310561680339,0.031695783138275146,0.7129349021145014,8.44560212870226e-05,0.006001896903032944,1.080778383010425,0.39163931176761696,0.4232753020955208,0.43967863700503296,0.00037034970591776073,0.000552915851585567,250.0,270.0,0.18199422955513,117.7858195872181,159.84610327516137,49779.0,940.5239462852478,0.7071577691640029,0.972759072166963,259.5502624511719,241.75320434570312,0.9314311689096564,176.40623474121094,0.02707734704017639,0.011508673429489136,0.17689865827560425,0.18840733170509338,0.6252478957176208,-0.45657777786254883,0.0006668565329164267,87.15409594389992,4.757897391108086,15.826942657052985,33.0312574707148,8.161270874002158,196.03456450713205
mango41_bot_r_ver.jpg,0.09244481339397938,0.09752665946871618,0.03908097743988037,0.7242142899186044,0.000159988909575046,0.00894400296856398,1.054971673241192,0.40072096853082984,0.4227492706738006,0.45406555955739136,0.00045487150782719254,0.0006750578177161515,252.0,266.0,0.2218303382396698,117.85716821489852,159.63582036565884,50302.5,897.1686078310013,0.785328386147369,0.9856471049279906,257.1727294921875,247.86651611328125,0.9638133740024369,7.893923759460449,0.028917580842971802,0.013772040605545044,0.21581381559371948,0.22958585619926453,0.6438547968864441,-0.3767421245574951,0.0006431419751606882,86.85071889237324,4.7645997118149905,15.90012961918943,33.01688263021912,8.520528349706666,194.9706920695028
mango41_fro_r.jpg,0.08214608488891324,0.0931035571749613,0.047544121742248535,0.7666263047296915,0.00015496119367993524,0.008465730231292568,1.133390073317139,0.5106584880844355,0.5787752612500376,0.42616029062308086,0.0005737709579989314,0.0011382016818970442,237.0,269.0,0.20245897769927979,116.97175499192707,160.9345377996689,48545.0,873.695520401001,0.7991607603695579,0.9877409837733354,268.33441162109375,234.1820526123047,0.8727246393689734,167.65992736816406,0.03944161534309387,0.016527339816093445,0.19557730853557587,0.2121046483516693,0.6807800531387329,-0.3779878616333008,0.0008570884820073843,90.00782766866276,4.508708774140022,14.888177085529621,32.87457336140121,4.209783402096257,194.807680516667
mango41_fro_r_hor.jpg,0.0776367166153718,0.08655663411248365,0.04262775182723999,0.7615871767795342,0.00012477215227691955,0.007381582945396092,1.1148930285305978,0.4924839356835849,0.5490669065569401,0.4355697572331451,0.0005239590536803007,0.001047456986270845,238.0,265.0,0.19251009821891785,116.96139645553004,160.9013578930095,48359.0,889.2102382183075,0.7685608655062327,0.9885828180099147,271.9321594238281,231.84573364257812,0.8525866676961437,9.956308364868164,0.03455051779747009,0.015230178833007812,0.18611343204975128,0.2013436108827591,0.6421028971672058,-0.44251537322998047,0.000784235424362123,89.84977026583525,4.490014054405255,14.89797696173054,32.861564653757796,4.232346440997471,193.29001887102066
mango41_fro_r_ver.jpg,0.08970910575358418,0.1005803813497188,0.04244410991668701,0.7220087609955016,0.00016165673260827945,0.009136768742801752,1.1211836357615268,0.4219919366691253,0.47313045381673785,0.4221108939103322,0.0004939648788422346,0.0005702681955881417,237.0,266.0,0.23002734780311584,116.87154610046952,161.105933435825,47750.0,867.8965309858322,0.7966129001409054,0.9851861021705043,262.6142578125,232.82728576660156,0.8865751909511113,9.332985877990723,0.03422422707080841,0.015630662441253662,0.22301062941551208,0.23864129185676575,0.4371301233768463,-0.6671707630157471,0.00044111034367233515,89.84698965388291,4.386277573750531,14.832366751430083,33.011031703162004,4.803456511782042,194.8785473885403
mango41_sia_r.jpg,0.11009440226089937,0.11321366222832374,0.04072025418281555,0.7045730271784786,0.00023986402218973562,0.012363869158027768,1.0283325936956578,0.35967615022198424,0.3698667084482421,0.47259655838727715,0.00056513084564358,0.001114967162720859,243.0,250.0,0.27968931198120117,115.73921761017021,160.0161042617636,46519.5,832.7665882110596,0.8429432116279681,0.9888403532825304,265.8204650878906,225.5609130859375,0.8485460779378227,139.78707885742188,0.030672699213027954,0.01326027512550354,0.2736574411392212,0.28691771626472473,0.6289428472518921,-0.2701890468597412,0.0011003984836861491,84.52214069365641,5.5094453617224,15.383034379163139,34.33345420417218,3.590559074387266,198.61801970905677
mango41_sia_r_ver.jpg,0.11509749354040966,0.11821302944584607,0.042910873889923096,0.7070240338449125,0.00025847821214900987,0.013222321344271511,1.0270686685661192,0.36299614425819926,0.3728219665779037,0.4427161536507281,0.0005538407131098211,0.000771937076933682,242.0,249.0,0.29581978917121887,115.6697342171311,159.91616792157367,46237.5,853.511753320694,0.7976000938767005,0.9874743721168632,267.3554382324219,225.3741455078125,0.842975729230862,36.5848503112793,0.03485265374183655,0.016759276390075684,0.2880138158798218,0.30477309226989746,0.3587801456451416,-0.8077731132507324,0.000669230823405087,84.44136259304545,5.450011385972922,15.473395513879654,34.57920930132784,3.594989546468593,196.8401656048223
mango41_sib_r.jpg,0.10444596822159052,0.1095998205342806,0.04985225200653076,0.7568077869702554,0.000248226413092644,0.011941634256283891,1.0493446745761958,0.4548570587388689,0.47730183228102396,0.434972385899707,0.0006494006374850869,0.0011868600267916918,235.0,247.0,0.2688941955566406,118.3450312322544,154.88004542873367,43654.5,839.6538897752762,0.7781051216074647,0.9835638968997837,254.8879852294922,218.2430877685547,0.8562313659941887,38.71316146850586,0.03877025842666626,0.016054749488830566,0.26153764128685,0.27759239077568054,0.6215635538101196,-0.32630133628845215,0.0009811711497604847,81.45256104486087,5.850853013872319,14.946182858963905,35.72143100511073,21.002273817488224,169.1712208972175
mango41_sib_r_ver.jpg,0.11170517900643684,0.1156322210167328,0.04461488127708435,0.7196673033763975,0.00026035591546021483,0.012845342603312321,1.0351554157580256,0.38583433652656607,0.3993985030408795,0.4517888740781374,0.0005888717132620513,0.0009142286144196987,233.0,242.0,0.2959732413291931,118.25693868142001,154.9551867219917,43010.0,830.7838329076767,0.7830747733750375,0.9856766357281999,253.87632751464844,217.72998046875,0.857622223388225,143.37437438964844,0.03542223572731018,0.016260504722595215,0.28867992758750916,0.30494043231010437,0.5613721013069153,-0.5214939117431641,0.0008263696217909455,82.12402028584602,5.779704402046189,14.834320046585429,36.545573997233745,22.34679560616474,168.65603964960812
mango41_top_r.jpg,0.09945234616326096,0.10733986137416415,0.039132148027420044,0.6964269253094866,0.00019354598362576384,0.01064641493389471,1.0793094935935956,0.3645630572505923,0.3934763687040697,0.46331292171283756,0.0005032570916227996,0.0010019108885899186,252.0,272.0,0.24163253605365753,117.94872081539866,151.21098626716605,53281.5,886.2224313020706,0.8525126463420846,0.9925948695020399,273.6362609863281,247.70115661621094,0.9052205132586101,164.10031127929688,0.02954702079296112,0.012956380844116211,0.23601669073104858,0.2489730715751648,0.5591443181037903,-0.3945026397705078,0.0010485368547961116,69.22419736523375,5.826084360879135,14.06723697201846,35.12365140589189,8.262664691392434,166.52266756107105
mango41_top_r_hor.jpg,0.0988769469132583,0.10736237463878676,0.035310983657836914,0.6715838061976159,0.00018823807804491246,0.010423351708261698,1.085818059622861,0.3288953301995998,0.35712048925634965,0.5021697032688832,0.0004924169625155628,0.0011504674330353737,251.0,273.0,0.24147865176200867,118.03077639173338,151.22299385589275,53324.5,884.5655770301819,0.856399857761047,0.9919453099567502,272.7535705566406,248.77749633789062,0.9120962040210173,12.755069732666016,0.02625948190689087,0.010770022869110107,0.2373853474855423,0.2481553703546524,0.8891873955726624,0.05261874198913574,0.001364212017506361,70.02794637870043,5.796679380309223,14.027387767152547,34.88819586669149,8.710381345248837,163.63878234965557
mango41_top_r_ver.jpg,0.10192030852154296,0.10955049877866113,0.043976157903671265,0.7201391661783046,0.00021825535286110396,0.01130085653520706,1.0748642774713086,0.40142362101446855,0.43147591036163313,0.4445007843468982,0.0005208860384300351,0.0009655170142650604,254.0,273.0,0.244034543633461,118.03527032542951,151.0734721139931,53500.5,903.5950145721436,0.8234174238910579,0.9898151745573625,272.280029296875,249.9308319091797,0.917918337803147,15.3836669921875,0.035847008228302,0.016260579228401184,0.2360505312681198,0.252311110496521,0.4878857731819153,-0.6199727058410645,0.0008694449788890779,69.17950573305131,5.798219913995326,14.102120782919922,35.128576199487924,8.866246042094037,164.07315670340273
mango42_bac_r.jpg,0.1011515955922812,0.13080207546326247,0.040467411279678345,0.62079702970196,0.00026092325845674687,0.013235576253749598,1.293129136494253,0.3093789692277793,0.4000669593270003,0.4873264652524366,0.0004526333650574088,0.0009637155453674495,279.0,361.0,0.21700608730316162,114.6410662806225,154.34083789888805,79646.5,1102.5899621248245,0.8232817552073024,0.991133538247116,364.43438720703125,279.9092102050781,0.7680647601623408,179.1009521484375,0.03166615962982178,0.013089030981063843,0.21109671890735626,0.2241857498884201,0.8267785906791687,-0.02141714096069336,0.0011264568893238902,106.1947609479714,6.962180714777529,14.505781817972636,40.62812464900348,9.99684512520326,116.98563566249423
mango42_bac_r_hor.jpg,0.10718976288289883,0.1371692941979002,0.045681968331336975,0.6384517820987567,0.00030010464081775464,0.014360359356444793,1.2796865158452957,0.333033486819795,0.4261784624082336,0.4468046546731488,0.0004830464895348996,0.0012054258259013295,282.0,361.0,0.22669348120689392,114.78684558401716,154.302883296336,79698.0,1103.2346218824387,0.8228516078611327,0.9919719203913222,362.4471435546875,281.5445556640625,0.7767879004448048,179.5846405029297,0.0351950079202652,0.014127597212791443,0.22030965983867645,0.2344372570514679,0.7368078827857971,-0.053870439529418945,0.0015658719930797815,106.49680742274212,6.931351463606486,14.516449975751975,40.477277829047466,10.058846570841311,116.49521113411319
mango42_bac_r_ver.jpg,0.09617401127717964,0.12287148362217762,0.03604711592197418,0.6123626347409173,0.00019840501690638392,0.011390871700851056,1.2775954958149156,0.2933725129649845,0.37481140115996714,0.4657719107025587,0.0003776022931560874,0.0007823503110557795,281.0,359.0,0.207220196723938,114.721521524029,154.34286895204218,79355.0,1113.3767584562302,0.8044514846213108,0.9892911461839579,361.713134765625,279.2973937988281,0.7721516498973728,178.66586303710938,0.029574885964393616,0.011851698160171509,0.20221832394599915,0.21407002210617065,0.7432952523231506,-0.20763945579528809,0.0009163946961052716,106.01325133703236,6.881030749867693,14.477623083612464,40.48453801931338,9.720170880683401,117.14650367605616
mango42_bot_r.jpg,0.12297942107907456,0.13154274036075167,0.07555726170539856,0.812814847388864,0.0005975299267253443,0.01963524136501854,1.069632131998499,0.5743932466222403,0.6143894729900865,0.48885957056460594,0.0010713960509747267,0.00230391719378531,220.0,236.0,0.3192841410636902,111.10980999225987,157.2454620359042,39694.5,794.2569209337234,0.790711734937826,0.9898013889062052,234.1555633544922,216.0526885986328,0.9226886839820537,3.3493311405181885,0.050775617361068726,0.019204527139663696,0.31207138299942017,0.33127591013908386,1.1083407402038574,0.6527869701385498,0.0015843898290768266,121.72887068987042,5.18387055549061,8.570175056263118,39.62108311902325,3.6424679518237135,125.97635514718733
mango42_bot_r_hor.jpg,0.12036316303840741,0.1316563666280968,0.06221839785575867,0.7559787040435203,0.0004947520028787846,0.01785032417745457,1.0938260785493463,0.4725817630340152,0.5169222566534333,0.5018030303977653,0.0009131343686021864,0.0020521176047623158,217.0,237.0,0.3289799690246582,110.98801641449107,157.32068679036277,39379.0,776.4406868219376,0.8208389897823627,0.9902929712058343,233.52127075195312,214.80117797851562,0.9198355990734479,178.82147216796875,0.042281150817871094,0.017213255167007446,0.32232269644737244,0.3395359516143799,1.0119242668151855,0.5075366497039795,0.0019205556018278003,121.48452959391757,4.998386728515497,8.482739917339973,39.75743309584351,3.5461824802155406,126.19080587094987
mango42_bot_r_ver.jpg,0.10762372366940137,0.11496895834719353,0.0480978786945343,0.7316290051383721,0.0002776576102692688,0.012763253485124663,1.0682492152042171,0.41835534900893884,0.44690777325528525,0.4665466207367308,0.000692453992087394,0.0011539631523191929,220.0,235.0,0.2979876399040222,110.96239935180027,157.3650681116119,39156.0,772.5828211307526,0.8243622380907325,0.9899127796738718,232.85379028320312,214.3917236328125,0.9207139096686527,178.3758087158203,0.0360124409198761,0.01611807942390442,0.2914169430732727,0.3075350224971771,0.71547931432724,-0.28424715995788574,0.001122832763940096,121.82511267534309,4.890716283311502,8.477890374854546,39.810376259685015,2.9946142123606783,126.15098495974073
mango42_fro_r.jpg,0.11837264313219967,0.1550936396749189,0.06405049562454224,0.6805530028774802,0.0005582904750547372,0.020086027374383437,1.3102152285449002,0.4129795119825292,0.5410920456765509,0.4747799723174916,0.0008031778270378709,0.0016652473714202642,240.0,315.0,0.28826403617858887,109.64481277680848,157.64065226144143,59187.0,951.8376542329788,0.8209381323453282,0.9924709906767725,323.0509033203125,236.10693359375,0.7308660374171574,4.91823673248291,0.04803231358528137,0.01930767297744751,0.2795255482196808,0.2988332211971283,0.8512071967124939,0.16415643692016602,0.0014980841660872102,112.34299087370823,4.555043647396857,8.294085420548903,41.36833982015837,2.766007482172469,137.979415514696
mango42_fro_r_hor.jpg,0.13070437746597133,0.17292980996087312,0.06480672955513,0.6567350118475607,0.0006828278610518987,0.02375485678452173,1.3230605838423057,0.37475742076969315,0.49582677192278685,0.46615584106446056,0.0007689860067330301,0.0016170413000509143,240.0,316.0,0.32567164301872253,109.59902229240512,157.62417054445882,59098.5,961.4528787136078,0.8033972000982165,0.9905468258956631,322.3421325683594,235.0497283935547,0.7291933155641932,174.94361877441406,0.050667136907577515,0.020234286785125732,0.31686079502105713,0.33709508180618286,0.790919303894043,0.005263328552246094,0.001353515312075615,112.40433752750853,4.651082793739835,8.317178947486225,41.43956523930317,3.11448347620283,137.85801401044904
mango42_fro_r_ver.jpg,0.0997373803983277,0.1308754510261571,0.04807019233703613,0.6541426682815414,0.00027678846395438346,0.013078029053156814,1.3122006062668907,0.3672972429904268,0.4819676649321955,0.4411192161851459,0.000523021852131933,0.0007987634744495153,239.0,314.0,0.25068169832229614,109.47901150404772,157.73598636557307,58240.5,966.8254626989365,0.7829586013894013,0.9903667930688523,321.46673583984375,233.48263549804688,0.7263041847488975,174.73948669433594,0.03763583302497864,0.016123920679092407,0.2437073290348053,0.2598312497138977,0.5989841818809509,-0.3850669860839844,0.0007320881704799831,112.01845760545378,4.46520401704114,8.325488878029114,41.554665530464426,2.5191534219942926,138.61821900298253
mango42_sia_r.jpg,0.12029919675075385,0.1315484046269238,0.05103909969329834,0.7079428293252488,0.00036354346654492094,0.015940649692434524,1.0935102492785302,0.3879872191384391,0.4242680007169583,0.4500958680427516,0.0005453780759125948,0.0012916408013552427,305.0,334.0,0.23158441483974457,110.6078166944441,162.04273482525667,78127.5,1084.589962720871,0.8346081660275089,0.9922590395874875,352.0837707519531,286.26141357421875,0.8130491586216653,152.40997314453125,0.04058508574962616,0.017961308360099792,0.22339487075805664,0.24135617911815643,0.7475132346153259,-0.2523224353790283,0.00147296825889498,120.62148064273991,5.346657145312425,10.974407549840032,38.67730690449231,5.35236335107065,144.6931082301752
mango42_sia_r_ver.jpg,0.13331741496422242,0.14454536732186196,0.04287201166152954,0.6491585736637664,0.0003819596704621238,0.017690932480309625,1.0842196974840288,0.2965990017934342,0.3215784799985421,0.46233054450886735,0.0004574302874971181,0.000740134681109339,307.0,333.0,0.2645243704319,110.7502592929306,161.9839814589549,77616.5,1098.5899605751038,0.8081512837943292,0.988575213179899,344.87921142578125,287.7730407714844,0.8344168950682426,32.30403137207031,0.03452026844024658,0.015275776386260986,0.2582186758518219,0.2734944522380829,0.7043694853782654,-0.36980652809143066,0.0007197218365035951,120.31626054778033,5.288933407621732,11.060150951649339,38.67015378311587,5.797800815943648,144.69185756175014
mango42_sib_r.jpg,0.12162810900422744,0.13786261187084597,0.056297868490219116,0.7115590842574151,0.00045454412648939473,0.017635526404942096,1.1334765705027467,0.40836212027493524,0.4628688956124638,0.4815081487580929,0.0007459847256541252,0.0016554800095036626,251.0,286.0,0.28601202368736267,112.69308470730324,157.4464654967336,54248.0,911.1513639688492,0.8211311660892398,0.9903245828617329,294.8074645996094,235.0435333251953,0.7972780934988128,25.772417068481445,0.03902995586395264,0.015281528234481812,0.28005358576774597,0.2953351140022278,1.0157679319381714,0.6205506324768066,0.0016262747813016176,114.66010942961188,6.02536470219982,12.382730892370196,38.20231668710085,4.440803791560625,129.318864713525
mango42_sib_r_ver.jpg,0.11865806972473733,0.1349679945414913,0.054827213287353516,0.7094862023391253,0.00040619761103602865,0.016366931821904733,1.1374531446077767,0.40622381234610966,0.4620605527676418,0.4626079781782647,0.0006567869568243623,0.0013414216227829456,252.0,287.0,0.2787420451641083,112.69897504456328,157.6327614379085,53448.0,924.180801153183,0.7863709078554393,0.9851167162776124,299.53076171875,229.77688598632812,0.7671228312839582,152.471923828125,0.03978341817855835,0.016026169061660767,0.27183976769447327,0.28786593675613403,0.8850663900375366,0.2731289863586426,0.0010612559271976352,114.26435308972074,5.76759138268879,12.306459764721593,38.237800802139034,4.5024863673252185,130.3080993761141
mango42_top_r.jpg,0.11332485705501788,0.12750172368160856,0.056917041540145874,0.7348157595075121,0.000437081232297725,0.016603385405989993,1.125099355913663,0.4464021339999802,0.5022467534418624,0.5314698165029436,0.000821431283839047,0.0019588377326726913,230.0,259.0,0.28950974345207214,121.3487377425412,141.35364072605884,47555.5,843.5117539167404,0.839901465333764,0.9914831957301309,261.7165832519531,232.6168975830078,0.8888122208101303,173.05764770507812,0.0351392924785614,0.01492270827293396,0.2834510803222656,0.2983737885951996,1.0610812902450562,0.9923527240753174,0.0017475249478593469,83.4942207385771,6.065519326079447,13.319940602132647,45.40369288545796,18.688530477920008,67.25622783225538
mango42_top_r_hor.jpg,0.1301169491956889,0.14293485584752602,0.05938473343849182,0.7231762070089098,0.000571852711866106,0.020422977293537044,1.098510660840654,0.41546712372131084,0.45639506463666296,0.5177705604990258,0.0007829267997294664,0.001680887071415782,230.0,255.0,0.33964869379997253,121.55915330608823,141.30636068322332,47326.5,862.3990563154221,0.7996458846201944,0.9860303768985561,263.56878662109375,230.64645385742188,0.8750901683551741,6.7634406089782715,0.03652632236480713,0.013685345649719238,0.3337365984916687,0.34742194414138794,1.120110273361206,1.2645263671875,0.001333125401288271,83.73907576233889,6.178611856077524,13.324791578778651,45.17864403227497,19.09281380239114,66.59620664361312
mango42_top_r_ver.jpg,0.10987695752240777,0.12330221489521057,0.04320541024208069,0.678423683992802,0.00027290401340074923,0.01361440424045009,1.1221844659292184,0.35040254774660107,0.39321629590325696,0.4662236349529161,0.0005788869457319379,0.0009465718758292496,230.0,258.0,0.2963636815547943,121.37547157881426,141.26869981242228,47086.0,827.6955184936523,0.8636950982009377,0.9921196797302992,260.02032470703125,231.0806427001953,0.8887022311065771,6.64737606048584,0.03277862071990967,0.014754891395568848,0.28955137729644775,0.3043062686920166,0.5548715591430664,-0.46776580810546875,0.0009044231264851987,82.745379054524,5.982910963162823,13.354169101984485,45.38992981642675,18.68403813693429,66.83695491811916
mango43_bac_u.jpg,0.09952934399191019,0.12157758394299224,0.04116937518119812,0.6520378400321309,0.00021973074934981097,0.01175460513152979,1.2215250203284185,0.33862636389042283,0.41364057603498716,0.44107445964876985,0.00042713762377388775,0.0008542525465600193,295.0,360.0,0.2018965482711792,111.01522885416416,154.62211976019069,82584.5,1114.1879425048828,0.8359715528267245,0.9922026587852247,361.9681701660156,291.1789245605469,0.804432401962301,0.8191556930541992,0.03261059522628784,0.014410033822059631,0.19509299099445343,0.20950302481651306,0.5470404624938965,-0.44879150390625,0.001027570804581046,98.46481111405389,4.9168362919071535,9.923700514756975,42.619146221077216,3.747703427378224,138.86139936917633
mango43_bac_u_hor.jpg,0.09852697220870026,0.12196989092156396,0.040376439690589905,0.6442572221586345,0.00020804157493047845,0.011452850104593819,1.237934021388649,0.33103612199305044,0.40980087772376034,0.4287600761869299,0.00040667279972694814,0.0007960715447552502,295.0,364.0,0.201300710439682,110.94566970842463,154.70767823176752,82552.5,1172.8742314577103,0.7541143488614932,0.9899865087692999,364.2373352050781,289.78692626953125,0.7955991828964245,177.6222381591797,0.03191037476062775,0.014159247279167175,0.19456666707992554,0.2087259143590927,0.48223695158958435,-0.5891337394714355,0.0010825134813785553,98.52144078202875,4.989437965998991,9.863635670075041,42.558784580935644,3.61980605412012,139.11116461608842
mango43_bac_u_ver.jpg,0.12228592951245539,0.1511092934699565,0.054521799087524414,0.6634193060724891,0.00041888774316307053,0.018011867966519626,1.2357046642440193,0.36081036338353617,0.4458550489406152,0.4157763772447487,0.0005161873996257782,0.0007204272551462054,294.0,363.0,0.2473994344472885,110.96246495184688,154.7661099597708,81517.0,1164.0041761398315,0.756047315089176,0.9900830160262833,361.45281982421875,285.7274169921875,0.7904971308043525,174.86776733398438,0.044704124331474304,0.020699650049209595,0.2380894422531128,0.2587890923023224,0.5066765546798706,-0.6527631282806396,0.0007434472790919244,97.77900768011703,5.029477207421019,9.893894342478411,42.4871510423016,3.689265306005141,139.91742045593077
mango43_bot_u.jpg,0.09809149428324715,0.10789564380345903,0.04607208073139191,0.7294918627108364,0.00021817458582771144,0.010896667212734365,1.0999490281175819,0.4270059393251878,0.4696847679611755,0.4474361531453131,0.0005804458050988615,0.0010851641418412328,260.0,286.0,0.2230791300535202,110.61067056328741,157.88971256481992,55728.5,912.9331104755402,0.840251508357858,0.9911517803151567,281.0773620605469,252.70066833496094,0.8990431192410533,172.2727508544922,0.03618334233760834,0.014583945274353027,0.21709184348583221,0.23167578876018524,0.8143311738967896,-0.09940862655639648,0.0009800447151064873,107.87299748739241,4.437627068580538,9.758193824840834,40.62667284423615,3.066926944096303,146.2755849386104
mango43_bot_u_hor.jpg,0.09942028414435225,0.11233279785975722,0.04379139840602875,0.7013749014326283,0.00021121352926136474,0.01093578800456062,1.1298780608658971,0.3898362654573998,0.44046744367021,0.431868316364797,0.000537216488737613,0.0008670061361044645,258.0,291.0,0.2321268916130066,110.63355333571174,157.95899036746343,55655.5,934.5067020654678,0.8008535628003891,0.9891409630952699,281.6349182128906,250.45310974121094,0.8892828749022199,4.653107643127441,0.03497956693172455,0.015139281749725342,0.22608189284801483,0.24122117459774017,0.5974807143211365,-0.46396851539611816,0.0008962248684838414,107.71808776311096,4.51165906711879,9.659678857347814,40.507260078487334,3.0494206334274185,146.542329646807
mango43_bot_u_ver.jpg,0.11970448876663979,0.13578958200484698,0.05065983533859253,0.6902616878357164,0.00035348315312001675,0.015592620564096915,1.1343733506064637,0.3730760091505712,0.4232074825310212,0.42926754909257775,0.0006063999026082456,0.0009245224646292627,258.0,293.0,0.28057390451431274,110.62587381331235,157.96234780898575,55533.5,923.3351272344589,0.818551848422753,0.9903256295028176,284.3523254394531,249.7827606201172,0.8784270015519996,7.509982585906982,0.039776116609573364,0.017164111137390137,0.27316662669181824,0.2903307378292084,0.647411584854126,-0.36962246894836426,0.0009023691527545452,107.2769384799671,4.4101306575422905,9.652234013357793,40.564300144816116,2.9396397185752066,146.82620277832407
mango43_fro_u.jpg,0.11317735889709843,0.1418830494796028,0.053828462958335876,0.6713827344497207,0.00039475564534200336,0.016304111135467383,1.2536345684528987,0.3793861434171831,0.4756115841798098,0.45669504677544,0.0006221435032784939,0.0013824000488966703,265.0,333.0,0.24967876076698303,110.92711954459203,155.22914611005692,65418.0,1043.7199038267136,0.7546389120813267,0.9898095821701731,332.0804748535156,255.00140380859375,0.7678903853684191,6.13121223449707,0.04028290510177612,0.015780627727508545,0.24330997467041016,0.2590906023979187,0.9127553701400757,0.24687457084655762,0.0011377513874322176,109.47057305502847,4.8280664288219,8.17839801840998,41.45521062618596,2.927466212977082,129.91875521821632
mango43_fro_u_hor.jpg,0.11292681158522475,0.1390535112433539,0.05668942630290985,0.6917965676583603,0.00040078856183286366,0.016217988559375736,1.23135957963722,0.40768065326807296,0.5020014778344016,0.450229793564874,0.000626679218839854,0.0014305890072137117,265.0,327.0,0.24767085909843445,110.90268047517515,155.22177886079805,65206.5,1020.5655763149261,0.7867177028624928,0.9917489239380066,326.3289489746094,255.85902404785156,0.7840524870741981,172.72515869140625,0.03936989605426788,0.01678985357284546,0.24126940965652466,0.2580592632293701,0.8020569086074829,0.17646145820617676,0.001244956161826849,109.2679104477612,4.896202734977148,8.160664380721151,41.42660676210783,2.8511699774705552,130.00967103259214
mango43_fro_u_ver.jpg,0.12371697512666291,0.15569190703967636,0.056610703468322754,0.6610971060369162,0.0004584221961311418,0.018511732782153012,1.2584522607368724,0.36360723267328304,0.45758234397797104,0.42040875776888315,0.0006185616948641837,0.0010405973298475146,265.0,334.0,0.2770397663116455,110.80901178464146,155.33425248401755,64459.0,1030.9503523111343,0.7621104645366539,0.9868867267340831,333.0680847167969,252.10055541992188,0.7569039694520099,172.51580810546875,0.04574376344680786,0.01835542917251587,0.26983869075775146,0.28819411993026733,0.7838547825813293,-0.13013839721679688,0.0006634141900576651,110.13184934144651,4.799583617120089,8.106579762157315,41.56358314719248,3.4459600761826947,130.25896942155126
mango43_sia_u.jpg,0.116165253117477,0.12740887547095203,0.04679708182811737,0.694435450761686,0.0003207827231388385,0.014688684058628677,1.0967898924311252,0.3672984449092532,0.40284922188213934,0.4631442450790085,0.0005596919218078256,0.0010963957756757736,283.0,311.0,0.24555142223834991,109.24928866179033,164.67682154721646,66694.5,1000.9331078529358,0.8365459014670048,0.9915259906785897,312.8444519042969,271.998046875,0.8694354182065139,150.97506713867188,0.035907238721847534,0.014484167098999023,0.23882710933685303,0.25331127643585205,0.7906792759895325,-0.052693843841552734,0.0010962163796648383,109.47903228209215,3.9516353028946507,10.114915397519118,38.474160918855304,2.6812391977225483,176.4173581420293
mango43_sia_u_ver.jpg,0.12190823578786805,0.13355879951838723,0.04315084218978882,0.6656190910404077,0.00030531144267791684,0.014949328625213374,1.0955683072207876,0.32308498088774884,0.3539616655996515,0.43455850267220975,0.00046929711243137717,0.0007080901996232569,283.0,310.0,0.2637450695037842,109.3740485628589,164.72655884968424,65901.0,1024.7493423223495,0.7886177943353816,0.9884062753097159,309.4546203613281,271.1332702636719,0.8761648798363032,26.48790740966797,0.034372031688690186,0.015402138233184814,0.2569851279258728,0.2723872661590576,0.5898517966270447,-0.4686300754547119,0.0007557932403869927,109.08942378705895,3.9278046196075485,10.156451126738032,38.37421435784587,2.6051579654853074,176.7919423636336
mango43_sib_u.jpg,0.11236829138341176,0.12301913937672207,0.05261674523353577,0.7310394199561597,0.00033915530271602114,0.014483007586160123,1.094785173487853,0.4277118625615423,0.46825260565725085,0.46629222064986303,0.000712639361154288,0.0013863485073670745,240.0,263.0,0.2796807289123535,112.03792895845876,155.3546264194814,47787.0,863.068102478981,0.8061753201719529,0.9893174336997702,265.4955749511719,232.5133056640625,0.8757709265279647,23.035781860351562,0.036990195512771606,0.015887558460235596,0.27271753549575806,0.28860509395599365,0.7580516338348389,-0.05026412010192871,0.0013244000729173422,102.4937407876435,5.0705699034912675,9.4698542161786,40.3485644294048,3.4465685837356435,137.31536880566338
mango43_sib_u_ver.jpg,0.10938352549442468,0.12272786554361478,0.0467374324798584,0.6975523429583289,0.0002719339386936365,0.013165340263117211,1.1219958854761019,0.3808216844058853,0.42728036300348193,0.43341452762927396,0.0006087143556214869,0.000828380580060184,238.0,267.0,0.28134796023368835,112.05121507825396,155.29836805483,47482.0,858.1807994842529,0.8101795568222642,0.9891156037454822,267.9621887207031,227.70803833007812,0.8497767517767894,152.67489624023438,0.0372389554977417,0.016633838415145874,0.2736770212650299,0.2903108596801758,0.5288220047950745,-0.5408053398132324,0.0006877109408378601,101.97500888062352,4.9524632284588535,9.522115168337502,40.40006686587124,2.8428198740335486,137.3352487619366
mango43_top_u.jpg,0.09949675594902634,0.11443043166260028,0.04474504292011261,0.6979488443843134,0.0002541515686844042,0.012090503334844791,1.1500920866327007,0.39102398085890294,0.4497135860694409,0.49888151045273915,0.0006518991431221366,0.0017795501044020057,231.0,266.0,0.2594805657863617,113.12592807064712,152.517982338221,47983.5,843.4528797864914,0.8475788992286472,0.9926662253299682,264.93939208984375,230.1310577392578,0.8686177465871815,0.6997548341751099,0.027675122022628784,0.010612517595291138,0.2552269697189331,0.26583948731422424,0.9457617998123169,0.7966446876525879,0.0020423789974302053,105.5725394494654,4.091876568196349,7.860438892543854,40.9731143879387,3.5970694494499895,121.75418278079954
mango43_top_u_hor.jpg,0.1021531410076626,0.1196317776100595,0.0394214391708374,0.655285205167963,0.00024290810078877935,0.012452138459163455,1.1711022924012275,0.3295231414125754,0.38590530630752085,0.5042097534357559,0.0005462795961648226,0.001405383925884962,227.0,266.0,0.2764672338962555,113.13773227625528,152.57777222881163,47678.5,850.6833276748657,0.8279356919196518,0.9915565306907631,264.300048828125,229.9562225341797,0.8700574349258664,179.91941833496094,0.027035117149353027,0.010892003774642944,0.2725169360637665,0.2834089398384094,0.9693717360496521,0.365476131439209,0.0017790658166632056,105.6466695798739,4.145519132944466,7.829064179226176,40.87265122666833,3.6948569642251923,122.02236926982542
mango43_top_u_ver.jpg,0.10389649645687273,0.1188051497306652,0.040234386920928955,0.6665651232380384,0.00023747986461181657,0.012251889055491016,1.1434952455781897,0.33865861044021667,0.387254510912504,0.47818201290494033,0.000559078820515424,0.0011192706879228354,231.0,264.0,0.2776675820350647,113.09784289954433,152.60007942811757,47472.0,843.2102383375168,0.8390264474640113,0.99049606175995,263.2353515625,229.42947387695312,0.8715754647509024,176.81602478027344,0.030340254306793213,0.01119387149810791,0.2732352018356323,0.28442907333374023,0.7496801614761353,0.055634260177612305,0.0011465316638350487,104.76689937711635,3.88537909013214,7.776618931686,40.944672045483046,3.131326160287648,122.52249069854939
mango44_bac_u.jpg,0.10420586418113054,0.1288734676050539,0.04604920744895935,0.6610928046830399,0.00028749611613526117,0.013655549965393695,1.236719916079254,0.3573210863704073,0.441906103949358,0.46489422172388495,0.0004921575891785324,0.0009458342683501542,289.0,357.0,0.21210592985153198,110.24454223832944,158.20695733639042,80657.5,1083.8447962999344,0.8628204445288913,0.9919385584100944,354.7690734863281,289.29559326171875,0.8154476105225318,179.75143432617188,0.03797227144241333,0.016097530722618103,0.2051592916250229,0.221256822347641,0.7819895148277283,-0.22244000434875488,0.0008600123110227287,109.91012413249017,4.553030425491018,9.110977082456943,40.55727722101007,3.0429633003672727,143.6313622523822
mango44_bac_u_hor.jpg,0.10426272868450329,0.1296187971213686,0.04370346665382385,0.6472961146566949,0.000268932828672385,0.01334943316269304,1.2431939846269726,0.337169204038378,0.41916672626197593,0.45533481596000314,0.0004433733702171594,0.0007342785247601569,287.0,356.0,0.21725183725357056,110.21291171287449,158.22846186303954,80088.5,1114.9331084489822,0.8096221835756918,0.9906180810667062,351.9071350097656,290.2294616699219,0.824733098014247,177.18490600585938,0.034220486879348755,0.01494985818862915,0.21106478571891785,0.226014643907547,0.6500760316848755,-0.43050718307495117,0.0008281804039143026,109.9119114398471,4.649195903087371,9.105635455903837,40.54374643202859,3.0218131371076793,143.73127900915884
mango44_bac_u_ver.jpg,0.09376445168377484,0.11365009066870316,0.03617936372756958,0.6404027526966717,0.00017241636163559638,0.010073070334768442,1.2120807899777797,0.31833994601055443,0.38585373324195654,0.4472079821743042,0.0003577661409508437,0.0005592442466877401,294.0,357.0,0.19137658178806305,110.29018802064637,158.12856948346928,80292.5,1132.5899620056152,0.7865737123238868,0.9877473443352995,354.4964599609375,288.50384521484375,0.8138412588002555,177.7543487548828,0.029347151517868042,0.013517901301383972,0.18570947647094727,0.19922737777233124,0.6340005993843079,-0.4792053699493408,0.0005119715933687985,109.42172820557253,4.693651133768579,9.208793936307217,40.52983698275755,3.0267047776095093,143.79484830855685
mango44_bot_u.jpg,0.09734013950907561,0.10109256200222154,0.046977072954177856,0.764856280470225,0.00023995395518309706,0.011007237013006068,1.038549590251985,0.46469366315145444,0.482607413458637,0.5190758121739809,0.0006788324099034071,0.001490867231041193,233.0,242.0,0.24513667821884155,109.94917282161018,159.6812314488852,43098.0,821.1269785165787,0.8032418693841143,0.9865741853517838,238.02471923828125,229.88299560546875,0.9657946298230395,14.19666862487793,0.03225041925907135,0.010650649666786194,0.2413255125284195,0.2519761621952057,1.3977878093719482,1.5126423835754395,0.0012622354552149773,113.72561606957963,5.230317489722946,10.72930178363397,40.17406410344907,3.5672988083104453,147.34571224776235
mango44_bot_u_hor.jpg,0.09592892689822531,0.10019755109379552,0.04292398691177368,0.742982312864695,0.00020858302777370337,0.010315205620053043,1.0444977790703212,0.42839357292866653,0.4474561354919918,0.5055594353472475,0.0006023379974067211,0.0013204362476244569,233.0,243.0,0.2464430332183838,110.00433914181417,159.57244530155887,43191.5,822.198047041893,0.8028885587719407,0.9895073253989164,240.34962463378906,228.22439575195312,0.9495517045208177,162.70504760742188,0.027806952595710754,0.010628119111061096,0.24242983758449554,0.25305795669555664,1.1577577590942383,1.1007061004638672,0.00117575004696846,113.42580985834654,5.284161120372979,10.825797593635926,40.16879032072916,3.474772243127243,146.81564386895332
mango44_bot_u_ver.jpg,0.10982385055248434,0.11314548116863418,0.04552954435348511,0.7309794722833836,0.00026508289042184404,0.01254315363720427,1.0302450751766572,0.4023982565032978,0.4145688220221958,0.4685484582663634,0.0006075305282138288,0.0009090644889511168,233.0,240.0,0.28744715452194214,109.83124180558157,159.89426858962352,42349.0,813.6122596263885,0.8039296674198088,0.9850437290658727,236.52407836914062,227.37303161621094,0.9613102952729923,163.86181640625,0.03532811999320984,0.014605551958084106,0.28112316131591797,0.2957287132740021,0.7659934759140015,-0.052574872970581055,0.0007785102352499962,114.14700786664169,5.061629894043237,10.615130318906365,40.204602921895486,3.215328170949137,147.82271961041394
mango44_fro_u.jpg,0.09874572277286678,0.12833429807538252,0.0425756573677063,0.6343535753908359,0.00025769575132321887,0.012740127693663676,1.2996441209972698,0.33175587513400123,0.431164572724209,0.4776225946575112,0.0005097250104881823,0.0009255168843083084,252.0,327.0,0.23453736305236816,108.97552046166734,163.38078247649779,64031.5,985.3351278305054,0.8287730263061717,0.9910539471749511,327.5342712402344,250.08572387695312,0.7635406302063713,179.50230407714844,0.0343112051486969,0.015227943658828735,0.22887827455997467,0.2441062182188034,0.8342065811157227,-0.2281498908996582,0.0009608891559764743,113.56093512456951,3.8376491071988377,8.369500886311641,38.95774254599609,1.7556907419336034,164.11869008097793
mango44_fro_u_hor.jpg,0.10755725158444283,0.1385202389201689,0.042055219411849976,0.6177475691589787,0.0002922819776544291,0.014337856322773927,1.2878744750317195,0.3036034282043577,0.39100310571651753,0.4664758943281155,0.000496667402330786,0.0008429671870544553,255.0,328.0,0.2567134201526642,109.1413572145449,163.26957461591908,64331.5,992.1635570526123,0.8212341484226988,0.9918899125004819,326.5987854003906,251.6741180419922,0.7705911022708022,178.9986114501953,0.03316807746887207,0.015391349792480469,0.25065699219703674,0.2660483419895172,0.6485557556152344,-0.5182864665985107,0.0008559772395528853,113.55358604184359,4.00149141249773,8.428071325639312,38.85478267582799,1.8795885455837418,163.5983478730796
mango44_fro_u_ver.jpg,0.10033095732780486,0.1293081911285138,0.036835551261901855,0.6046211741059924,0.00021838495121986277,0.012219001191170958,1.288816478706901,0.28486634095200203,0.3671404344478787,0.4569772099394967,0.00040349882328882813,0.0005647846846841276,252.0,325.0,0.24542942643165588,109.0760981871693,163.37274178903536,63432.0,1010.1219246387482,0.7812151803273405,0.9899108125190197,326.4749755859375,248.8873748779297,0.7623474798680717,179.1984100341797,0.028838664293289185,0.012125983834266663,0.2403029352426529,0.25242891907691956,0.6425646543502808,-0.3628544807434082,0.00047235781676135957,112.85846457309246,3.871857643360299,8.387684531056676,38.901249256395005,1.7636190741735085,164.56892826951375
mango44_sia_u.jpg,0.12405991169974537,0.1318962031600754,0.05128268897533417,0.7151204919137101,0.0003934220315266337,0.01667058825846573,1.063165379960093,0.38881095699999113,0.413370348831543,0.4688394264462581,0.0005316954338923097,0.0009366560843773186,317.0,337.0,0.2282761186361313,111.28347895059429,160.95975194990928,82714.5,1124.1046808958054,0.8225797241073872,0.9889406321176,357.32745361328125,296.07916259765625,0.8285933801159562,148.1610870361328,0.03989998996257782,0.01632213592529297,0.22107718884944916,0.23739932477474213,0.8000743985176086,-0.08371543884277344,0.0007801289902999997,104.2510665913543,3.8185498446335857,8.78419537278042,38.14330180629499,2.777735629511965,164.43311420639594
mango44_sia_u_ver.jpg,0.13847408357356666,0.14717936124503472,0.04526710510253906,0.6614329072717055,0.0003989102678448775,0.01865330877352512,1.062865753986689,0.3075642176974471,0.32689947414232323,0.4323914323850985,0.00043272474431432784,0.0005602483288384974,319.0,339.0,0.26546019315719604,111.46427019458258,160.83741731447057,82354.5,1124.933108329773,0.8177937763414358,0.9888512661647635,352.2708740234375,302.1827392578125,0.8578135790973951,31.17475700378418,0.03653764724731445,0.015560239553451538,0.25826209783554077,0.2738223373889923,0.5637708306312561,-0.4340963363647461,0.0005035222857259214,103.55736082275119,3.722956239965044,8.985684067019802,38.07967988025687,2.593314334400052,164.3837332818309
mango44_sib_u.jpg,0.1257202767442826,0.13453374216284775,0.07084079086780548,0.7894817492601921,0.0005619563630456111,0.019338863215764616,1.0701037704243357,0.5265652298741198,0.5634794378626526,0.46901058155505315,0.0007753219688311219,0.0019377648131921887,296.0,318.0,0.2325015366077423,111.18175203525487,157.50810669815075,72369.5,1060.7077116966248,0.8083026143448364,0.9905081915607079,329.52923583984375,281.4249572753906,0.8540212116783698,25.63347053527832,0.042661651968955994,0.01651667058467865,0.2259378880262375,0.24245455861091614,1.141793966293335,1.379347801208496,0.0016719677951186895,101.831633283453,4.113771659492896,7.9581777922251575,39.91168435359207,3.049980786626358,150.30736810312874
mango44_sib_u_ver.jpg,0.13868813760476859,0.15160835072138484,0.05802610516548157,0.7048101722919058,0.0005510457939956889,0.021064886004141917,1.0931601890382008,0.38273686699565684,0.418392705876861,0.45164980972570795,0.0006218007765710354,0.0012018331326544285,292.0,320.0,0.2826932668685913,111.18624214379446,157.5268319635334,71935.5,1044.9919835329056,0.8278034135106621,0.9922959141446188,334.3064270019531,277.5221862792969,0.8301431377437308,152.79811096191406,0.04442089796066284,0.01825234293937683,0.27433183789253235,0.2925841808319092,0.6171796321868896,-0.2562553882598877,0.001187031390145421,100.85237930796326,3.834226141652052,7.8917906421909825,39.9167760204434,2.258492503950867,150.97813384902273
mango44_top_u.jpg,0.11522986308035005,0.12336967397153067,0.04258742928504944,0.6857143094767101,0.00030255184000413913,0.0142646460163648,1.0706397688375688,0.34520176566955263,0.3695867385987704,0.4997409179139182,0.0006198804476298392,0.0013041408965364099,225.0,241.0,0.3172481060028076,112.03913917188522,157.54138237218433,42447.5,793.1686078310013,0.8478732748943607,0.9917524327986823,240.74578857421875,224.856689453125,0.934000510600021,2.449070453643799,0.030937522649765015,0.011124730110168457,0.312825083732605,0.32394981384277344,0.8535521626472473,0.23128628730773926,0.0014853416942059994,113.32540424338723,5.039227005332223,9.580096219241915,38.819819609309285,3.8387795407702585,132.68634919151322
mango44_top_u_hor.jpg,0.1208936992999354,0.1292130225515708,0.03951197862625122,0.6589310276175488,0.00033129169528422537,0.015512731203815284,1.0688151930151073,0.3057894463422324,0.3268324061142559,0.5367497099095906,0.0006259509245865047,0.001513815950602293,226.0,241.0,0.33414578437805176,112.27038037152568,157.46664183621212,42612.0,791.0681021213531,0.8556852313159273,0.9927775965705232,240.33787536621094,226.23825073242188,0.9413341546258367,175.8147735595703,0.02717691659927368,0.010989904403686523,0.32954657077789307,0.3405364751815796,0.9949517250061035,0.46231865882873535,0.0016181106911972165,113.1320592206341,5.051889903862046,9.587125624498489,38.633223148191256,3.8315448789106727,132.50684389403602
mango44_top_u_ver.jpg,0.11715452023134779,0.12595749315834248,0.045356810092926025,0.694466304599096,0.00033250771767339034,0.014876599199740763,1.075139848719548,0.3600961638376488,0.3871537351128993,0.49679380104640325,0.000682813348248601,0.0013032162096351385,225.0,242.0,0.3198573887348175,112.14764343780837,157.55072599971805,42221.5,785.4528793096542,0.8600095031938663,0.9925362608429912,239.30406188964844,224.91265869140625,0.9398614336731209,173.9467010498047,0.0326099693775177,0.013242572546005249,0.3154630959033966,0.32870566844940186,0.9414932131767273,0.19902944564819336,0.0012836421374231577,113.20602885202763,4.896936495978546,9.566560387163381,38.78097833748414,3.5920117975677073,132.78938959635354
mango45_bac_u.jpg,0.1120107798094436,0.14018471292656545,0.04950407147407532,0.6558932208973984,0.00036179332284704604,0.015862241464246255,1.2515287650443312,0.3531345925001651,0.44195810044616474,0.46543512055761865,0.0005268751992844045,0.0010421272600069642,289.0,362.0,0.22770865261554718,110.76840675005155,159.32541945189192,81951.0,1102.2884451150894,0.8475661656990616,0.9927678441633958,360.2615661621094,289.8212585449219,0.8044745422954971,174.80154418945312,0.03933440148830414,0.015889644622802734,0.2205618917942047,0.23645153641700745,0.7849738001823425,-0.0734860897064209,0.0009460027213208377,110.90417207536183,4.189318252724659,9.705646665482503,39.47222458115469,2.794132309896197,145.19056400053378
mango45_bac_u_hor.jpg,0.11404675417950397,0.14472102875340057,0.04615633189678192,0.6310788784172731,0.00034281380493474215,0.01591563880757779,1.2689622759944295,0.3189331384275236,0.4047141212290367,0.4499999279153016,0.0004804078780580312,0.0009033866808749735,289.0,367.0,0.2366153448820114,110.9532265312815,159.308758335054,81850.5,1109.2173783779144,0.8359838170096315,0.9921693647609292,361.2998352050781,288.3973083496094,0.7982215330541504,3.43479061126709,0.03690071403980255,0.015210643410682678,0.2295404076576233,0.24475105106830597,0.629701554775238,-0.33466529846191406,0.001038010697811842,110.4892813331228,4.134213777008377,9.692654698473563,39.29782711670897,2.741636867660336,145.3419649472265
mango45_bac_u_ver.jpg,0.13121035493106648,0.16063254162514765,0.05557695031166077,0.6562438604528278,0.0005226664090846089,0.02075314171307433,1.2242367739157372,0.3459881151688132,0.42357137392745436,0.44619863389349396,0.0005291164270602167,0.0009078027796931565,291.0,356.0,0.268476665019989,110.98983848931394,159.28623011613155,81477.5,1121.3351303339005,0.8142855015269092,0.9915844174810452,358.6111145019531,290.3630065917969,0.809687694691391,5.528977394104004,0.044963300228118896,0.020328998565673828,0.25983256101608276,0.2801615595817566,0.6203945875167847,-0.4931976795196533,0.0008445972925983369,110.70935395725579,4.154258356165706,9.72741338683309,39.27533668390748,2.7527153652097884,145.10396945447448
mango45_bot_u.jpg,0.09480378615967772,0.10426450236487714,0.04921102523803711,0.7542900551196917,0.0002403766120798691,0.011190778678656048,1.0997925988869766,0.47198254556302843,0.5190829104140539,0.49416005886019326,0.0005923861172050238,0.0011500765103846788,265.0,292.0,0.2034156173467636,109.6118846671702,162.56627040162886,60462.0,989.0092282295227,0.7767686424491268,0.9831858982698062,294.7278747558594,263.22882080078125,0.8931249581290176,173.74588012695312,0.03594760596752167,0.013311505317687988,0.1984272003173828,0.2117387056350708,1.1700835227966309,0.7376315593719482,0.0007576313801109791,122.02364454369315,4.531901230415262,10.292026806242692,38.89483104003153,2.7479751915069865,152.05563035696693
mango45_bot_u_hor.jpg,0.10534925022203295,0.12059925212663017,0.07077492773532867,0.8003388240224323,0.0004232511893029705,0.01553384545307174,1.1447566249636942,0.586860419839208,0.6718123535399084,0.4706983640093949,0.00079862040001899,0.0017317607998847961,268.0,306.0,0.20820464193820953,110.15383142068217,161.88283083012786,62188.0,1035.6955199241638,0.7285380829796247,0.9828210193599368,297.3868713378906,266.4734191894531,0.8960497078792907,4.269155979156494,0.049719586968421936,0.01567956805229187,0.20286934077739716,0.21854890882968903,1.5987461805343628,2.488487720489502,0.0010874292347580194,120.92611686591225,5.16445485045676,10.824624865991494,38.71338962220484,3.5830848104766817,150.3241185577706
mango45_bot_u_ver.jpg,0.10678503040296258,0.11786667808181432,0.047911226749420166,0.7167843695985843,0.0002927596997420459,0.013353776532412296,1.1037752916961692,0.4064866129184004,0.4486698797445952,0.48548138561600357,0.0005508798058144748,0.0008660423918627203,264.0,291.0,0.23911018669605255,109.73684557237199,162.50404308229443,60282.5,983.109733581543,0.7837853232710138,0.9861038408689393,290.3260498046875,265.29681396484375,0.9137892178236097,4.099152088165283,0.036745741963386536,0.015092819929122925,0.2328348606824875,0.2479276806116104,0.9032458066940308,0.09600043296813965,0.0007068337290547788,122.19874507995587,4.453093670373013,10.367254698540446,38.8636550781443,2.579262425712684,151.5803428797286
mango45_fro_u.jpg,0.09914995791865192,0.13288087095298468,0.045541465282440186,0.6347336664308705,0.00027191602798109604,0.012952911390211137,1.3402009818502139,0.34272401253716545,0.45931905810595414,0.4531821627084304,0.0004666318418458104,0.001116158557124436,286.0,384.0,0.20075172185897827,108.88944754058639,165.2220256845166,82037.0,1143.1757484674454,0.7888485452910127,0.9920310534971462,380.42791748046875,274.614013671875,0.7218555764535176,9.062079429626465,0.034079909324645996,0.014517083764076233,0.19522173702716827,0.2097388207912445,0.9728549122810364,0.21235966682434082,0.0012667144183069468,117.94452386721589,3.897956646006841,9.128320306201942,38.2448630966804,1.9083116631830532,167.83111218803003
mango45_fro_u_hor.jpg,0.1107630503701254,0.14974215053446552,0.05810059607028961,0.6596229961200065,0.0004212359178596049,0.016854785719538655,1.3519142894140934,0.388004285118884,0.5245485374061194,0.4371251898489877,0.0005633660475723445,0.0013264993904158473,285.0,387.0,0.22025252878665924,109.12335265571866,165.21380078177,82118.0,1161.3767583370209,0.7650713980361812,0.9892245143803644,382.0943603515625,273.8713073730469,0.7167635427046337,170.3717803955078,0.04153017699718475,0.017868056893348694,0.21362312138080597,0.23149117827415466,0.8977075219154358,0.23808026313781738,0.0014161329017952085,117.92016506722496,4.075078780217284,9.110639987750107,38.017607977442424,2.188676837463536,167.73009572446844
mango45_fro_u_ver.jpg,0.1180094892261756,0.15676627352349443,0.04843439161777496,0.6149717555477473,0.00037915410880236624,0.017352946473476617,1.3284209138727652,0.30895925844991234,0.4104279404594844,0.4231480581493179,0.0004714424430858344,0.0005429501179605722,283.0,376.0,0.25086450576782227,108.86811053024645,165.45548917102315,79852.0,1118.1463106870651,0.8025985887378675,0.9878516465843581,373.4990234375,272.8943786621094,0.7306428170829596,169.43017578125,0.040077537298202515,0.01938977837562561,0.24239912629127502,0.26178890466690063,0.5207340121269226,-0.7405478954315186,0.0004112837486900389,118.34896689071446,3.625038949218601,8.915615403568129,38.19648991784914,1.6566497972173486,168.25612397311426
mango45_sia_u.jpg,0.10670081949632684,0.11728107521255174,0.038757503032684326,0.6699194016461129,0.00023313990039111506,0.012123212480818844,1.0991581486081194,0.3304668119936915,0.3632352892474134,0.4806900394885133,0.0005357280606403947,0.0011305668158456683,246.0,271.0,0.26584112644195557,109.70541722409696,169.7248657175376,49694.0,881.3523741960526,0.803923385556978,0.987481122327319,277.37005615234375,229.96853637695312,0.8291036875683666,151.69223022460938,0.02949872612953186,0.012555241584777832,0.26091325283050537,0.2734684944152832,0.8941130042076111,-0.04637503623962402,0.00099024863447994,133.04486731494978,4.575009579404876,11.414102771233573,35.92204628501827,2.9804835943777532,167.26047802559853
mango45_sia_u_ver.jpg,0.09402817109046092,0.1038615368973434,0.03124752640724182,0.6482184395118489,0.00013543831518134374,0.008921513161906097,1.1045789330244673,0.3008575391882255,0.332320899628897,0.44382643423816615,0.0003863758174702525,0.0005435651401057839,243.0,269.0,0.24150978028774261,109.51581975071907,170.00432467717917,48634.0,880.5239464044571,0.7882564111942637,0.984483962712928,273.5721740722656,227.57260131835938,0.8318558058402709,27.910032272338867,0.02517947554588318,0.010736852884292603,0.23764732480049133,0.24838417768478394,0.6228458881378174,-0.462907075881958,0.00041120522655546665,132.59725423797966,3.854731901698419,11.248232610099667,36.08949225841986,2.1288649082462974,168.42926500887376
mango45_sib_u.jpg,0.12409457010385903,0.1462629815064339,0.0641934722661972,0.7194350640329507,0.0005253955375327669,0.018849816518108638,1.1786412683812142,0.43889076788287285,0.5172947713382743,0.4509291503613669,0.0007042275974527001,0.0014648156939074397,298.0,352.0,0.23041218519210815,108.37898906420666,163.1687349484794,75492.0,1122.8914779424667,0.7523765024944757,0.9845648218792182,343.62628173828125,279.5963439941406,0.8136640264527023,23.536483764648438,0.04348050057888031,0.016371890902519226,0.22393791377544403,0.24030980467796326,1.2699849605560303,1.3642568588256836,0.0010899979388341308,119.61757622813829,4.466963506108111,9.276182719112041,39.62859098027346,3.0820430939860564,157.7210780507705
mango45_sib_u_ver.jpg,0.11933951143366628,0.13945570138374758,0.04729682207107544,0.662086230640909,0.0003434339997561786,0.01546511894371081,1.1685626973700383,0.3391530184981558,0.39632156611739544,0.43630560989249373,0.0004681455611716956,0.0007738123531453311,294.0,343.0,0.24159468710422516,108.03159894172715,163.6713384437962,73226.0,1089.3767582178116,0.7753878017906485,0.9849750480879168,341.0307312011719,271.2048034667969,0.7952503356854808,152.31748962402344,0.03653697669506073,0.015208497643470764,0.23501090705394745,0.2502194046974182,0.8209832906723022,-0.0356292724609375,0.0006232350133359432,119.66277728783665,3.8772800261423317,8.847056521610318,39.71921850620718,2.2782026406892304,159.61016213282682
mango45_top_u.jpg,0.08184501172617617,0.08529246290351668,0.029975563287734985,0.696059052307295,0.00010658763066213534,0.00698862085388288,1.0421217017950273,0.35144445672349167,0.366247895327114,0.5093737788519024,0.00040197031921707094,0.0010672444477677345,275.0,287.0,0.17957426607608795,111.36229059885045,161.8025447459348,60657.5,944.1635557413101,0.8550665262141284,0.9931722732073124,297.1879577636719,259.5685119628906,0.8734153090055662,33.086856842041016,0.019801005721092224,0.007682368159294128,0.17595472931861877,0.1836370974779129,1.0058270692825317,0.7009241580963135,0.0012077221181243658,118.06615684412203,4.626889228369343,10.69382318138071,37.56639428824079,3.334726590562948,148.164229452896
mango45_top_u_hor.jpg,0.08025451622959498,0.08404524900366606,0.027229860424995422,0.6763365429822139,8.879139270593855e-05,0.0064233313316246765,1.0472338872896125,0.3239904783173128,0.3392938080530604,0.48344024726896295,0.00034501738264225423,0.000898714002687484,277.0,290.0,0.1765594780445099,111.52273024594453,161.73791535845106,60730.5,968.2224303483963,0.8140787936192737,0.991259426109098,298.2257385253906,258.67022705078125,0.867363857760246,147.0535125732422,0.018621861934661865,0.007817491888999939,0.17301034927368164,0.18082784116268158,0.9470740556716919,0.47560858726501465,0.001043394091539085,117.97344322344323,4.604931755238493,10.716572229653472,37.44840724751439,3.3481174585899334,147.88173731030875
mango45_top_u_ver.jpg,0.09444415017881738,0.09707124378256679,0.028074011206626892,0.6552888542502721,0.00012163720881634651,0.008430487436025336,1.0278163718851339,0.28921037902337826,0.29725516247933303,0.47260283178663326,0.0003663499664980918,0.0008123989682644606,276.0,284.0,0.21247905492782593,111.39311510171625,161.93759525545028,59960.0,942.2051863670349,0.8487514070044903,0.9916808626763475,296.23565673828125,257.06768798828125,0.867781045734801,144.2159423828125,0.021830424666404724,0.007800742983818054,0.2092672437429428,0.21706798672676086,0.8778144121170044,0.20849943161010742,0.0009318076772615314,118.10484725995626,4.45110415360891,10.628923884832401,37.50236896163276,3.1198548824292733,148.59724339010006
mango4_bot_r.jpg,0.12802406294456475,0.10508417528696459,0.06568151712417603,0.7495473874612484,0.00037494949201888393,0.015160155410426599,0.8208158128247087,0.6250371851405074,0.5130404051667736,0.4243270010651344,0.0006017244304530323,0.0012320317327976227,403.0,332.0,0.16637110710144043,124.42190565965142,133.9791177715363,103426.0,1249.6265394687653,0.8322985009142265,0.9927053538863188,395.76837158203125,334.2958679199219,0.8446755524793929,83.12625885009766,0.05203448235988617,0.02287086844444275,0.15765227377414703,0.18052314221858978,0.8551853895187378,-0.11223888397216797,0.0012447378830984235,105.62349467123235,2.151411836702528,6.649969389768952,56.261465507290985,28.617164950526753,38.6265534223385
mango4_bot_r_hor.jpg,0.11279256404625376,0.0916560263615549,0.0507948100566864,0.7152751586119674,0.00022024044954719222,0.010816799458205486,0.8126069935245799,0.5541895287530408,0.4503382868028123,0.41940755549649816,0.00046769040636718273,0.0010971645824611187,406.0,331.0,0.1522352695465088,124.47867548905684,133.889521651029,103578.5,1268.4133369922638,0.8090174360443357,0.9906604179618382,398.00830078125,333.3011779785156,0.8374226801910392,94.80022430419922,0.041300490498542786,0.017715677618980408,0.1455102115869522,0.16322588920593262,0.7803136706352234,-0.24623370170593262,0.0014409474097192287,105.71065697356164,2.1759262581582113,6.61280662281594,56.40123308588385,28.59059001070748,37.619721691363594
mango4_bot_r_ver.jpg,0.09527359946551493,0.07822202993236618,0.04133234918117523,0.7088559815075496,0.00013880744603466034,0.007828619649973074,0.8210252406877867,0.5283978083528744,0.4338279377818177,0.45063095212743026,0.00043313915375620127,0.0017332417191937566,408.0,335.0,0.1259942501783371,124.48936534673253,133.87420180622567,104547.0,1248.253957271576,0.8431707574391493,0.9925803557441718,401.61328125,333.1920166015625,0.829633959226946,92.94739532470703,0.02956128865480423,0.011379748582839966,0.12148034572601318,0.13286009430885315,1.1321345567703247,0.7294468879699707,0.0024346427526324987,105.44309627810927,2.208798819450807,6.585206734947222,56.316508217470336,28.617723338282577,37.64887087104234
mango4_sia_r.jpg,0.07015101614246322,0.08229038371470701,0.031444624066352844,0.688061724255938,7.722422803158547e-05,0.005682195540590371,1.1730462114417712,0.3821178447213029,0.44824189007461934,0.4254260849080998,0.0004232761275488883,0.0005705351941287518,209.0,245.0,0.20775136351585388,124.05867707951151,139.73753865506578,37801.0,795.6711348295212,0.7503190046876812,0.9794527646784474,243.423095703125,198.46591186523438,0.8153125786687073,164.26962280273438,0.025288254022598267,0.010714590549468994,0.20292621850967407,0.21364080905914307,0.5221207141876221,-0.480165958404541,0.00040008180076256394,90.29524608207977,1.9074147667126675,6.38813198388027,32.99247864143823,11.583679697822253,61.02644268567535
mango4_sia_r_ver.jpg,0.07158872459541779,0.08205544496120931,0.02645885944366455,0.6552398640913052,7.266946653376329e-05,0.005676033982447066,1.1462062695619175,0.3224509897688404,0.3695953460994906,0.4675508197218605,0.0003999830805696547,0.0006573300343006849,208.0,239.0,0.21516495943069458,124.08718476311068,139.6826791178643,37565.5,772.8843381404877,0.7902600437746788,0.9834286686649999,242.6708984375,197.44027709960938,0.8136133272299242,18.099214553833008,0.021732494235038757,0.009436726570129395,0.21150867640972137,0.22094540297985077,0.6788079142570496,-0.3658895492553711,0.0005174372927285731,89.91935739157961,1.8818430006189564,6.399633697913369,32.618998628257884,9.573497088407098,60.46035137701804
mango4_sib_r.jpg,0.06926652874044803,0.0774728004643856,0.027746066451072693,0.6841354767550384,6.429113004922158e-05,0.005160413093311,1.1184738411634236,0.35813945390844126,0.40056961068514524,0.431794353324541,0.0004080279031768441,0.00048035819781944156,203.0,227.0,0.21405914425849915,124.33884987335944,136.74340893391664,34429.0,726.5828222036362,0.8195284231306909,0.9889128249317822,232.79595947265625,189.89976501464844,0.8157347981675502,26.48430633544922,0.0230066180229187,0.010939478874206543,0.20928946137428284,0.22022894024848938,0.36532387137413025,-0.790224552154541,0.00034014572156593204,70.47746373474557,1.8694106224477849,5.172038799138677,35.96626755698826,8.647047309312633,56.629144600506564
mango4_sib_r_ver.jpg,0.06885411581037688,0.07634863748293663,0.03130052983760834,0.7177276391262953,7.746451189688281e-05,0.005533998095558673,1.1088463860780602,0.4099684142314102,0.4545919945266524,0.47078205783943744,0.0004749569925479591,0.0008833433385007083,201.0,223.0,0.2103217989206314,124.39365639276008,136.61377435956746,34257.5,736.600066781044,0.7934179519469782,0.9880451084448546,230.9912567138672,189.36373901367188,0.8197874746758921,156.30616760253906,0.025550276041030884,0.010357216000556946,0.20609769225120544,0.2164549082517624,0.8094244599342346,-0.16306829452514648,0.0005871811881661415,71.03440698548546,1.8876787504647332,5.1290206104873555,35.99363904470017,8.991885482341827,55.67382756028451
mango4_top_r.jpg,0.06595556955438878,0.08025514005779434,0.023159533739089966,0.6189827187821133,5.790255113570622e-05,0.005052461962473932,1.2168061105380001,0.2885738374191613,0.35113840871303487,0.47232785145997025,0.0003157972532790154,0.001218229765072465,283.0,343.0,0.1431751251220703,122.62146044836496,140.25363415716262,76139.0,1134.8326015472412,0.742939458780059,0.9901619730673447,342.3302001953125,284.2066345214844,0.8302119835157213,174.6588592529297,0.017237737774848938,0.008112937211990356,0.13935071229934692,0.14746364951133728,0.5067984461784363,-0.5972139835357666,0.0020777557510882616,78.41700811650182,2.217244297617357,6.311650152029275,37.403110890727355,12.673911726346056,76.37872223817105
mango4_top_r_hor.jpg,0.06687870096490735,0.0812515804172966,0.024190708994865417,0.6257837247076198,6.3307061523131e-05,0.005173049706240129,1.2149096684747362,0.2977260118587893,0.361710210363667,0.4815971548150422,0.00032320679747499526,0.0012049860088154674,283.0,344.0,0.14386394619941711,122.73877720530025,140.13864482888403,76585.5,1067.6194016933441,0.8443519310659615,0.9940553064178029,343.2050476074219,283.95355224609375,0.827358321870885,5.479297637939453,0.0160750150680542,0.007209107279777527,0.14059752225875854,0.14780662953853607,0.6168181300163269,-0.24669790267944336,0.002045681932941079,78.42509701114817,2.2615103643031893,6.320985713131941,37.14658741385799,12.567515508075372,75.51367240730406
mango4_top_r_ver.jpg,0.07015460618700108,0.08555683020012758,0.024376079440116882,0.6158905756044724,7.05858811320142e-05,0.005755818866044714,1.2195468672729914,0.284910969505279,0.34746228031187376,0.48243977564298196,0.00031521139317192137,0.0008793495362624526,282.0,343.0,0.15291061997413635,122.67348112516993,140.16684094949284,76033.0,1084.9747378826141,0.8116573726199243,0.9915364753136329,341.7017822265625,283.6676330566406,0.8301614091920574,6.123964309692383,0.01821693778038025,0.008699283003807068,0.14905531704425812,0.15775460004806519,0.5227449536323547,-0.548698902130127,0.0014898668741807342,78.47407978667782,2.2202273947839455,6.3103765139563,37.25864007110739,12.478605181483427,75.72739987451637
mango5_bot_u.jpg,0.07827448348496749,0.09877446738830221,0.10461197793483734,0.8906369182437919,0.00035023402569241737,0.013677935570403596,1.2618986800120082,1.0590993877353618,1.3364761193847792,0.4330240479192245,0.0016265641897916794,0.0049721053801476955,205.0,259.0,0.16810382902622223,116.03526996014011,146.93856745983814,41060.5,775.938160777092,0.8569981322380461,0.9927107006431024,255.78366088867188,204.8291015625,0.8007904056531996,179.92886352539062,0.05751243233680725,0.02107350528240204,0.16139960289001465,0.1824731081724167,1.5761566162109375,2.6712493896484375,0.004182669334113598,128.3925353303539,3.00785502166195,8.212565499427448,43.41079840560454,8.528883977066121,78.30754922092041
mango5_bot_u_hor.jpg,0.08183335828376838,0.10094443222949148,0.11058540642261505,0.8774163084625654,0.0003885748839145576,0.014518882109565524,1.2335364739578796,1.0955077360899446,1.3513487499699695,0.4253673618619374,0.0018180428305640817,0.005977469030767679,208.0,259.0,0.16751328110694885,116.19595391017776,146.86798489331505,41233.0,783.3523722887039,0.8443849268636215,0.9916307929102234,255.25706481933594,205.51727294921875,0.8051384320926762,0.4192323088645935,0.055781856179237366,0.018747985363006592,0.16125988960266113,0.18000787496566772,1.9454035758972168,4.586729526519775,0.005121020600199699,128.34665993120203,3.261445206617387,8.194943118236578,43.163984508431355,8.695386985040424,77.97936061196508
mango5_bot_u_ver.jpg,0.07257730582947446,0.09089685872098886,0.07514338195323944,0.8706921121408439,0.0002336547178469706,0.010244579533577323,1.252414341950878,0.8266884357785643,1.0353564532940112,0.4713397855009841,0.0012016219552606344,0.003870695363730192,204.0,258.0,0.1801314353942871,116.1087526714591,146.85578978045464,40840.5,774.6244519948959,0.8553000759461709,0.9927320458440185,257.17449951171875,202.59817504882812,0.7877848520498288,179.74801635742188,0.04070401191711426,0.01606754958629608,0.17401112616062164,0.19007867574691772,1.4086766242980957,2.416633129119873,0.003932728432118893,127.80177773460268,2.916987478463771,8.232669829925683,43.37315426462017,8.287799530573183,77.91997765688751
mango5_sia_u.jpg,0.067805088407242,0.08312336625851555,0.030995145440101624,0.6725169581797943,7.34425861011934e-05,0.005477894760733734,1.2259163465619412,0.3728812587270109,0.45712123040003516,0.4204059687972951,0.0004703380400314927,0.0005696745938621461,186.0,228.0,0.2275468111038208,120.16378059398278,138.85659927122634,30694.0,714.8427084684372,0.7548182109154751,0.9828842243463503,224.77117919921875,174.16690063476562,0.7748631352794495,157.15298461914062,0.025614365935325623,0.011653020977973938,0.22241728007793427,0.2340703010559082,0.5070404410362244,-0.5888149738311768,0.00039505030144937336,78.63306568636935,3.386076984398043,5.818083449855119,46.22730643965045,8.459454590089402,66.81825803747057
mango5_sia_u_ver.jpg,0.06672659528266693,0.08027354865964437,0.028348132967948914,0.6645987203344573,6.97299711667417e-05,0.00534541830160251,1.2030217984237004,0.3531441357867896,0.42484009333700706,0.4592229631761502,0.0004467949620448053,0.0007482026121579111,184.0,222.0,0.22663941979408264,120.33656236882044,138.71923536439667,30662.5,697.5706306695938,0.7918465888959879,0.9857581456655575,224.6127471923828,174.38250732421875,0.7763695939075914,22.985151290893555,0.023037657141685486,0.009371355175971985,0.222739115357399,0.23211047053337097,0.7390829920768738,-0.20913362503051758,0.0005214062402956188,78.70502760825342,3.3617840875458658,5.83345373311883,46.10526655687946,9.36212334784045,65.79666763537732
mango5_sib_u.jpg,0.0648751356553425,0.08295679125396138,0.025983095169067383,0.6256840597265857,6.367541871945374e-05,0.005224066660364636,1.2787147250786495,0.31321239378128224,0.40050930000525803,0.4553556201794892,0.0004385332576930523,0.0005705273943021894,168.0,215.0,0.24504882097244263,120.60078085090856,139.60847989491353,27110.5,669.7716392278671,0.7594407271278724,0.9773952230734565,215.341796875,160.8367462158203,0.7468905180037186,14.69545841217041,0.021457701921463013,0.010415852069854736,0.24047920107841492,0.25089505314826965,0.5511266589164734,-0.7100875377655029,0.00041801310726441443,77.65624315843246,3.576506853491441,5.928626881472319,42.33704298328833,6.7015530095940194,70.68105524337736
mango5_sib_u_ver.jpg,0.06489219083448541,0.08287232885074908,0.032870084047317505,0.6772121191214854,8.703872894511231e-05,0.0058517048434211455,1.277077068674164,0.3966352159176759,0.5065337388770896,0.4923905911327548,0.0005386857083067298,0.0009506395435892045,166.0,212.0,0.24093079566955566,120.67987556477298,139.61665802533145,26696.0,672.9604575634003,0.7407590483517495,0.9828979584322822,211.81600952148438,160.86770629882812,0.759469063090396,167.16510009765625,0.02608264982700348,0.010331422090530396,0.2366182655096054,0.2469496876001358,0.9648280143737793,0.11522221565246582,0.0006525893113575876,77.43826383230872,3.5376169783780127,5.946216700197525,42.11217687578698,6.826196875967538,70.33512332419821
mango5_top_u.jpg,0.0679425065227123,0.08924244365642164,0.05270868539810181,0.7661143797219157,0.00016506333710094152,0.00817234513793718,1.3134994309724068,0.5906235109498711,0.7757836455515807,0.5164822705078728,0.0008614695398136973,0.0020781804341822863,172.0,226.0,0.2257165163755417,118.91181826895428,140.42474200453688,30995.5,684.114785194397,0.8322437788100605,0.9899394771721947,225.68470764160156,175.69061279296875,0.7784781460335988,178.75169372558594,0.027746468782424927,0.012214496731758118,0.22064776718616486,0.23286226391792297,1.32200026512146,2.3876891136169434,0.0013108253479003906,86.29307645611681,4.468464530317813,6.99272643106853,47.208473114157,10.389160374035287,69.23099779545673
mango5_top_u_hor.jpg,0.06559595024345677,0.08258124215952137,0.041542693972587585,0.7365512213181679,0.00010967718498447682,0.006400097264836183,1.2589381181768746,0.5030524231197683,0.6333118709067179,0.48737494582570057,0.0006607460672967136,0.0014434022596105933,180.0,226.0,0.21662059426307678,119.48802328892826,140.21501123311077,31293.0,698.3574253320694,0.806309086128215,0.9853425067304816,224.61007690429688,175.6790313720703,0.7821511563211148,2.1794941425323486,0.02645723521709442,0.011097297072410583,0.2120700478553772,0.22316734492778778,0.9584574103355408,0.5715765953063965,0.0010038478067144752,86.67335379552574,5.4135153719701705,7.0313981112227495,48.21624529316837,16.788655191162764,68.26472170363573
mango5_top_u_ver.jpg,0.07485620523054982,0.09272076646624958,0.04121662676334381,0.7106385160549816,0.00014471280138426498,0.00793893553389425,1.2386517080404844,0.4445242240134705,0.5506106893396561,0.5058592375229862,0.0006894440157338977,0.0014895139029249549,180.0,223.0,0.2516799569129944,119.38645342168982,140.26758633872817,31087.0,686.1564153432846,0.8297407523375788,0.9894331455488717,223.5101318359375,176.90003967285156,0.7914631798557615,2.5145351886749268,0.02771642804145813,0.011856913566589355,0.2464391589164734,0.25829607248306274,0.9332106113433838,0.7061045169830322,0.0010305928299203515,86.81371861858035,5.155997471605119,7.030549094238023,48.0427870523767,15.665376631578203,68.40697081687269
mango6_bot_r.jpg,0.07837910978961429,0.08827453269480648,0.05135069787502289,0.8023403017383364,0.00016916339018468651,0.008513399511369923,1.12625076926433,0.5817158846091977,0.6551579625343891,0.47612860755531616,0.0008299498003907502,0.0016076635802164674,194.0,219.0,0.23561422526836395,121.28289899768697,139.52934464148035,32117.5,701.2274837493896,0.8207931777590671,0.9897992203029415,214.7933807373047,189.9427032470703,0.8843042676411565,176.9953155517578,0.03520318865776062,0.014658808708190918,0.22963804006576538,0.2442968487739563,0.8650407791137695,0.3544020652770996,0.001124147791415453,79.97899768696993,3.172248435826467,7.132577164724679,43.60616808018504,11.080774109307283,69.01452582883577
mango6_bot_r_hor.jpg,0.07866051002417429,0.08741871673601503,0.05219089984893799,0.8129195404025281,0.00017079232283360988,0.008435080554714718,1.1113418500483805,0.5970220314093929,0.663495568906157,0.4758963516136646,0.0008120977436192334,0.0015529376687482,195.0,217.0,0.23422780632972717,121.41344132558427,139.43501916656362,32037.0,705.3279874324799,0.8092439686264283,0.988536957896848,213.71841430664062,190.4275665283203,0.8910208656849621,3.7926855087280273,0.033646583557128906,0.015054523944854736,0.22735381126403809,0.24240833520889282,0.9165330529212952,0.6056945323944092,0.0010138939833268523,79.86008408556943,3.2588952172987447,7.197024124408234,43.49282799554841,10.881108415240806,68.08461110424138
mango6_bot_r_ver.jpg,0.08710644888291086,0.09604586600674754,0.043668150901794434,0.7443078269700009,0.00016857821485339577,0.008928212338666803,1.1026263524512763,0.4546593488857355,0.5013193794697507,0.4614319502740959,0.0006597122410312295,0.0010084138484671712,198.0,218.0,0.26777541637420654,121.36679142565498,139.31129945250393,32010.5,718.256920337677,0.7797271987288409,0.9831989556937726,213.4844207763672,190.65151977539062,0.8930465234046522,5.348333835601807,0.03232187032699585,0.014626890420913696,0.26175951957702637,0.27638640999794006,0.6972519755363464,-0.2485349178314209,0.0007043305085971951,79.58244919422191,3.1124321644004502,7.20561222990251,43.86863187849918,11.707773069573514,67.85997092393826
mango6_sia_r.jpg,0.06602223957281207,0.069201994468855,0.02880142629146576,0.7350028247817216,5.855266319114951e-05,0.004621400478634657,1.0481618757045672,0.41619358679652085,0.43623825059285287,0.4449628921681152,0.0004201162955723703,0.0005243666237220168,211.0,221.0,0.1931498944759369,123.81410637875825,136.31287370001985,34953.0,752.0142815113068,0.7766800399457224,0.9851465614430666,230.91958618164062,193.08029174804688,0.836136487773586,146.0365447998047,0.02324962615966797,0.011494830250740051,0.1881410926580429,0.19963592290878296,0.4855269491672516,-0.7283129692077637,0.00035494813346304,91.93680750375471,2.3259592361264443,4.853022864569011,38.9939641247981,15.884934474398438,43.97733004619003
mango6_sia_r_ver.jpg,0.06963904592587147,0.07258610634525402,0.031960830092430115,0.750333990285582,7.52148540493394e-05,0.005338509398694767,1.0423190809150313,0.4403160839129353,0.4589498558962366,0.4655638528028865,0.000491812766995281,0.0009298797813244164,210.0,219.0,0.2019355595111847,123.84437710822709,136.25070036018525,34668.0,723.7543941736221,0.8316799369760153,0.9888050655295846,231.0670623779297,191.68362426757812,0.8295584073945744,36.781944274902344,0.025129839777946472,0.011193394660949707,0.1976245492696762,0.20881794393062592,0.7471126317977905,-0.31642675399780273,0.0006344515713863075,91.59204733863129,2.3298221529915146,4.905392046430717,38.831427591332684,15.436331887248055,43.37024755588588
mango6_sib_r.jpg,0.0707979706430556,0.07752025558284667,0.030879944562911987,0.7138752245899078,7.678975620091535e-05,0.005593104193673428,1.0949502489793532,0.3983467847304797,0.4361699111207636,0.4530965669698435,0.0004325701738707721,0.0006322021363303065,221.0,242.0,0.1965101957321167,124.16290318660218,138.9979582411706,40794.0,788.9259679317474,0.8236328369011592,0.9903499508393722,250.39981079101562,208.34747314453125,0.8320592275463763,29.25971794128418,0.024056419730186462,0.011904478073120117,0.19125549495220184,0.20315997302532196,0.4981207251548767,-0.7119390964508057,0.0004476010799407959,93.52555844534649,2.605001718346315,5.863214450701013,32.87764031015289,14.292834499878449,58.40840037918378
mango6_sib_r_ver.jpg,0.07123908269720514,0.07643003656747792,0.03039814531803131,0.7183659797682977,7.621209857059977e-05,0.005568581760511516,1.0728666579318045,0.39772511807178906,0.4267060182012127,0.4604626914191971,0.0004347786889411509,0.0007715223473496735,221.0,237.0,0.19791041314601898,124.19554771011082,138.96577424732766,40447.5,777.1686081886292,0.8415327994775301,0.9915182565849952,246.87586975097656,209.98561096191406,0.8505716300816533,154.24993896484375,0.02361389994621277,0.01058894395828247,0.19340866804122925,0.20399761199951172,0.6320883631706238,-0.41532254219055176,0.0006062176544219255,93.07298715308424,2.618695052909987,5.853420675906682,32.77557124644503,13.818394031565333,58.194983818770226
mango6_top_r.jpg,0.07228355359477334,0.0806670748899343,0.0470300167798996,0.8053920472665191,0.00014424835902973634,0.007524197636230038,1.1159810341112941,0.5830137865302469,0.6506323283931662,0.5260171978647774,0.0006885919719934464,0.002291793003678322,235.0,265.0,0.17071959376335144,124.6895264375279,138.74745363794992,48917.5,844.7665867805481,0.8613916590264834,0.99296646638519,264.2901611328125,235.8909912109375,0.8925454893963922,177.96885681152344,0.02324385941028595,0.010378271341323853,0.16647827625274658,0.17685654759407043,1.2671434879302979,2.136946201324463,0.002340988488867879,93.30763299922899,3.2641276552947334,8.187887626405693,41.12165726575498,28.435456467151766,58.228117518159316
mango6_top_r_hor.jpg,0.07179472748992075,0.07952044472744091,0.05105237662792206,0.8337777570545052,0.0001502422536033367,0.007580317241040074,1.107608420668562,0.6420031578408025,0.7110881037202808,0.5154716361109771,0.0007175253122113645,0.002526866504922509,235.0,265.0,0.16414372622966766,124.77900182592818,138.66869547575573,48915.0,852.3818130493164,0.8460257319733439,0.9929056419937278,263.9855041503906,235.528564453125,0.8922026427593013,3.0124118328094482,0.025013968348503113,0.00981953740119934,0.16028675436973572,0.17010629177093506,1.5580836534500122,3.0694336891174316,0.002332630567252636,93.21375532562386,3.2302827203567643,8.192898811387792,40.78476364374112,27.964275081209205,57.63824305132887
mango6_top_r_ver.jpg,0.08845058042999994,0.0998890811329145,0.049591705203056335,0.7603692831062068,0.00021254339671166698,0.010180552198835142,1.1293208099631074,0.49646772841036124,0.5606713371689331,0.48508726123544205,0.0006892055389471352,0.0018731842283159494,236.0,267.0,0.21683308482170105,124.77948117965062,138.56844313551457,49207.0,848.8082180023193,0.858257487472139,0.9911873420016316,265.3576965332031,236.683837890625,0.8919426155065743,179.12271118164062,0.032632142305374146,0.013911351561546326,0.21107423305511475,0.22498558461666107,0.8992747664451599,0.4816474914550781,0.0016045066295191646,92.78876023722113,3.185093346882062,8.214451368716375,40.979041433009236,28.189764663934,57.32585629563884
mango7_bot_r.jpg,0.08115907736189287,0.10326367956895453,0.05497702956199646,0.7479531461917015,0.00019605128421419874,0.00966598714400896,1.2723614280198874,0.5323946405113855,0.6773984050712012,0.42550407454399897,0.0006659406353719532,0.002981598721817136,285.0,362.0,0.15338566899299622,121.37056409736822,137.423199675777,78493.0,1083.7442891597748,0.8398218085418667,0.9929475461888286,357.8695983886719,279.55322265625,0.7811594611974703,178.57977294921875,0.042944177985191345,0.015883907675743103,0.14606009423732758,0.16194400191307068,0.9626250267028809,0.3163337707519531,0.004480360075831413,110.44713645229109,1.9751190032031731,4.928421750552075,46.14723017300337,14.026370503293663,49.43282504622711
mango7_bot_r_hor.jpg,0.0772161251771888,0.0982100063311116,0.049504876136779785,0.7345389584096481,0.00014697384234601047,0.008119668636586327,1.2718846757169942,0.504071611296672,0.6411209578722104,0.39149689914081304,0.0005698804743587971,0.002454653149470687,286.0,366.0,0.1496533751487732,121.50602211482503,137.36359150831203,78561.0,1107.886425614357,0.804315400821608,0.99093087790111,361.0644836425781,278.83526611328125,0.7722589142533982,1.3061333894729614,0.036195769906044006,0.014116615056991577,0.14346954226493835,0.15758615732192993,0.7572372555732727,0.03402256965637207,0.00402061128988862,110.5592343311151,1.9601222712506658,4.986330018459703,45.80120695326535,13.868588120452417,49.04555805774145
mango7_bot_r_ver.jpg,0.06758110646862103,0.08741862768350318,0.03344394266605377,0.6662618295194664,8.51436729291056e-05,0.0058746024150752784,1.293536496388869,0.3825722680884065,0.49487119127862045,0.4309289072547673,0.0004192586347926408,0.0015860323328524828,285.0,367.0,0.1373991072177887,121.50776067250722,137.3790449182154,78512.5,1097.9869301319122,0.8183787224992266,0.991951939052047,361.519287109375,277.3580017089844,0.7672011192727091,2.3477227687835693,0.025324642658233643,0.009541139006614685,0.13374760746955872,0.1432887464761734,0.9087369441986084,0.2595982551574707,0.0026481868699193,110.58198713728667,1.9531085845664649,4.955209564435741,45.72189446498202,13.729383534787948,48.90146604547526
mango7_sia_r.jpg,0.07501005083655923,0.07781449436011373,0.03584223985671997,0.7628945880582343,8.980072617754876e-05,0.0059967807136782555,1.0373875699626594,0.46061135719583934,0.4778324965385943,0.42924450801427677,0.0005252466653473675,0.0007421431364491582,211.0,219.0,0.21733500063419342,122.63015193727202,139.97417928023665,34491.5,737.2274832725525,0.7974783686676226,0.9878139588166223,231.25796508789062,189.5762939453125,0.8197611436789353,144.16372680664062,0.028571099042892456,0.012990802526473999,0.21191634237766266,0.22490714490413666,0.5794895887374878,-0.5436367988586426,0.000501483678817749,80.36097308785938,2.7323811038576973,6.522900567769889,36.559439354338394,11.433579911108977,70.98612746646754
mango7_sia_r_ver.jpg,0.07059756649751962,0.0728746177957648,0.03165218234062195,0.7493423362430408,7.586161001191713e-05,0.005351135818352656,1.0322539630077077,0.43433754162977517,0.4483466486303606,0.46585673158570196,0.0005066840094514191,0.000959410797804594,211.0,218.0,0.20470836758613586,122.60327802391915,139.99038600758695,34213.5,731.0264728069305,0.8045279925136244,0.9866764718605355,231.09645080566406,188.72959899902344,0.8166702618801005,37.68281173706055,0.023916229605674744,0.010190993547439575,0.20013409852981567,0.21032509207725525,0.7474482655525208,-0.07178521156311035,0.0007435965235345066,80.08357223525324,2.714127371141697,6.509903951121573,36.499753858627976,10.627645112747699,71.17646888483479
mango7_sib_r.jpg,0.07168437787246097,0.07997476068087137,0.0339067280292511,0.7243272680408152,8.677102141617894e-05,0.005973274198759611,1.1156511788825234,0.4239678586166876,0.4730002412740066,0.44638681402850233,0.00048793721362017095,0.000746359524782747,208.0,232.0,0.2112061083316803,123.43481433436031,139.91013999243285,36668.5,759.0264731645584,0.7998142948020419,0.984270356601216,240.15223693847656,193.28440856933594,0.8048411750536912,26.647449493408203,0.02647024393081665,0.011714115738868713,0.20619259774684906,0.21790671348571777,0.5981303453445435,-0.4207749366760254,0.0004894727608188987,78.61021025890493,2.466987987980109,6.801628761945918,34.00386465596454,10.468941516852432,71.69771904221393
mango7_sib_r_ver.jpg,0.07059949110654717,0.07879179268478785,0.03109532594680786,0.7071500453288465,8.039086958002032e-05,0.005744258980035328,1.1160391024048182,0.3946518398332034,0.44044688508985835,0.464760339792474,0.0004627362359315157,0.0008364676032215357,205.0,229.0,0.21245449781417847,123.37906395141121,139.9844449940913,36059.0,743.4701242446899,0.8197784540443919,0.9895716128324048,236.91578674316406,193.52403259277344,0.8168473500778958,155.82469177246094,0.025004208087921143,0.010370418429374695,0.20814135670661926,0.21851177513599396,0.7065250277519226,-0.27335548400878906,0.0006372565403580666,78.8630280045071,2.4348750612932175,6.753383568589843,33.836150273449306,9.204547574073128,71.8807541154808
mango7_top_r.jpg,0.0752643907984023,0.09093480689158936,0.06089164316654205,0.8214144065697015,0.0002122982901817788,0.009598409132089484,1.2082049150595093,0.6696186559139652,0.8090365512907951,0.5094119201281099,0.0009674506145529449,0.002887136535719037,194.0,235.0,0.21482226252555847,122.76087989490455,140.04315621768174,35455.0,732.2985516786575,0.8308277683742387,0.9912630181030265,231.42962646484375,195.51109313964844,0.8447971684789818,1.814220666885376,0.028279125690460205,0.0109405517578125,0.20988868176937103,0.22082923352718353,1.7194879055023193,4.72696590423584,0.0021039301063865423,73.10562651983118,3.5268222534685467,7.42783218879892,39.35033680856416,19.041115358147284,78.67699918942337
mango7_top_r_hor.jpg,0.07345566624320177,0.0893469697221573,0.05820704996585846,0.8121079188555519,0.00020064964802439807,0.009241906302987582,1.216338701855097,0.6514720101517175,0.7924106191228706,0.5252398678852478,0.0009233536547981203,0.002703700680285692,193.0,236.0,0.21012835204601288,122.794911226059,139.97827484971342,35445.0,729.1269792318344,0.8378350178621029,0.9914823983552218,231.99758911132812,195.30325317382812,0.8418331152575401,178.9232635498047,0.026493430137634277,0.010450631380081177,0.20597513020038605,0.21642576158046722,1.7360546588897705,4.673594951629639,0.0020293837878853083,73.06688102893891,3.5492054501484045,7.450857913344924,39.08010624912624,18.694436004474944,78.20033552355655
mango7_top_r_ver.jpg,0.0768721843725294,0.09343330039907277,0.04931791126728058,0.7572806135561485,0.0001776728614611498,0.008704874033958965,1.215437042172325,0.5278408346556707,0.6415573028116597,0.5015861198413254,0.0007612773333676159,0.0019744946621358395,193.0,235.0,0.2325993925333023,122.73373761194868,140.0211404025941,35293.5,735.5706290006638,0.8197016953983096,0.9909033480732786,231.20071411132812,194.08718872070312,0.8394748669644937,178.99513244628906,0.027901023626327515,0.010785490274429321,0.22774827480316162,0.23853376507759094,1.2378864288330078,2.2989063262939453,0.00150692171882838,73.18394676998231,3.3636849207607025,7.4127036909176836,38.6883966422415,17.76823957464474,78.31842555939247
mango8_bot_r.jpg,0.08845173214657431,0.09749610958777954,0.07170675694942474,0.8738373768402082,0.0003160417497709132,0.012273599545306189,1.1022521235222131,0.735483264435945,0.8106879900395699,0.511082190995047,0.001239131554029882,0.005696740001440048,230.0,253.0,0.20042365789413452,117.21237285529119,150.3068828401327,45163.5,815.4528788328171,0.8534925099528547,0.9923535809630533,253.10984802246094,227.74876403808594,0.8998020654568745,6.039998531341553,0.025607377290725708,0.010037168860435486,0.19639617204666138,0.20643334090709686,2.3391990661621094,8.835466384887695,0.006940077058970928,113.94714295129506,4.674745758844822,8.10575672661859,36.726070432127244,6.662952961023832,99.3763703069048
mango8_bot_r_hor.jpg,0.09639049076101884,0.10582178965337255,0.08628194034099579,0.9055962806472221,0.0004368618075286997,0.015229755094727047,1.097844702500133,0.8153513621685945,0.8951291736330589,0.49638069383385974,0.001417778548784554,0.006810124032199383,230.0,253.0,0.20882627367973328,117.29817582417583,150.24791208791208,45137.0,824.2396758794785,0.8349020406731493,0.9917059398653176,252.88037109375,227.8595733642578,0.9010567818242553,174.08522033691406,0.024907007813453674,0.009866520762443542,0.2047824114561081,0.21464893221855164,2.875551223754883,14.559061050415039,0.007814413867890835,113.89081318681319,4.620536215001545,8.109668021617338,36.71687912087912,7.018357149169621,99.12740659340659
mango8_bot_r_ver.jpg,0.09556588836565255,0.10579115190436635,0.0466683954000473,0.7358834335438663,0.0002337975738464519,0.011044983642203706,1.1069970018966397,0.4411370380221859,0.4883373785161238,0.4955242171295022,0.0007233763462863863,0.002416060771793127,229.0,254.0,0.24716907739639282,117.20972117223285,150.38833548272336,44616.5,818.6244522333145,0.8366348224229729,0.9906522342492368,252.5553436279297,225.5498504638672,0.8930709888132574,172.7511444091797,0.0315387099981308,0.0118369460105896,0.241897314786911,0.2537342607975006,1.1179341077804565,1.0357890129089355,0.003188701579347253,114.07468759727843,4.515873561038763,7.996278541404317,36.72352915017566,6.420495226981648,99.61413260995242
mango8_sia_r.jpg,0.06678292509808863,0.07472924677127804,0.031521037220954895,0.722373117659069,7.438757442316682e-05,0.00523839927370722,1.1189873258998182,0.4218032240767869,0.47199246176560555,0.4728722796223861,0.0005065982113592327,0.0008867568685673177,192.0,215.0,0.21415099501609802,115.65029589605044,158.78293451691752,30784.5,697.0853486061096,0.796104463046819,0.9894258119465826,223.28375244140625,176.97349548339844,0.7925945956584527,151.6145782470703,0.02196727693080902,0.010805919766426086,0.20901520550251007,0.21982112526893616,0.5453823208808899,-0.4164612293243408,0.0006707508582621813,128.1204811527081,5.6227649111707905,13.177418055835199,34.29953042583301,7.565421757338019,123.48520519747845
mango8_sia_r_ver.jpg,0.06536919521839057,0.07384677612351265,0.03583595156669617,0.7545296888080713,8.180088072820748e-05,0.0053853543749310786,1.129687704993147,0.485274421550355,0.5482085475730974,0.47286194040969837,0.0005678535089828074,0.0011525024892762303,194.0,219.0,0.2033063769340515,115.90716926285191,158.38898543397895,31335.0,708.842707157135,0.7836818920977389,0.9873956199779423,223.9389190673828,178.22872924804688,0.7958809928631395,28.281368255615234,0.025974243879318237,0.010102048516273499,0.1985616385936737,0.2086636871099472,0.8331334590911865,0.25722694396972656,0.0007997540524229407,127.81945717084268,5.646985108278084,13.331720994662502,34.184366014724006,7.929488031708533,121.99996840342507
mango8_sib_r.jpg,0.08917075770043338,0.10712711503303703,0.04577498137950897,0.7085175379668883,0.00018479610937292574,0.00988624541535133,1.2013704693743605,0.42729594057855835,0.5133407246946214,0.42261293054241567,0.0005459650419652462,0.0008858949295245111,259.0,311.0,0.203415185213089,117.1951011154737,154.70281414795224,60454.0,964.5483317375183,0.8165577729057012,0.9855478843504699,316.66156005859375,244.1842803955078,0.7711206890736121,15.748614311218262,0.03646872937679291,0.016822099685668945,0.19600412249565125,0.2128262221813202,0.5367624759674072,-0.600334882736206,0.0007273381343111396,114.83520888436202,3.792465263834607,10.114621234309727,36.30755203627343,14.142151490863737,115.93280872665144
mango8_sib_r_ver.jpg,0.06905777296082091,0.08454683146409224,0.03532283008098602,0.6988078840021873,8.539967436682412e-05,0.005915932294017317,1.2242913120302743,0.417790110750489,0.5114968028439898,0.4140862574362779,0.0003959286550525576,0.0006511543178930879,254.0,311.0,0.16170495748519897,117.13821220391523,155.02390579197413,58932.0,966.808217048645,0.7922830748902054,0.9873920364583769,314.49859619140625,239.22128295898438,0.7606434046319,162.6721954345703,0.028337016701698303,0.012948557734489441,0.15583471953868866,0.1687832772731781,0.44751209020614624,-0.678534746170044,0.00055221829097718,114.64909531992318,3.70714868386052,9.960726036319441,36.33860642204926,14.484771587092451,117.25804440850433
mango8_top_r.jpg,0.07175520559034985,0.08117600685854987,0.035547785460948944,0.7287918910836023,9.134633594802243e-05,0.00602663412536609,1.1312908407228783,0.43791000366513927,0.49540357620729414,0.44116137756246027,0.0004615455400198698,0.002461495576426387,316.0,358.0,0.12776704132556915,119.594934835809,156.43675374196118,87369.5,1127.6437836885452,0.8634274549623273,0.9934674338215228,356.35955810546875,312.50750732421875,0.8769443676089881,0.3842233121395111,0.025231264531612396,0.009981527924537659,0.12405921518802643,0.1340407431125641,0.9756056070327759,0.4087703227996826,0.004470841959118843,134.12956576176654,4.402799625161214,13.65080428388027,33.50036992772181,14.358341423986028,110.5436230151955
mango8_top_r_hor.jpg,0.08020399062000688,0.0905490197632611,0.040038079023361206,0.7316452675478565,0.0001257637555825943,0.007523421082555091,1.1289839702897981,0.4421702093301517,0.4992030784734258,0.43251635536967264,0.000474157917778939,0.0019951516296714544,316.0,358.0,0.14374278485774994,119.5931986616574,156.4214865651871,87073.0,1152.3717066049576,0.8239639260012641,0.9900059123158086,355.7892761230469,311.4588928222656,0.8754026996433418,2.3586418628692627,0.028481021523475647,0.011574938893318176,0.13901743292808533,0.1505923718214035,0.8516184687614441,0.1853032112121582,0.003471929579973221,134.30998846650147,4.414871286706112,13.61181669016106,33.45054869762821,14.2420316700924,110.3830948601706
mango8_top_r_ver.jpg,0.09469393764903705,0.10773514222408093,0.04740042984485626,0.7285564809377633,0.0002183691710560109,0.010666740582184695,1.1377195298750626,0.4399718500975936,0.5005645664512958,0.4515745730441615,0.0005499401013366878,0.002125878119841218,312.0,358.0,0.17210429906845093,119.6089588516527,156.4604625032962,86725.0,1138.2884474992752,0.8411036470809652,0.9931802955777853,358.2838439941406,308.5267639160156,0.8611238521853675,178.1273193359375,0.03298027813434601,0.013101011514663696,0.16632337868213654,0.17942439019680023,0.830518901348114,0.275998592376709,0.0034754432272166014,134.30734570802903,4.3831755888468695,13.569882805956144,33.49571777438919,14.38148429009886,110.62472340376745
mango9_bot_r.jpg,0.08152577213616624,0.09212468435362269,0.0801854133605957,0.9166694458059972,0.00028829115052212594,0.01158062155927081,1.1300068915600565,0.8704009563039823,0.9835590790439637,0.4787017392721047,0.001287840772420168,0.0055984309874475,215.0,246.0,0.18442538380622864,118.28443215446563,147.50785911803231,40884.0,781.4112483263016,0.8414027488764935,0.9925228199650418,244.44180297851562,213.76792907714844,0.8745146144088,176.0520782470703,0.02779008448123932,0.009714707732200623,0.1808532178401947,0.19056792557239532,2.814552068710327,12.120781898498535,0.006326457019895315,107.3517925580944,1.9263015520298838,3.5954321350913827,36.63549701644593,2.680841566384345,90.62877795565905
mango9_bot_r_hor.jpg,0.07818148037558223,0.08821035803304884,0.06747150421142578,0.8784729046587018,0.0002406630672347446,0.010253369994316138,1.1282768963863066,0.76489321340411,0.8630113408865381,0.5172084130410085,0.0011258939048275352,0.005004632752388716,214.0,245.0,0.18931907415390015,118.34608454270965,147.50521086977696,40724.0,782.0975391864777,0.836639671509661,0.9919014041625565,243.9564208984375,212.72857666015625,0.8719941696009639,4.078836441040039,0.034508079290390015,0.010537371039390564,0.18504074215888977,0.19557811319828033,2.1918118000030518,6.089565277099609,0.006226338446140289,107.25,1.9932687226031833,3.541760923759553,36.51068958800039,2.7251552081513384,90.67943410928217
mango9_bot_r_ver.jpg,0.08391055488608887,0.09681653684102529,0.06848230957984924,0.8495037520503571,0.0002876166091339442,0.011716237370924669,1.1538064188999426,0.7073410371236329,0.8161346289845903,0.5169748626670077,0.0011326796375215054,0.003881826065480709,213.0,247.0,0.20739594101905823,118.36278254945375,147.52512226574856,40764.5,771.7960259914398,0.8599771416312537,0.9934806979918113,244.1340789794922,212.35086059570312,0.869812446846231,4.90394926071167,0.03626920282840729,0.013050824403762817,0.20321592688560486,0.21626675128936768,1.6428755521774292,2.8412485122680664,0.004117592703551054,107.38930387600672,2.0428326152038467,3.5070284331435095,36.462420010219226,2.8236431432026468,90.6843475510353
mango9_sia_r.jpg,0.06762420466003893,0.07031413408902615,0.030274823307991028,0.7453601569624624,5.6634370318967616e-05,0.004578273556046615,1.0397776128016596,0.4305652583257224,0.44769211645724954,0.3934174833254939,0.0004183687560725957,0.00042919281986542046,199.0,207.0,0.21272550523281097,115.5804910418049,143.1515593895156,29821.5,709.6295047998428,0.7441766173645477,0.9782672877575121,217.9778289794922,176.22784423828125,0.8084668292336333,142.4334259033203,0.026042714715003967,0.012019246816635132,0.20659221708774567,0.2186114639043808,0.29731515049934387,-0.8023891448974609,0.0002865276765078306,99.69386197743862,3.58524833146799,3.6603276579644275,46.58759124087591,8.550586733156027,81.2008294625083
mango9_sia_r_ver.jpg,0.08179237293996341,0.08507941069113888,0.032293692231178284,0.7145959019548939,9.039597245082125e-05,0.006530551837433364,1.0401875826929265,0.37957117907660487,0.39482522722359753,0.4022481895027854,0.00046507155639119446,0.0003678907232824713,198.0,206.0,0.2610258162021637,115.66569255803141,143.01391425630126,29801.5,712.8010768890381,0.7370743424881377,0.9751002044989775,218.75579833984375,174.884765625,0.7994520234536194,37.19729995727539,0.028134331107139587,0.014270216226577759,0.2544380724430084,0.2687082886695862,0.30687353014945984,-1.0003303289413452,0.0002524928713683039,99.75279779497227,3.644569297532571,3.645114332529798,46.60495467074021,8.619179662440983,80.50164380832199
mango9_sib_r.jpg,0.08810257540907829,0.09873466236315917,0.037439122796058655,0.6968270362782233,0.00013429743314523045,0.008456431377872728,1.1206785034911173,0.3791892522845989,0.42494924379022003,0.41236690020656847,0.0003815278469119221,0.000514069339260459,300.0,336.0,0.17589974403381348,112.3084481427693,153.30576598500608,75953.0,1113.401143670082,0.7699304044981194,0.9838025478119515,348.560791015625,276.3196105957031,0.7927443869706977,30.966266632080078,0.030726462602615356,0.014498934149742126,0.16930733621120453,0.18380627036094666,0.403862863779068,-0.7524595260620117,0.0003851737128570676,145.9132158417396,3.2295591650644444,7.380575884023214,41.98999097224948,8.30035920518594,91.89403514280855
mango9_sib_r_ver.jpg,0.10605047654765876,0.1192825374571195,0.04506027698516846,0.6951058033135732,0.00023593938854528826,0.012232592041645268,1.1247713479487695,0.37776088558953597,0.4248946204868632,0.4139206553992115,0.00045891033369116485,0.0007268886547535658,300.0,338.0,0.21128815412521362,112.39584041857424,153.17492478744276,75982.5,1067.702660560608,0.8375732390284246,0.9911234885146681,348.3691101074219,277.8528137207031,0.7975816616893082,150.3257293701172,0.0344938188791275,0.01666480302810669,0.20357729494571686,0.22024209797382355,0.4334988296031952,-0.6762464046478271,0.0005887094885110855,145.84230215827338,3.4126665094061837,7.496056718605352,41.96064094179202,8.51931101390557,91.48964028776979
mango9_top_r.jpg,0.08405042633245814,0.0987284361010613,0.08528822660446167,0.9026405294180528,0.00033301605481549486,0.012777072078335765,1.1746333767605754,0.8638668854954631,1.0147268767811772,0.4705371405205599,0.0014318370958790183,0.007160037290304899,226.0,265.0,0.18014545738697052,117.14160484060636,149.48795193602874,46416.5,820.908721446991,0.8655507048033004,0.9931637281752824,261.6320495605469,225.98635864257812,0.8637564053110411,178.337890625,0.025377750396728516,0.007983565330505371,0.1770651489496231,0.18504871428012848,3.1272976398468018,16.43777847290039,0.009038368239998817,130.3084817515127,4.292075251971297,8.436393447811474,38.57146522417737,10.243443591496867,84.52977272241345
mango9_top_r_hor.jpg,0.09122912504842301,0.10615162655809439,0.09664119780063629,0.9214692259198922,0.0004500620725685368,0.015698227086278195,1.1635716828562233,0.9104071311403481,1.059323957665281,0.4808946536090145,0.0015220599016174674,0.007710044272243977,226.0,265.0,0.18614347279071808,117.17339373090319,149.40841007670775,46434.5,834.9675980806351,0.8369728925752661,0.9921053756089223,261.72479248046875,225.65884399414062,0.8621989604251208,2.4025566577911377,0.02022680640220642,0.006703600287437439,0.18388408422470093,0.19058768451213837,4.653957843780518,31.98354721069336,0.008758669719099998,130.30409606632338,4.277853947749516,8.467585188661584,38.580991859148305,10.32621199991418,84.22824298626098
mango9_top_r_ver.jpg,0.0913607031177138,0.1058230057246439,0.0971587747335434,0.9254659094500557,0.0004390439638557649,0.015501049685852685,1.1582989415952298,0.9181252608374666,1.0634635178798817,0.4673975755725248,0.0015013506636023521,0.006702405866235495,226.0,264.0,0.1902140974998474,117.18494380101714,149.4857686225907,46437.5,827.1097332239151,0.8530066797647093,0.9932305257304188,261.6900329589844,225.94796752929688,0.8634183158389931,2.2502992153167725,0.03332465887069702,0.012116819620132446,0.18437333405017853,0.19649015367031097,2.5352697372436523,10.80622386932373,0.006813277490437031,130.47512714218556,4.231480823880201,8.390466738449936,38.48555493824522,10.2169003876363,84.45373733920253
