filename,width,height,thickness,sphericity,volume_hull,surface_area_hull,ratio_lw,ratio_tl,ratio_tw,solidity_3d,mean_curvature,curvature_dev,bbox_w_px,bbox_h_px,distance_z,color_a,color_b,mask_area_px,mask_perimeter_px,mask_2d_roundness,mask_2d_solidity,ellipse_major_px,ellipse_minor_px,ellipse_aspect_ratio,ellipse_angle_deg,depth_range,depth_iqr,depth_p25,depth_p75,depth_skewness,depth_kurtosis,depth_lap_std,color_l,color_std_a,color_std_b,color_hue_mean,color_hue_std,color_saturation,aruco_scale,aruco_distance,mango_w_metric_aruco,mango_h_metric_aruco,mango_area_px,mango_area_metric_aruco
mango36_bac_r.jpg,0.03270636571705468,0.045150361369086275,0.014518648386001587,0.6152883209906276,1.0051169870670735e-05,0.0014668320092696746,1.3804762583432708,0.3215621746040392,0.4439089476221096,0.4688100422694844,0.0001420355256414041,0.00028530062991194427,271.0,372.0,0.07157324999570847,130.81947640231118,164.87684716469806,77731.5,1114.849847316742,0.7859124253354232,0.9901029824796042,372.11248779296875,268.969482421875,0.722817672734275,3.3263168334960938,0.011420346796512604,0.00474751740694046,0.06955061107873917,0.07429812848567963,0.8818967938423157,0.04689383506774902,0.00036352273309603333,103.15863885053945,3.4999555248736307,12.945061691686664,21.830763920846756,8.802491027194414,190.30216802168022,0.00020921947725582868,0.14213533699512482,0.05669847833632957,0.07782964553916827,78228.0,0.0034242577897729827
mango36_bac_r_hor.jpg,0.03623148438257959,0.05103582867258459,0.013074345886707306,0.566567839318793,1.1906544499473236e-05,0.0017637613886247688,1.4086044097360544,0.25617975110357283,0.36085592708957753,0.49249800001230326,0.00014609433128498495,0.0002692772541195154,267.0,376.0,0.08232051879167557,130.83717224764501,165.04313520541484,77953.5,1134.9331065416336,0.7605100431421905,0.9866345186338352,377.7550964355469,264.731201171875,0.7008011372178636,176.52537536621094,0.010281622409820557,0.004584945738315582,0.08059398084878922,0.0851789265871048,0.8619135022163391,-0.12930727005004883,0.0003719927917700261,103.14674127799518,3.526925655194636,12.899617155470432,21.796025544607463,8.412107906405161,190.8827166001708,0.00020921946270391345,0.14213533699512482,0.05586159654194489,0.07866651797667146,78451.0,0.0034340186441728354
mango36_bac_r_ver.jpg,0.043681990118364766,0.060568637196176375,0.01808493584394455,0.5993878402476049,2.0174950266655353e-05,0.0024178790876839607,1.3865814499763858,0.29858581406362283,0.4140135510067177,0.42164337604376617,0.00016578935901634395,0.00023015747137833387,269.0,374.0,0.09812677651643753,130.8478869243368,165.487948311216,77044.5,1123.678274989128,0.7667742790688866,0.9882441220610305,377.436767578125,261.76190185546875,0.693525179158088,173.10166931152344,0.01467035710811615,0.006837904453277588,0.09510088711977005,0.10193879157304764,0.5677284598350525,-0.5868551731109619,0.00024446926545351744,104.00185708205981,3.48656485856785,12.413441285851805,21.717156085167847,7.0519781905573655,192.2112172914974,0.0002092194918077439,0.142135351896286,0.05628004329628311,0.07824808993609622,77541.0,0.003394186355428367
mango36_bot_r.jpg,0.044186122353998936,0.04810939693855919,0.024811506271362305,0.7795184495063483,2.4955248749869113e-05,0.0024512022606913695,1.088789746091064,0.5157309766956596,0.5615225991677636,0.47314359890076124,0.00033189781242981553,0.0006356303347274661,246.0,268.0,0.1037679985165596,127.35191849947634,161.79655336570502,52128.5,877.4528790712357,0.8508195993286496,0.9933211379790011,270.94134521484375,246.06919860839844,0.9082009924077004,13.36237621307373,0.018700264394283295,0.008199095726013184,0.10030201077461243,0.10850110650062561,0.7819433808326721,-0.18280816078186035,0.0007259530830197036,89.45554603446634,3.0109805526814153,11.875468892788103,23.276054460630295,4.471077808554273,195.57564505379415,0.00023603621229995042,0.16035355627536774,0.058064908225787804,0.06325770489638671,52515.0,0.0029257731060403852
mango36_bot_r_hor.jpg,0.04602509765265912,0.050206445166301565,0.021829605102539062,0.7359368524102765,2.379582474932198e-05,0.00246887084369934,1.0908492915147756,0.4347968678171032,0.4742978552111306,0.47173781509150564,0.00028927679522894323,0.0005403868271969259,247.0,270.0,0.1108979731798172,127.48195045672114,161.72037986994414,52056.0,875.8376550674438,0.8527729809290048,0.9921097770154373,271.74749755859375,244.96353149414062,0.9014380397056719,164.44078063964844,0.017126403748989105,0.007857546210289001,0.1075790524482727,0.1154365986585617,0.6520994305610657,-0.45318055152893066,0.000610358314588666,89.17385915063217,3.039317437743504,11.980137430881662,23.113064703751025,4.091015848749126,195.33435038806994,0.000235941304708831,0.16028907895088196,0.05827750226308126,0.06370415227138437,52439.0,0.0029191899452992057
mango36_bot_r_ver.jpg,0.04611001455269357,0.04968827911023115,0.017396792769432068,0.6874675119905479,1.8338064471425997e-05,0.0022666499531223626,1.0776027635699055,0.35011864127630754,0.37728881541668946,0.460081838460075,0.00021634991571772844,0.00031299213878810406,245.0,264.0,0.11642561107873917,127.46981960019502,161.89080448561677,50880.0,883.269113779068,0.8195413638372991,0.9871273778458971,268.92926025390625,242.8863525390625,0.9031607505622272,166.11520385742188,0.01407303661108017,0.006927892565727234,0.11328177899122238,0.12020967155694962,0.4382854402065277,-0.7880737781524658,0.00038331199903041124,89.34406630911751,3.043862816402307,11.876293628582754,23.191399317406145,4.161933333281212,196.2840565577767,0.000235941304708831,0.16028907895088196,0.0578056196536636,0.06228850444313139,51275.0,0.0028543920449515966
mango36_fro_r.jpg,0.040800191470374905,0.041883431587348946,0.01931671053171158,0.7658968552265839,1.5890808288620682e-05,0.0018619813646845683,1.0265498782710514,0.4612017162783354,0.4734465657039251,0.4814025187653273,0.00023486462305299938,0.0004554018087219447,270.0,278.0,0.08773352205753326,135.6102235882194,164.8557315590381,58789.5,953.6538895368576,0.8123217127610528,0.9894057456369175,284.3166198730469,266.4197692871094,0.9370530973745791,168.0857391357422,0.01461118459701538,0.006328403949737549,0.08537369966506958,0.09170210361480713,0.9264187812805176,0.08001041412353516,0.0005201043095439672,106.14104296136179,4.758016619003333,16.90582400274878,19.15608957038638,10.044846971990525,184.74876722507432,0.00022490965784527361,0.15279461443424225,0.060725607618223876,0.06252488488098606,59216.0,0.0029954031178380937
mango36_fro_r_hor.jpg,0.04333741047160346,0.04512985519673526,0.02026858925819397,0.7555320054178633,1.890600694570981e-05,0.0021145133212524423,1.0413602175493686,0.4491170904457105,0.46769267101168455,0.47692423720128496,0.0002348107664147392,0.00047944788821041584,267.0,279.0,0.09518442302942276,135.63414921554104,164.688253316275,58966.0,969.2691147327423,0.7887198724230653,0.9875480451184485,287.0776062011719,265.5993957519531,0.9251832606052605,11.686555862426758,0.015493817627429962,0.007105425000190735,0.09248983860015869,0.09959526360034943,0.740037739276886,-0.2665836811065674,0.0004971176967956126,105.92069557605548,4.825617000698917,17.015007102217368,19.385310753484614,11.440348950308852,183.98250959531345,0.0002249062090413645,0.15279227495193481,0.06004995781404432,0.06274883232254069,59404.0,0.003004820821413723
mango36_fro_r_ver.jpg,0.0467640964895157,0.048117596492455554,0.023559384047985077,0.7807096412350343,2.361276336705349e-05,0.00240804234902654,1.0289431445177886,0.48962096541291283,0.5037921357737979,0.44541661106821234,0.00025057673337869346,0.0005250609829090536,269.0,277.0,0.10139695554971695,135.6837167327896,164.979703383337,58297.5,969.0264731645584,0.7801686798442621,0.9873318034397203,282.1935729980469,266.718994140625,0.9451632484290172,15.377584457397461,0.01861928403377533,0.007890820503234863,0.09765792638063431,0.10554874688386917,0.7443819642066956,-0.12315082550048828,0.00048417781363241374,106.49093292921725,4.782995511635151,16.845904499262897,19.360077644775153,11.063844908986313,184.9664390675816,0.0002249062090413645,0.15279227495193481,0.06049977023212705,0.062299019904457964,58729.0,0.0029706774294796065
mango36_sia_r.jpg,0.045745602341257366,0.05574332512002675,0.01773054152727127,0.6390897753843847,1.9575770479409014e-05,0.002416065996147856,1.2185504675222643,0.3180747020220591,0.387590076855985,0.43296684690662246,0.00018459219427313656,0.00027021850110031664,301.0,367.0,0.09127151966094971,134.90736516987408,151.41904252791636,83699.0,1126.3717077970505,0.8290231661895933,0.9918999792611027,368.3092041015625,289.9942321777344,0.7873662372493072,19.14544105529785,0.014974221587181091,0.007477626204490662,0.08802744746208191,0.09550507366657257,0.5192645788192749,-0.7858490943908691,0.0002954430237878114,85.61714183891661,3.345769685333585,15.320447887817844,26.079888334521264,37.80004816944841,148.95588025659302,0.00020496467186603695,0.13924479484558105,0.06169436623167712,0.07522203457483556,84180.0,0.003536445296913152
mango36_sia_r_ver.jpg,0.05106326547730758,0.059478658019401415,0.020962968468666077,0.6713459103291822,2.7407968136373397e-05,0.002903767682470642,1.1648032585349173,0.35244521592649486,0.4105293359662237,0.4304813233000648,0.00020262709585949779,0.0004074334865435958,308.0,361.0,0.09743726998567581,134.92826529645765,151.32661252131086,83954.5,1152.4478268623352,0.7943488970975106,0.9914383056111573,366.0445251464844,291.8317565917969,0.7972575371124895,157.54742431640625,0.017065413296222687,0.008040957152843475,0.093938447535038,0.10197940468788147,0.6145394444465637,-0.5502443313598633,0.00037061801413074136,85.32096514491381,3.421279986560462,15.328458029072777,26.23239486645198,38.135714876137015,148.57030214055692,0.00020489664166234434,0.13919858634471893,0.06310816563200206,0.0739676876401063,84464.0,0.0035460211782853313
mango36_top_r.jpg,0.03657638820461153,0.046216890442233795,0.015728190541267395,0.6457920762463287,1.3159516962935178e-05,0.001724773645754599,1.263571738786576,0.3403126084591512,0.4300093944017248,0.49494808271811896,0.00021841588022653013,0.0005832559545524418,248.0,315.0,0.08812397718429565,132.670776737439,154.97868587630225,60269.5,960.5067018270493,0.8209309959619512,0.9922865421976358,318.4483642578125,241.71737670898438,0.7590473176784557,166.39535522460938,0.012142665684223175,0.00527624785900116,0.08598386496305466,0.09126011282205582,0.8995653986930847,0.05277895927429199,0.0007325457409024239,94.67951338520375,2.963364689259999,21.034842894619228,24.656303573783465,32.365430611481834,142.45456943162336,0.00023988373868633062,0.16296741366386414,0.05949116719420999,0.07556337768619414,60664.0,0.0034908618393370964
mango36_top_r_hor.jpg,0.042037495459748844,0.05296999367074168,0.01647277921438217,0.6272605236972234,1.7593154131508957e-05,0.0021705774814791043,1.2600654033126395,0.31098322036389103,0.3918591969912898,0.47963412583750936,0.00021879459382034838,0.000558544765226543,248.0,315.0,0.10274141281843185,132.68232012280671,155.11854810755491,60154.5,976.3645651340485,0.7929649048577285,0.9899612438183479,318.49261474609375,241.44288635253906,0.7580800155916341,12.35224437713623,0.012675181031227112,0.00593353807926178,0.10037197172641754,0.10630550980567932,0.7187733054161072,-0.42430949211120605,0.0006338295061141253,94.81937177095885,3.037876464526216,21.006194281664282,25.327402076490106,33.518509323800714,142.88613967614677,0.00023997706011869013,0.16303081810474396,0.05951431090943515,0.07559277393738739,60583.0,0.003488913743802976
mango36_top_r_ver.jpg,0.046279033127465,0.05848968561231612,0.022570572793483734,0.6733736138689933,2.7338174733961405e-05,0.002763000348602284,1.2638484786667792,0.38588979505013904,0.4877062304071535,0.4474694295689516,0.00025320338318124413,0.0005421255482360721,248.0,314.0,0.11062538623809814,132.68748753738782,155.03660684612828,59738.0,997.8376549482346,0.7539469092407712,0.9882461930403567,314.6357727050781,243.1230010986328,0.7727125209202536,12.30963134765625,0.017704777419567108,0.007051728665828705,0.10767387598752975,0.11472560465335846,0.7903740406036377,0.06546926498413086,0.0005268706008791924,94.86640079760718,3.022755115749787,21.104942945554114,25.227633765370555,33.310519937929485,142.42062146892656,0.00023997710377443582,0.16303084790706635,0.05951432173606008,0.07535281058517285,60180.0,0.0034657066420184543
mango37_bac_r.jpg,0.04656068494633802,0.05103532804831602,0.02140059322118759,0.7259406518307359,2.4868294890536953e-05,0.002547650742331364,1.0961034638372504,0.4193290028610629,0.4596279725234313,0.4890237203487199,0.00030754171893931925,0.000680923112668097,232.0,254.0,0.12064720690250397,123.97382130763219,160.18477033949813,45702.0,833.5533849000931,0.8265673210599964,0.989874267644224,254.3341064453125,228.66201782226562,0.8990615573276762,165.58749389648438,0.015167571604251862,0.006286397576332092,0.11783762276172638,0.12412402033805847,0.8505696058273315,0.18208003044128418,0.0006504246848635375,118.75987670400278,2.548276723452677,13.031526511745344,25.507510636450466,3.8847254032567875,140.65455413736217,0.00024161749752238393,0.16414526104927063,0.05605525942519307,0.06137084437068552,46068.0,0.002689404468040454
mango37_bac_r_hor.jpg,0.04799212721710321,0.05196039167900047,0.02162029594182968,0.7270466327835622,2.6338869952657395e-05,0.0026689137824015,1.0826857380992077,0.41609185849473523,0.45049672093144355,0.48853207991397535,0.0002975613751914352,0.000578949402552098,232.0,251.0,0.1251882016658783,124.05007797608734,160.13719459365794,45804.5,826.4823158979416,0.8426570911498168,0.9911604959643391,255.44677734375,229.50616455078125,0.8984500291500607,11.281681060791016,0.015492178499698639,0.006785035133361816,0.12233345210552216,0.12911848723888397,0.7135723233222961,-0.19073486328125,0.0005284891813062131,118.63808265465258,2.599652332196568,13.030819845393067,25.492007451048345,4.989499133354629,140.63076156645295,0.00024152225523721427,0.16408056020736694,0.05603316321503371,0.06062208606454078,46168.0,0.0026931179336062015
mango37_bac_r_ver.jpg,0.04848860155087398,0.05224581939017806,0.02056020498275757,0.7148056937414845,2.40907098420438e-05,0.002601765065893482,1.0774866199298825,0.393528232933079,0.4240214055500428,0.4625204643281388,0.0002711029374040663,0.0004756876442115754,232.0,250.0,0.1283200979232788,123.99517982944012,160.17511832319136,45475.5,836.5411931276321,0.8166062206931037,0.9904171793838682,253.6810760498047,229.27818298339844,0.9038048346120414,9.140190124511719,0.01559620350599289,0.00726163387298584,0.12493570148944855,0.1321973353624344,0.46916720271110535,-0.5647168159484863,0.0004196117806714028,118.69916464917446,2.52072884518182,13.074286460634628,25.585225413858534,5.209119523265665,140.6595999912757,0.00024152225523721427,0.16408056020736694,0.05603316321503371,0.06038056380930357,45849.0,0.002674509706678018
mango37_bot.jpg,0.048120007994994905,0.04583162916240774,0.021609462797641754,0.7534468613654297,2.2860621818796708e-05,0.0024355727239388347,0.9524443380635933,0.4714967194612925,0.4490743808664665,0.479681625105968,0.00026033600443042815,0.0005016738432459533,275.0,262.0,0.10331597924232483,127.13237653162224,162.32917505716918,58180.0,934.2396757602692,0.8376584359451613,0.9919948166651037,282.68243408203125,264.3514099121094,0.9351532958549437,87.48580932617188,0.016330458223819733,0.007267676293849945,0.10036684572696686,0.1076345220208168,0.7416332960128784,-0.24101901054382324,0.00044307400821708143,129.28291067954538,2.431540404264621,12.34872319625269,23.56503634936346,2.369706702277132,146.67398204716883,0.00020660948939621449,0.1403622180223465,0.05681760958395898,0.054131686221808195,58598.0,0.0025014010179996607
mango37_bot_hor.jpg,0.045267398314733885,0.0433786870237024,0.019079819321632385,0.739196435025525,1.7213665512279453e-05,0.0020575503864452855,0.9582765663292663,0.4398431725516968,0.42149140511621097,0.45944884539387526,0.00022032507695257664,0.00044158470700494945,275.0,264.0,0.09862299263477325,127.19672942662547,162.259614563952,58163.0,942.7249574661255,0.8224067264066944,0.9912655196802754,280.9990234375,265.0783996582031,0.9433427789729029,96.57386779785156,0.01489337533712387,0.0066642314195632935,0.09572295844554901,0.1023871898651123,0.6575033068656921,-0.4128906726837158,0.0004289188073016703,128.87161804619086,2.487555676991339,12.430731909844718,23.560913575610673,2.461697710302772,146.61603195466262,0.00020660684094764292,0.14036041498184204,0.056816881260601804,0.05454420601017773,58583.0,0.0025006965935906187
mango37_bot_ver.jpg,0.04885832303577838,0.04634412550167814,0.015529029071331024,0.6705337268714925,1.563430918908507e-05,0.0021572595657930725,0.9485410595803888,0.3350808522812392,0.31783794666794635,0.44463244001713825,0.00017239466251339763,0.00021861698769498616,276.0,262.0,0.1104404404759407,127.0999519709081,161.96037599917665,57874.5,953.31074488163,0.8002545276463547,0.9886654822508456,281.1893005371094,263.9190979003906,0.9385815797267878,87.56692504882812,0.012826569378376007,0.00599304586648941,0.10775993019342422,0.11375297605991364,0.4229767620563507,-0.7684428691864014,0.00020771186973433942,128.439157432502,2.373234992272159,12.837231482563478,23.73899619197914,3.2125536538267303,145.60195890081994,0.00020660685549955815,0.14036042988300323,0.05702349211787805,0.054130996140884236,58298.0,0.002488531323922433
mango37_fro_r.jpg,0.043960319719225996,0.05116562248925752,0.01760254055261612,0.6661313764498812,1.858600379444838e-05,0.002219981634718271,1.1639046944165032,0.3440306146243381,0.40041884738426203,0.4694307811584409,0.00022060844639781862,0.00043508131057024,251.0,292.0,0.10640823841094971,128.8000966840937,161.66590274296354,55465.0,933.9797915220261,0.7990131415331141,0.9850725062382893,286.33544921875,249.74273681640625,0.8722033457534341,179.8798065185547,0.01377948373556137,0.005710773169994354,0.10399685055017471,0.10970762372016907,0.79900062084198,-0.07347989082336426,0.0004206860903650522,136.2652187925231,2.2512343907909855,9.126961978466841,21.83529685597651,1.5671023968653475,137.8123970493447,0.00022476528829429299,0.15269654989242554,0.05641608736186754,0.06563146418193355,55852.0,0.0028216114736792732
mango37_fro_r_hor.jpg,0.04240463619847316,0.0481473470174278,0.015720099210739136,0.6600466534561337,1.4661119009019828e-05,0.001984866736171261,1.1354264847852042,0.32649980081039487,0.370716521117216,0.4568000396659867,0.00019616293138824403,0.0003229464346077293,250.0,284.0,0.10443173348903656,128.88305295613134,161.80817150790645,55052.0,936.9503524303436,0.7880428036338212,0.9876215421046967,286.99896240234375,247.29647827148438,0.8616633182276092,3.2353034019470215,0.01280219852924347,0.005308762192726135,0.10244995355606079,0.10775871574878693,0.6727439761161804,-0.42060232162475586,0.0003608806000556797,136.61951641694162,2.264379280142982,8.914152285718654,21.78027803321253,1.5650230444769577,138.32229855213575,0.000224683215492405,0.15264078974723816,0.05617080387310125,0.06381003319984302,55461.0,0.0027998125571367244
mango37_fro_r_ver.jpg,0.04582039485902675,0.05204090030422566,0.016199730336666107,0.6495695677672478,1.7347242887976843e-05,0.002261084174869845,1.13575844259608,0.3112884335583008,0.35354846649634913,0.4490751725224893,0.00019725857418961823,0.000367876811651513,251.0,285.0,0.11385715752840042,128.84516453513436,161.58115390142262,55271.0,919.1513627767563,0.822116028065769,0.988747763864043,284.91961669921875,248.72108459472656,0.8729517731216594,2.8863472938537598,0.012502692639827728,0.005264997482299805,0.11148784309625626,0.11675284057855606,0.4952074885368347,-0.43581104278564453,0.0004244305018801242,136.45362120994395,2.2502946362821197,9.241892850773466,21.895423192987497,2.990486285488608,137.35782799252766,0.000224683215492405,0.15264078974723816,0.056395487088593654,0.06403471641533542,55672.0,0.00281046437462209
mango37_sia_r.jpg,0.052114788335811624,0.05797390017554943,0.025801241397857666,0.7368495927790842,3.282509975301752e-05,0.00314768602296268,1.1124270485756078,0.44504926043839593,0.4950848352602418,0.42108711830787243,0.0002881223917938769,0.0003479222650639713,269.0,301.0,0.11384868621826172,132.53479900300377,166.86769029206877,62167.0,965.0924881696701,0.8387487839483111,0.9866603182160854,296.76873779296875,268.0120849609375,0.9031008014998789,12.00245475769043,0.021497666835784912,0.010320350527763367,0.10962337255477905,0.11994372308254242,0.4774194657802582,-0.80497145652771,0.00026937047368846834,130.25787690931168,3.7664345733007534,14.587288664936379,20.92560874289001,3.8744097085465885,167.13077586757845,0.0002096683601848781,0.1424402892589569,0.05640078888973221,0.06311017641564831,62588.0,0.0027514198811845964
mango37_sia_r_ver.jpg,0.052241261612432664,0.055081266216719646,0.023143820464611053,0.73589122761016,3.0275368759887342e-05,0.002984267702678601,1.0543632469168989,0.42017589743762757,0.44301802349855884,0.45460773220152245,0.00025383089086972177,0.0004196917579974979,270.0,286.0,0.114919513463974,132.63937995999743,167.13512162074971,61568.0,960.8670918941498,0.8379889086754481,0.9917845291407584,292.5348205566406,268.8106689453125,0.9189014437112636,164.5271759033203,0.018371500074863434,0.007540524005889893,0.11181733012199402,0.11935785412788391,0.6895783543586731,-0.22815155982971191,0.00036128651117905974,130.77751790438091,3.7934412382753457,14.351245264135763,20.902429188979934,3.9447904389545503,168.00112910510356,0.00020973995560780168,0.14248892664909363,0.05662978801410645,0.05998562730383128,61996.0,0.002727256673262569
mango37_sib_r.jpg,0.0472138322156328,0.05388017245921474,0.02650449424982071,0.7553999293584698,3.0218989908513495e-05,0.0028298616247521813,1.141194644254585,0.4919155422132996,0.5613713821994077,0.4481900312111531,0.00035047653364017606,0.0005459795356728137,235.0,268.0,0.11761286109685898,125.31981311080733,156.98528961704037,48647.5,846.2224316596985,0.8536922206972168,0.9907235810439281,266.1211853027344,233.0535125732422,0.8757420507808311,174.0928192138672,0.021301351487636566,0.010186664760112762,0.11350645124912262,0.12369311600923538,0.63025963306427,-0.5748353004455566,0.00047532134340144694,125.5792136780038,2.405303316591564,14.22659427313962,25.05827025483035,6.865047385673086,124.84471466753719,0.00023177861294243485,0.15746112167835236,0.05446797404147219,0.06211666826857254,49013.0,0.00263304332268886
mango37_sib_r_ver.jpg,0.0510346776140337,0.05708227256068182,0.02632511407136917,0.7442937563629515,3.422491283141456e-05,0.0031432238434435395,1.118499718806593,0.46117845156539666,0.5158279683955561,0.4462779796847617,0.0003314405039418489,0.0004857129533775151,236.0,264.0,0.12874583899974823,125.32497439049375,157.06967834460153,48436.0,854.5239464044571,0.8335461684695515,0.9907341119679274,264.7587585449219,232.97186279296875,0.8799401540985855,6.249223232269287,0.02103245258331299,0.009739041328430176,0.12459388375282288,0.13433292508125305,0.5722675919532776,-0.5228323936462402,0.00033339759102091193,126.04982585535751,2.426097844742383,14.163801624518669,25.197275148535137,7.587910565940051,125.05765212046711,0.00023177862749435008,0.15746112167835236,0.05469975608866662,0.06118955765850842,48810.0,0.002622138222884069
mango37_top_r.jpg,0.04339764650088125,0.041773060463488214,0.01943114399909973,0.7553602085637803,1.7704409775449563e-05,0.0019920563883133982,0.962565111973064,0.4651596934364803,0.44774649239804176,0.5025978312055631,0.00027178661548532546,0.0006685747066512704,254.0,245.0,0.10120679438114166,126.29835214221512,161.66573454509137,49687.0,855.0681025981903,0.853986937967658,0.9925092884822819,258.8114929199219,245.67274475097656,0.9492342939615493,86.605712890625,0.013402849435806274,0.005654908716678619,0.09897573292255402,0.10463064163923264,0.8965559601783752,0.2046036720275879,0.000755139859393239,124.72200139818236,3.9890204701693115,14.212533427010964,23.869469689403775,6.32142161272585,143.32547688005593,0.00023085174325387925,0.15683144330978394,0.05863634278648533,0.056558677097200416,50065.0,0.0026680903824463672
mango37_top_r_hor.jpg,0.046070859238007016,0.044174210253525636,0.018143609166145325,0.7227919116354065,1.8811815051224215e-05,0.0021465935765457994,0.958831916403315,0.41072854640784995,0.39381963927378666,0.5094621360891827,0.0002503107243683189,0.0005911141051910818,254.0,245.0,0.10918998718261719,126.37952611546203,161.61505350630716,49797.0,862.0975408554077,0.8419770057401428,0.9920610413284059,258.83990478515625,246.497314453125,0.9523157360829818,94.6978988647461,0.012444548308849335,0.005327478051185608,0.107228584587574,0.11255606263875961,0.8878854513168335,0.10460662841796875,0.0006770758773200214,124.74878938243559,4.005672740447677,14.240308040944939,23.806719674777305,6.984706273128462,143.19836192981407,0.00023093396157491952,0.15688729286193848,0.05865722624002956,0.05657882058585528,50181.0,0.0026761775499584924
mango37_top_r_ver.jpg,0.050999390534281,0.04837702765878337,0.016836017370224,0.6790725749724287,1.864819730648036e-05,0.002376039302582692,0.9485805056094755,0.3480167795544015,0.3301219327102956,0.44894519013862033,0.0002023678389377892,0.00032391620334237814,256.0,243.0,0.12478560209274292,126.27235460420032,161.68029079159936,49132.5,869.5117546319962,0.8166346664288139,0.9896966400773507,257.57781982421875,244.2442626953125,0.9482348397156029,102.2193603515625,0.01402280479669571,0.007107675075531006,0.12137381732463837,0.12848149240016937,0.34043794870376587,-0.957160234451294,0.0003265627892687917,124.67980613893377,3.95015836130977,14.304862337915612,23.851252019386106,6.539253788665547,143.2734450726979,0.00023093396157491952,0.15688729286193848,0.0591190941631794,0.056116952662705444,49520.0,0.002640926093022151
mango38_bac_r.jpg,0.03846306701463192,0.04939855097429375,0.017625324428081512,0.6525055408760914,1.6302937509294705e-05,0.0019740465706367828,1.2843112837440085,0.3567984096791313,0.45824022357282584,0.486822478077701,0.00022730052296537906,0.0007178780506365001,266.0,340.0,0.08539688587188721,119.74843324059242,157.7298569541635,70710.5,1043.6193984746933,0.8158484375435034,0.9918781868297576,343.0444030761719,264.3292541503906,0.7705394747154559,176.64569091796875,0.013439983129501343,0.005695082247257233,0.0830354243516922,0.08873050659894943,0.9292886257171631,0.177215576171875,0.0010809911182150245,106.20807689065003,3.5962428135451723,12.999473322504434,30.649425287356323,4.820305414236402,148.02714779529552,0.00027627297095023096,0.18768879771232605,0.07348861027276143,0.09393281012307853,71166.0,0.005431869809157661
mango38_bac_r_hor.jpg,0.04550256184905458,0.05865187320140555,0.017870813608169556,0.618308855551022,2.3930191029774413e-05,0.00264950641472563,1.2889795830830606,0.30469297283656566,0.3927430210952147,0.5017462146332246,0.00023927704023662955,0.0006860480643808842,266.0,341.0,0.10322453081607819,119.78597334682861,157.67019511920827,70677.0,1049.9209156036377,0.805702657359967,0.9905190355063171,342.8424377441406,264.78192138671875,0.7723137285131617,4.176843166351318,0.013614170253276825,0.0059701502323150635,0.10071858763694763,0.1066887378692627,0.9263201951980591,0.11504387855529785,0.001082421513274312,106.33360042735043,3.6296252780085707,13.02065118506429,30.675185560053983,5.40341319187351,147.52956309041835,0.00027627297095023096,0.18768879771232605,0.07348861027276143,0.09420908309402876,71136.0,0.005429580006523331
mango38_bac_r_ver.jpg,0.05408476288436973,0.06864093903415308,0.021805696189403534,0.630220924115181,3.686348961247049e-05,0.003576787769395946,1.2691363588096645,0.31767770803009937,0.40317632964432,0.45537411616917706,0.00023476967180613428,0.00039221812039613724,266.0,338.0,0.12289100885391235,119.71987840563652,157.93276797636295,69916.0,1073.8376545906067,0.7619196609608679,0.9881212326782698,339.65533447265625,264.97454833984375,0.7801277396430097,3.85192608833313,0.017360620200634003,0.007818564772605896,0.11964164674282074,0.12746021151542664,0.7037835121154785,-0.4537789821624756,0.00047040439676493406,107.17533168555924,3.5858103366355483,12.847410257437438,30.723600102275633,5.535126833522853,147.68348532628767,0.0002762729418464005,0.18768878281116486,0.07348860253114253,0.09338025434408337,70398.0,0.005373249729634314
mango38_bot_r.jpg,0.059277540905417786,0.06497700488544891,0.03720180690288544,0.8053381608776514,6.91873789516345e-05,0.004637176881742036,1.0961487924933508,0.5725380381639673,0.6275868791899447,0.4828508237210783,0.0005382525268942118,0.0012806463055312634,221.0,242.0,0.15362673997879028,122.2690335780479,149.56136719220123,41187.0,801.8132692575455,0.8050512811667728,0.9911681185926746,241.69593811035156,216.13706970214844,0.8942519737483811,167.2982940673828,0.022626861929893494,0.009522244334220886,0.149804025888443,0.15932627022266388,0.9882816672325134,0.6798615455627441,0.001091186422854662,90.316692742809,4.674995034241292,9.865285638925888,29.031652425081237,5.866003600777781,121.95185942953424,0.00032322874176315963,0.21958866715431213,0.07143355192965828,0.07822135550668463,41545.0,0.004340489466202087
mango38_bot_r_hor.jpg,0.05717304516785475,0.06252127340711824,0.026769891381263733,0.731578220531303,4.485059743150932e-05,0.003820459057005287,1.0935445754824078,0.4281725230858125,0.4682257399911063,0.46870812720175137,0.0003867509076371789,0.0006010683719068766,219.0,239.0,0.15854881703853607,122.24884938512115,149.64996956045294,40719.5,783.8549001216888,0.8328004389929524,0.9910796865112204,241.6009521484375,213.9769287109375,0.8856626052511248,10.908759117126465,0.02137826383113861,0.00993889570236206,0.15456706285476685,0.1645059585571289,0.7282675504684448,-0.44645118713378906,0.0006971346447244287,89.86102520394496,4.743240676044585,9.838222217448708,28.94983562644588,5.6969291819145536,122.53580908316084,0.00032322367769666016,0.21958523988723755,0.07078598541556858,0.07725045896950178,41065.0,0.004290206159252476
mango38_bot_r_ver.jpg,0.06334079842746004,0.06839823738017764,0.029438138008117676,0.7359269095228165,5.169703048461349e-05,0.0043473585845091745,1.0798448879438982,0.4303932255518778,0.46475792441788044,0.4053468636782954,0.00037542739300988615,0.0005025375867262483,221.0,239.0,0.17773893475532532,122.21301500415424,149.60058159425247,40565.0,800.783832192421,0.7949334133276788,0.9890645762980482,238.8860626220703,215.4840545654297,0.9020369468198579,10.026959419250488,0.023526877164840698,0.011610060930252075,0.17184382677078247,0.18345388770103455,0.19959253072738647,-0.956190824508667,0.00046984132495708764,90.24910805923464,4.644610819272061,9.892811121960069,29.148086603782808,5.84268832568938,121.97426811983775,0.0003232237068004906,0.21958525478839874,0.07143243920290843,0.07725046592531726,40922.0,0.004275267212110078
mango38_fro_r.jpg,0.042725871946597736,0.05830226275671556,0.025604218244552612,0.6852944448908392,2.979011787200392e-05,0.0027557717615584276,1.3645657794786836,0.4391633709208548,0.5992673075591024,0.46707256279680204,0.00037319445982575417,0.0012420262210071087,227.0,311.0,0.1073564738035202,115.90323950945627,157.42473773640663,53741.0,928.264062166214,0.7837409399011439,0.9911290620043525,312.3011169433594,220.76080322265625,0.7068844498007179,178.35006713867188,0.01933331787586212,0.00759357213973999,0.10455288738012314,0.11214645951986313,1.116795539855957,0.5970523357391357,0.0017022487008944154,101.05123374704492,4.426153316560715,10.521921513729694,34.403719710401894,2.316492268433455,151.60494237588654,0.00031361141009256244,0.21305504441261292,0.07118979009101167,0.09753314853878692,54144.0,0.005325176997955046
mango38_fro_r_hor.jpg,0.048554153214513666,0.06631294590453045,0.029978610575199127,0.6917466755453516,4.53838927874418e-05,0.003704117592262187,1.3657522892337945,0.45207779817773125,0.6174262877730099,0.4701815008971025,0.00041611670167185366,0.001165612367913127,226.0,311.0,0.12246640771627426,115.9224593008232,157.40907748532615,53775.0,917.4945101737976,0.8027555825192659,0.9910432907613203,312.5716247558594,219.8927764892578,0.7034956441136001,1.6676546335220337,0.022385016083717346,0.009011395275592804,0.11879309266805649,0.1278044879436493,0.95960533618927,0.21502304077148438,0.001544732484035194,101.91409797334711,4.426718524952909,10.515326366365224,34.37996972941046,2.3951139828824908,150.52801875299937,0.0003137683670502156,0.2131616771221161,0.07091165095334873,0.09758196215261705,54178.0,0.005333855965406098
mango38_fro_r_ver.jpg,0.05182716278232076,0.07016913449015333,0.02160722017288208,0.6104096125663013,3.730177138624755e-05,0.0035296789967420796,1.353906537096593,0.3079305499473443,0.41690918454545844,0.47470849601807075,0.0002880771935451776,0.000660567544400692,227.0,308.0,0.13957500457763672,115.83722235736607,157.43968114369116,53049.0,949.0092281103134,0.7401950810356345,0.9877207518363015,312.6885986328125,219.25733947753906,0.7012003009902227,1.1091933250427246,0.017278745770454407,0.007857650518417358,0.13619829714298248,0.14405594766139984,0.7440158724784851,-0.30091428756713867,0.0008957624668255448,101.46518590595235,4.354028091734963,10.56268556673644,34.581332684642874,2.860316434629974,150.91158473830953,0.00031376833794638515,0.2131616473197937,0.07122541271382943,0.09664064808748662,53441.0,0.005261296905899617
mango38_sib_r.jpg,0.049923584777624944,0.05981078673219041,0.021692432463169098,0.67145719024991,3.1329602697547175e-05,0.003014380003313264,1.1980467147662996,0.362684285700829,0.43451271698124017,0.4836835930470724,0.00027836457593366504,0.0009599796030670404,290.0,348.0,0.09927687048912048,117.57656340551077,158.5333623096781,75441.5,1103.0163680315018,0.7792131348379003,0.9780386462783025,344.793701171875,280.09844970703125,0.8123653325308456,15.037189483642578,0.016885071992874146,0.006529420614242554,0.09694522619247437,0.10347464680671692,1.209160566329956,0.6622991561889648,0.0012468394124880433,115.15134871713819,4.516306873627355,11.468090623128944,32.851351351351354,7.740013382873007,137.57690585322163,0.00027009795303456485,0.1834937483072281,0.07832840638002381,0.09399408765602857,75924.0,0.005538876301021369
mango38_sib_r_ver.jpg,0.0608665576477518,0.07309656725337468,0.026396840810775757,0.6699549133747543,5.180487849611939e-05,0.00434079497416604,1.200931514418815,0.36112285162826274,0.4336838130971707,0.4411060183993138,0.0002689646207727492,0.0004478342889342457,288.0,346.0,0.12479452043771744,117.56165381660175,158.66951487693083,74974.0,1145.5777690410614,0.7179122956600578,0.9868895616690799,344.7306213378906,279.7705078125,0.8115626825569423,162.6621551513672,0.021832630038261414,0.009563498198986053,0.12062183767557144,0.1301853358745575,0.7452560067176819,-0.34509849548339844,0.0005042609409429133,115.97530667938426,4.545230803573444,11.344172615635916,32.80952759452084,7.905309057307692,137.53001881143524,0.00027021675487048924,0.18357445299625397,0.0778224254027009,0.09349499718518928,75486.0,0.005511768403937146
mango38_top_r.jpg,0.050306994094216365,0.05420048462750773,0.022328339517116547,0.7258153556496223,2.9910435773442e-05,0.00290776124771122,1.0773946168598252,0.41195830019911867,0.44384165500525435,0.49128643730825255,0.00028620095690712333,0.0008117699762806296,268.0,289.0,0.1112343817949295,120.58592112319018,151.01733859828727,61125.0,946.1219273805618,0.8580933187164094,0.9928450187198999,290.9277648925781,267.56451416015625,0.9196939805967007,172.75352478027344,0.016200803220272064,0.006618037819862366,0.10851088166236877,0.11512891948223114,0.832866370677948,0.11567282676696777,0.0010094215394929051,97.85576626204521,4.003387558838622,9.965856415045609,30.802369229269242,7.430551199080472,122.16854352524416,0.00029181281570345163,0.19824595749378204,0.07820583460852504,0.08433390373829752,61539.0,0.005240336277696705
mango38_top_r_hor.jpg,0.046159181508287836,0.04954926503556366,0.017755985260009766,0.693707112139762,2.0463332622221504e-05,0.0023242561386441927,1.0734433197578934,0.3583501238063879,0.38466854653438115,0.50389061704933,0.00023887415591161698,0.0006936377612873912,269.0,289.0,0.10328101366758347,120.52672861304129,150.96694927665945,61034.5,949.050858259201,0.8515424106154122,0.9928829385736595,292.16278076171875,266.7229309082031,0.9129257676587361,9.801504135131836,0.011876501142978668,0.004863955080509186,0.10164839774370193,0.10651235282421112,0.8701441287994385,0.14129042625427246,0.0010773965623229742,98.28134611316334,3.9839404555848548,9.994839984541624,31.11090136857008,8.349927754475384,121.42315015215375,0.0002918084792327136,0.19824300706386566,0.07849648091359995,0.08433265049825422,61451.0,0.0052326871387156524
mango38_top_r_ver.jpg,0.06186934144140076,0.06683846629429582,0.024278879165649414,0.6953717744411292,4.407810144875016e-05,0.003977896286299105,1.080316433586117,0.36324710173251595,0.3924218134541651,0.4390280587784956,0.00027900998247787356,0.0005708057433366776,269.0,291.0,0.1403386890888214,120.51596786833856,150.96172936259143,60821.0,964.6660815477371,0.8213143353546994,0.990836299657074,289.9741516113281,266.4061584472656,0.9187238137154643,4.354090213775635,0.019085735082626343,0.008986830711364746,0.13602665066719055,0.1450134813785553,0.45869719982147217,-0.6867969036102295,0.0006649895221926272,97.90223354231975,3.954908427487791,10.020016778753646,31.1154486677116,8.087161371597865,121.64039642110762,0.0002918085374403745,0.19824303686618805,0.07849649657146074,0.08491628439514898,61248.0,0.005215403325094244
mango38a_sia_r.jpg,0.052426229535943766,0.05956843188949354,0.023071371018886566,0.6985484996428424,3.388061249011224e-05,0.003179888279029753,1.136233378153831,0.38730868493712706,0.4400730554744297,0.4702329496754322,0.0002731050190050155,0.0007323200698010623,307.0,347.0,0.09836037456989288,117.49541763557457,163.20076600718753,79938.0,1108.915864109993,0.8168944571412654,0.988084348965415,349.610107421875,291.154541015625,0.832797836317382,154.88478088378906,0.018059134483337402,0.0076577141880989075,0.09540815651416779,0.1030658707022667,1.0087333917617798,0.19906330108642578,0.000813413702417165,123.11574667048012,4.1515080968790645,14.017856916487132,31.49597721874728,8.290920211565195,148.94574530261013,0.00026253375108353794,0.1783549189567566,0.08059786158264615,0.09109921162598766,80417.0,0.005542658932320427
mango38a_sia_r_ver.jpg,0.06129902660727389,0.068865953894175,0.020852789282798767,0.6459558950469986,3.927733076433015e-05,0.003846087876579494,1.1234428620764298,0.30280259117361313,0.3401814096722431,0.4461898283842268,0.00021282260422594845,0.0003602212527766824,306.0,344.0,0.1214439868927002,117.51975204211749,163.37066168394207,78712.0,1124.6904658079147,0.7819604438429343,0.9884530619164527,345.3451232910156,292.271728515625,0.8463178102252606,23.309484481811523,0.01676783710718155,0.007385909557342529,0.11834403872489929,0.12572994828224182,0.7348659634590149,-0.29198336601257324,0.0003773916978389025,122.78333985632582,4.090395452384338,13.97280550909542,31.48640902950497,8.334099145766624,149.85309379221533,0.00026264245389029384,0.1784287691116333,0.08036859089042991,0.09034900413826108,79207.0,0.0054637827073828965
mango39_bac_r.jpg,0.06009359094759539,0.07789692812078526,0.028868496417999268,0.6587751664150989,6.230503701840785e-05,0.004837762680907265,1.2962601650601187,0.3705986502219499,0.4803922675077619,0.46105263205053953,0.000351080612745136,0.000853663485031575,237.0,307.0,0.15278390049934387,119.85277642474428,155.79604759585277,57067.5,939.5950152873993,0.8123015899638191,0.9905746348321921,307.8517761230469,236.9545135498047,0.7697032530846764,177.51393127441406,0.021586284041404724,0.009474605321884155,0.14815908670425415,0.1576336920261383,0.5386385917663574,-0.3378934860229492,0.0008178649586625397,112.786584092965,3.522744983545882,10.019632164100583,30.691288010576855,4.125736707419943,124.57238535940435,0.00029666663613170385,0.2015434354543686,0.07030999276321381,0.09107665729243308,57484.0,0.005059229669649896
mango39_bac_r_hor.jpg,0.05862501377939083,0.07645029507075567,0.026648029685020447,0.6441641875284844,5.4690244129470105e-05,0.004524620371069356,1.3040558993886526,0.3485667342468381,0.4545505061252259,0.45791264317595926,0.0003109213139396161,0.0007113509345799685,237.0,309.0,0.15014013648033142,119.96013236958983,155.8018287903858,56998.5,939.1097337007523,0.8121581500505554,0.9907785638547515,308.0161437988281,236.1470489501953,0.7666710128818052,2.5332753658294678,0.0195893794298172,0.008487701416015625,0.14616069197654724,0.15464839339256287,0.5223726630210876,-0.2975590229034424,0.000726855534594506,112.59083863101976,3.5469450729098315,10.003057277124666,30.56849255421057,3.9852606673798014,124.82433162065662,0.0002967861364595592,0.20162463188171387,0.07033831434091553,0.0917069161660038,57415.0,0.005057228649771505
mango39_bac_r_ver.jpg,0.06433963818186951,0.08500848334849415,0.03334672749042511,0.6671176530703038,7.80608566058026e-05,0.005571875278243383,1.321245903003057,0.3922752903815431,0.5182921202659483,0.4279955071211279,0.0003660186193883419,0.0005652136169373989,237.0,313.0,0.1617087423801422,120.04966632891933,155.74663708465812,56807.0,958.5239455699921,0.7769727457383881,0.986472406487688,307.2891845703125,234.6049041748047,0.7634661939139074,6.03256368637085,0.027355700731277466,0.012851536273956299,0.15642523765563965,0.16927677392959595,0.5724506378173828,-0.6216745376586914,0.00044509852887131274,113.17529087033996,3.797041226424862,10.087905858911762,30.558698158694664,5.630067216615659,124.33697285210161,0.0002967861364595592,0.20162463188171387,0.07033831434091553,0.09289406071184203,57242.0,0.005041990461904041
mango39_bot_r.jpg,0.0604494168847322,0.06522608879695678,0.033684685826301575,0.7822171148969532,6.54148141067664e-05,0.004624850474498361,1.0790193215814299,0.5164296441437584,0.5572375642685374,0.4925271293249111,0.0005754191079176962,0.00113541295286268,198.0,213.0,0.1822117120027542,120.12231964313183,160.5712659590832,32202.0,695.1269782781601,0.8374606725822257,0.9906174054818963,212.29112243652344,192.8990478515625,0.9086533889764546,14.487820625305176,0.024595394730567932,0.01012556254863739,0.17784488201141357,0.18797044456005096,0.9423801898956299,0.16651344299316406,0.0008056421065703034,114.93582525765267,3.5005686887141234,12.375667660814884,29.323642516535916,3.878596348711976,147.47041993539455,0.0003602358920034021,0.24472984671592712,0.07132670661667362,0.07673024499672465,32505.0,0.004218170530832758
mango39_bot_r_hor.jpg,0.06207176113481011,0.06793199547487949,0.03676857054233551,0.7908134065178015,7.675905324682434e-05,0.0050769485862378946,1.0944106342873352,0.5412555642640017,0.5923558453977156,0.4950903071237232,0.0006207421538420022,0.0011121176648885012,195.0,213.0,0.1885613203048706,120.19240898528273,160.6665840433772,31971.0,692.9848424196243,0.8366014512945373,0.9910876203171257,212.62571716308594,191.59078979492188,0.901070634122635,165.18896484375,0.027058273553848267,0.012631267309188843,0.18336370587348938,0.19599497318267822,0.7944472432136536,-0.18794560432434082,0.0008398581412620842,114.96935708752905,3.430690934067589,12.327153041923417,29.24052672347018,3.699451635398865,147.70289697908598,0.0003600420313887298,0.2445981502532959,0.07020819612080231,0.07668895268579945,32275.0,0.004183816782429533
mango39_bot_r_ver.jpg,0.06498089705050357,0.06924711059896496,0.03224767744541168,0.7588575802820473,7.532223222833482e-05,0.005150837890218012,1.065653349555111,0.465689862962942,0.4962639623203198,0.5190836882963393,0.0005449113668873906,0.0010358522413298488,197.0,210.0,0.1990361213684082,120.17724369851602,160.43251164656155,32105.5,696.2569210529327,0.8322431923686069,0.9903602936640138,211.92848205566406,193.26971435546875,0.9119572436927355,165.20205688476562,0.02290898561477661,0.010102063417434692,0.19546948373317719,0.20557154715061188,0.9661086797714233,0.2534630298614502,0.0009118550806306303,115.20880510906117,3.43342091771803,12.641261315661719,29.66359176873477,6.935479754146765,146.59926572671458,0.0003600421187002212,0.24459820985794067,0.07092829738394357,0.07560884492704645,32413.0,0.004201707796769967
mango39_fro_r.jpg,0.05861530330486585,0.08042650371860122,0.02966943383216858,0.6454173444710753,6.091505833028869e-05,0.004830631669408716,1.3721076098556118,0.3689012012256175,0.506172145486546,0.43551708759117624,0.0003341938427183777,0.000713610090315342,247.0,339.0,0.14076143503189087,117.74955204811393,157.337483055733,63748.0,996.5483326911926,0.8066398886781794,0.991299615130428,337.29510498046875,241.8455352783203,0.7170146607740557,3.2054688930511475,0.02410295605659485,0.010380059480667114,0.13634125888347626,0.14672131836414337,0.638482928276062,-0.4573698043823242,0.0007749215583316982,105.09128869914773,3.3334269985210607,8.79147369725043,32.55742353656066,2.573794002593243,141.80251164674902,0.00028625171398743987,0.1944679617881775,0.07070417335489765,0.09703933104174212,64181.0,0.005258993948608509
mango39_fro_r_hor.jpg,0.0604534850710695,0.08326383540955176,0.03028915822505951,0.6416013081444398,6.551443253879509e-05,0.005104094385543092,1.377320684021215,0.3637732765500835,0.5010324580865997,0.4297066010342659,0.0003305894206278026,0.0006574003491550684,247.0,340.0,0.14563818275928497,117.77494120029283,157.3084531393592,63757.0,1011.0924879312515,0.7837110501442238,0.9892551532595287,339.26348876953125,239.57101440429688,0.7061503000903302,175.84681701660156,0.023955360054969788,0.010636240243911743,0.1412525475025177,0.15188878774642944,0.6568302512168884,-0.4323873519897461,0.0006109664682298899,105.14141524275323,3.4738342312241066,8.844760556073156,32.51880811825361,2.931983217343747,141.64875936511893,0.00028650680906139314,0.19464126229286194,0.0707671818381641,0.09741231508087367,64201.0,0.005270013021346009
mango39_fro_r_ver.jpg,0.062386551301608764,0.08619437134573328,0.029009059071540833,0.6245333041235847,6.447590632700681e-05,0.005222775168247489,1.3816178254352487,0.3365539839623973,0.4649889834636968,0.4133271448251636,0.0003264546685386449,0.0004979344084858894,246.0,340.0,0.1537720113992691,117.72546481157974,157.25315073621164,63681.5,990.3056902885437,0.8159895548042428,0.9922327827983796,337.9920654296875,240.52951049804688,0.7116424765541848,175.59815979003906,0.02385091781616211,0.010875195264816284,0.148927241563797,0.15980243682861328,0.4252437949180603,-0.7232816219329834,0.0004973717150278389,104.57736461192913,3.3061134256255764,8.90118626088678,32.68968367856252,2.868785415499967,141.76896680808585,0.00028650680906139314,0.19464126229286194,0.07048067502910271,0.09741231508087367,64112.0,0.0052627073538501785
mango39_sia_r.jpg,0.0595085050873862,0.06621505916416925,0.02130819857120514,0.6613084585659783,3.95076363137127e-05,0.0037207172097629706,1.112699085062458,0.3218029076795808,0.3580698009455082,0.47054211473059576,0.0002558435080572963,0.0005747381364926696,288.0,322.0,0.12442636489868164,117.9477631313277,160.5656782716548,68886.5,1021.560524225235,0.8294988323093064,0.9923792236604216,330.6151123046875,264.2687072753906,0.799324342535941,147.48057556152344,0.016442976891994476,0.0073466673493385315,0.12144196778535843,0.12878863513469696,0.8599828481674194,-0.08923959732055664,0.0006350772455334663,118.17170959646947,3.864156882781308,11.688517438909077,31.33055467420462,3.3133829458306496,143.86636476391013,0.0002789918798953295,0.18953591585159302,0.08034966140985489,0.08983538532629609,69338.0,0.005397025090817632
mango39_sia_r_ver.jpg,0.06786154300585087,0.07534707816132553,0.022161155939102173,0.6422356897857163,4.879665807324971e-05,0.0045294665949997676,1.1103059969448275,0.29412097296796236,0.3265642801135761,0.43063321475196237,0.00024333360488526523,0.0003946197684854269,290.0,322.0,0.14360125362873077,118.06095174593051,160.44620156836598,68528.0,1044.2051861286163,0.7897801777033582,0.9887387549867621,326.906005859375,266.90557861328125,0.8164596973727546,31.234411239624023,0.018287301063537598,0.008200928568840027,0.14036723971366882,0.14856816828250885,0.6612131595611572,-0.5001688003540039,0.0004935712786391377,117.77961704039774,3.851041330320946,11.792328153407126,31.296873414602327,3.4677917982716475,143.55533490846366,0.0002789899881463498,0.18953463435173035,0.08090709656244144,0.08983477618312463,68989.0,0.0053697873409787825
mango39_sib_r.jpg,0.04911527019634569,0.05929089114912209,0.01907791942358017,0.643562204474918,2.544475987058921e-05,0.002739342019011903,1.2071783563868796,0.3217681342585564,0.38843152745191695,0.4579972085447714,0.00022337023983709514,0.0005671220715157688,298.0,359.0,0.0977683812379837,118.82211973459334,159.52135065849,79083.5,1125.418389081955,0.7846350988039669,0.9870631552670993,357.7597351074219,284.8572998046875,0.796225152948404,14.867542266845703,0.015371538698673248,0.006204009056091309,0.09531085193157196,0.10151486098766327,0.9380595088005066,0.1629173755645752,0.000780677713919431,119.54854478737307,3.3365124127546837,12.053897407550915,31.147054388257764,5.648917066009774,139.78934603398008,0.0002651757386047393,0.18014977872371674,0.07902237010421231,0.09519809015910141,79576.0,0.005595638882491425
mango39_sib_r_ver.jpg,0.05719126257001371,0.06941766866355137,0.020557738840579987,0.624868060708193,3.545642272106079e-05,0.003568843020006897,1.2137810138143053,0.2961456245414662,0.3594559363926114,0.4344300552616978,0.0002186867786804214,0.00042983522871509194,296.0,360.0,0.1167481392621994,118.87599979686667,159.66537592362187,78292.5,1131.1341193914413,0.7689565839901273,0.9815948997310698,361.9178466796875,282.4769592285156,0.7805002207545725,166.0941619873047,0.01591036468744278,0.007222570478916168,0.11394238471984863,0.1211649551987648,0.7008976340293884,-0.39092230796813965,0.0005944667500443757,119.58742350760481,3.2522883800769056,11.888648379984524,30.983952466800396,5.035694790561764,140.2056344107864,0.00026517410879023373,0.1801486760377884,0.07849153620190918,0.09546267916448414,78766.0,0.005538613079777272
mango39_top_r.jpg,0.05497398772647624,0.06333788472139577,0.029955372214317322,0.7431930111665037,4.9880026919118414e-05,0.003919060576904704,1.1521428104603617,0.472945573507577,0.5449008422558074,0.47822377398226584,0.0004205890581943095,0.0010831198887899518,230.0,265.0,0.14184075593948364,118.62208894934257,149.24792877457648,48141.5,854.683326125145,0.8281690936050561,0.9912491120422513,264.201171875,232.99508666992188,0.8818851370582017,4.8020148277282715,0.020992577075958252,0.008164063096046448,0.13773185014724731,0.14589591324329376,0.6809572577476501,0.07655978202819824,0.0011964491568505764,107.21235728123325,3.6978355812762365,8.135420005823688,35.076666254482504,4.5575355898514,102.09317423024608,0.00031920912442728877,0.21685791015625,0.07341809861827642,0.08459041797323152,48522.0,0.00494412323643795
mango39_top_r_hor.jpg,0.05980363441170581,0.06888009595947478,0.030913501977920532,0.7304033655674185,6.059969440208831e-05,0.004518281260614579,1.151771069384913,0.448801668280316,0.5169167774169525,0.47588378439605067,0.0004130676679778844,0.0010447803651914,231.0,266.0,0.15444737672805786,118.70218657696094,149.18044387922546,48369.5,858.6833271980286,0.8243571351105539,0.990873706852402,265.00323486328125,233.4160919189453,0.8808046891932011,175.72415161132812,0.020674169063568115,0.007726818323135376,0.15051265060901642,0.1582394689321518,0.8150057792663574,0.5260515213012695,0.0010637155501171947,106.95042254676731,3.798521141073606,8.145606880630522,34.924741549064656,4.4286796095273235,101.89198391860847,0.00031920912442728877,0.21685791015625,0.0737373077427037,0.08490962709765881,48752.0,0.004967558963415006
mango39_top_r_ver.jpg,0.06742965782283192,0.07832378960156211,0.030185475945472717,0.6922886314782666,7.295065191154478e-05,0.0054092088134472934,1.1615629106016523,0.3853934557945686,0.44765874423956825,0.457600511663134,0.000385199673473835,0.0007170526660047472,229.0,266.0,0.18024614453315735,118.63936728203858,149.15799363978027,48045.5,856.340181350708,0.8233224093638476,0.9886413910180565,265.0928955078125,231.51231384277344,0.873325229630496,176.78822326660156,0.02333948016166687,0.010521858930587769,0.17525789141654968,0.18577975034713745,0.4720131456851959,-0.5510711669921875,0.0006308747688308358,106.92720852434643,3.681081858915466,8.270221748328835,35.21131210506753,5.3049893238065975,101.5778507413373,0.0003192090953234583,0.2168578803539276,0.07309888282907195,0.08490961935603991,48426.0,0.00493434046801145
mango40_bac_r.jpg,0.053222553108766626,0.06535396517705816,0.022225983440876007,0.6518348887726003,3.679625595534753e-05,0.003562295030185768,1.2279374317782077,0.3400862270661155,0.4176046082467063,0.4759649782993802,0.0002768710837699473,0.0006034671678207815,246.0,302.0,0.13211816549301147,120.56214801563638,162.71748492678725,59962.0,936.4650726318359,0.8592168906056951,0.9921241602965022,306.59716796875,251.5067596435547,0.8203166432026194,177.2845916748047,0.017732977867126465,0.007526397705078125,0.12856940925121307,0.1360958069562912,0.6023123860359192,-0.3729839324951172,0.000698761607054621,115.36271781620619,3.251682898498367,15.95399338632915,29.40545285894123,4.770248706768078,154.8132578016299,0.000270831398665905,0.18399201333522797,0.06662452407181263,0.08179108239710331,60372.0,0.004428264858699061
mango40_bac_r_hor.jpg,0.05665595445376603,0.07013606589271726,0.02538551390171051,0.6637169451149127,4.6033111208928525e-05,0.004074204074090807,1.2379292974395417,0.3619466472576483,0.44806435875025813,0.4563493189874044,0.00028430952806957066,0.0005941104027442634,244.0,302.0,0.14083856344223022,120.61461821557641,162.7975365538278,59894.0,954.2396771907806,0.8265673402918096,0.9912368532110851,308.0965576171875,249.83387756347656,0.8108947386354677,2.928575277328491,0.019436359405517578,0.008620351552963257,0.13706475496292114,0.1456851065158844,0.5706214904785156,-0.5366389751434326,0.0006516496650874615,115.94365239879315,3.3428922176252716,15.86152524369778,29.309306720599448,5.1908520222410575,154.67343589403535,0.00027083055465482175,0.1839914470911026,0.06608265533577651,0.08179082750575617,60322.0,0.004424569799044057
mango40_bac_r_ver.jpg,0.06101588392652153,0.07392596078354881,0.027479901909828186,0.6744576889480903,5.622276231242447e-05,0.004638535000264889,1.2115855089893355,0.37172194474804116,0.4503729216300611,0.4535833627396433,0.00030504848109558225,0.0004652427160181105,247.0,299.0,0.14966261386871338,120.59704134108061,162.89362519201228,59464.5,952.9675977230072,0.8228323674659319,0.9910006749493788,305.0978088378906,249.41822814941406,0.817502521894344,3.4836833477020264,0.023371055722236633,0.010930955410003662,0.14460507035255432,0.15553602576255798,0.5269089937210083,-0.6784801483154297,0.0003815813979599625,115.73463901689708,3.3083961575569507,15.863090362415564,29.32952648099913,5.160592165978282,155.2603519668737,0.0002708305837586522,0.1839914619922638,0.0668951541883871,0.08097834454383701,59892.0,0.004393030591792442
mango40_bot_r.jpg,0.05794711458376989,0.06237929643913086,0.025580570101737976,0.7249149062795728,4.270071348237312e-05,0.003721684511444357,1.0764866704269407,0.41008109359968914,0.44144683105416793,0.46179861361419516,0.0003785748849622905,0.0005121970316395164,195.0,210.0,0.18404492735862732,123.45989012754201,167.17290455231793,30802.0,718.2152903079987,0.7503769537093012,0.9782760592009146,209.63392639160156,187.62588500976562,0.8950167954173394,170.92294311523438,0.019607171416282654,0.008749604225158691,0.18065527081489563,0.18940487504005432,0.6665078401565552,-0.3989734649658203,0.0004972222959622741,121.43602017541042,3.255830590496106,17.015444321147104,26.2243389982973,5.454191695176873,178.099013717994,0.0003333326312713325,0.22645285725593567,0.06499986309790984,0.06999985256697983,31127.0,0.003458540986848298
mango40_bot_r_hor.jpg,0.056718333106219515,0.0613625918296124,0.02435348927974701,0.7158561400129646,4.273693126344829e-05,0.0036682118775335218,1.0818828493195547,0.3968784328303826,0.4293759697440138,0.5042140999852404,0.0003948174708057195,0.0006396622629836202,195.0,211.0,0.1793639063835144,123.51978214598724,166.36180668586454,31633.5,709.9137743711472,0.7887618632761311,0.9872665137399934,210.2068328857422,190.77162170410156,0.907542438488645,2.2708377838134766,0.019220128655433655,0.008471086621284485,0.17593035101890564,0.18440143764019012,0.8848647475242615,-0.093292236328125,0.0005996628315187991,120.10967822711906,3.222006005892527,17.417564947210966,26.444284462251158,5.956884196950913,175.3860961562539,0.0003333326312713325,0.22645285725593567,0.06499986309790984,0.07033318519825116,31948.0,0.0035497628248089895
mango40_bot_r_ver.jpg,0.06003323306333496,0.06272380893459537,0.028369218111038208,0.7564694914218912,4.7763166623083986e-05,0.004016605824033419,1.044818107137789,0.45228787270588,0.47255855904193483,0.4471174192453752,0.000405847531510517,0.00048064388101920485,191.0,200.0,0.19545626640319824,123.50510086169896,167.8487239591931,29976.5,699.6295045614243,0.7695813878257808,0.98375531234104,200.11007690429688,190.831787109375,0.9536340701155233,15.748483657836914,0.022807568311691284,0.010496601462364197,0.19063468277454376,0.20113128423690796,0.44904661178588867,-0.6544969081878662,0.00036971981171518564,120.55297302651128,3.3388605485279963,16.5838464853731,26.030968338340653,5.537946829463046,181.87341939317903,0.0003333326312713325,0.22645285725593567,0.06366653257282451,0.0666665262542665,30289.0,0.0033654302679554113
mango40_fro_r.jpg,0.05929502327340816,0.07338579358060125,0.02660273015499115,0.6641102058062262,5.4512840824020784e-05,0.004496064554617388,1.2376383299863267,0.36250517786896697,0.4486503029491446,0.4709148294853675,0.00032760860631242394,0.000701629149261862,237.0,293.0,0.1508691906929016,118.61308550456049,168.26430829608634,54636.5,908.2813059091568,0.8322465114410049,0.9920021061423099,296.591064453125,236.2830047607422,0.7966625872442147,178.878662109375,0.021157994866371155,0.009339511394500732,0.14696703851222992,0.15630654990673065,0.7121553421020508,-0.32521820068359375,0.0006244663381949067,114.49958210690795,3.3775412251033066,13.275295740647374,29.60207493004833,1.9492173907513148,194.54771248955268,0.0002818874781951308,0.19150307774543762,0.066807332332246,0.08259303111117333,55038.0,0.004373349770890372
mango40_fro_r_hor.jpg,0.060133505928463046,0.07521006499350885,0.02795793116092682,0.6673544223577793,5.677883035796775e-05,0.00459417917646146,1.2507181118456892,0.3717312458557213,0.4649310019307134,0.44904402460375703,0.00033816308132372797,0.0007668887265026569,237.0,296.0,0.15322816371917725,118.74859858861092,168.10298786350526,54720.0,915.009228348732,0.8213060167002076,0.9910081225720573,297.6463317871094,236.4014434814453,0.794236038663936,1.8522449731826782,0.022805839776992798,0.010228365659713745,0.14878302812576294,0.15901139378547668,0.629582405090332,-0.4657282829284668,0.0006682995590381324,114.48213994158519,3.4670280288051014,13.37000525051222,29.544183008907353,2.8675796309469708,193.41548899733323,0.0002818874199874699,0.19150303304195404,0.06680731853703037,0.0834386763162911,55123.0,0.004380102108753879
mango40_fro_r_ver.jpg,0.06250008829710088,0.07732278650720419,0.02976606786251068,0.677634801117085,6.462414575513512e-05,0.004956254851136475,1.2371628363089988,0.38495855112176236,0.4762564129672022,0.44924703600274934,0.0003389937919564545,0.0004902628134004772,236.0,292.0,0.15948225557804108,118.66443382931605,168.01963798751808,54224.5,923.511754155159,0.7989517739856821,0.989552347756264,294.6953125,236.45091247558594,0.8023572226843138,3.3455071449279785,0.023511171340942383,0.010473057627677917,0.15509794652462006,0.16557100415229797,0.5907151699066162,-0.45566225051879883,0.00034220004454255104,113.5679276707114,3.248310028512538,13.625815214157258,29.788228188656454,2.8887211028099955,193.76264206885193,0.0002818874781951308,0.19150307774543762,0.06652544485405087,0.0823111436329782,54639.0,0.0043416450112954506
mango40_sia_r.jpg,0.06623586463850312,0.07268956516269687,0.022800356149673462,0.6587140088972165,5.164422930359715e-05,0.004589506454877222,1.0974351366803505,0.31366752708783907,0.3442297654618302,0.47045153409490587,0.00032294937409460545,0.0006057440186850727,229.0,251.0,0.18120475113391876,121.72638003648566,173.81653566361118,44048.5,811.1097338199615,0.841359807138033,0.9903546737114272,254.273193359375,220.98007202148438,0.8690655475788356,156.26625061035156,0.01740218698978424,0.007837444543838501,0.17797015607357025,0.18580760061740875,0.6063183546066284,-0.4730370044708252,0.0005840175435878336,119.64014324001711,2.4832893052093055,11.368074335970261,27.09450237607261,3.3616751212683336,213.10247516947817,0.0003202226071152836,0.21754641830921173,0.07333097702939995,0.08037587438593619,44401.0,0.0045529903465004
mango40_sia_r_ver.jpg,0.06835573399812334,0.07457523626458291,0.02609357237815857,0.6844994003772721,5.6629535586656754e-05,0.004902572931665957,1.09098727937923,0.34989593979403677,0.381732019421735,0.4257355046571519,0.00032855983590707183,0.0003856534312944859,226.0,247.0,0.18979011476039886,121.80454660036207,174.08797580035292,43284.5,804.4823147058487,0.8404449397118995,0.989721955457996,251.7274932861328,218.7796173095703,0.8691129222857218,21.04273223876953,0.02130161225795746,0.010598346590995789,0.1847841441631317,0.1953824907541275,0.2559177875518799,-0.9342184066772461,0.0003433887322898954,119.57002085386254,2.2118476023124964,11.050912953536459,26.99106263033664,1.1261242360355377,213.68524417352248,0.0003203854139428586,0.21765702962875366,0.07240710355108604,0.07913519724388607,43637.0,0.0044791989992741775
mango40_sib_r.jpg,0.0620879155236682,0.06803487099836977,0.02545858919620514,0.6989714341244387,4.7964322700075487e-05,0.004190260762194186,1.095782817389554,0.37419912498717267,0.41004097144314994,0.44601076160806924,0.0002972297079395503,0.0006305144634097815,272.0,298.0,0.13793805241584778,121.47606507585182,159.91135273115015,61457.5,995.8792845010757,0.7787021192227779,0.9789577642027127,306.0943908691406,256.6830749511719,0.8385749056764233,29.665807723999023,0.01923598349094391,0.008559942245483398,0.13397462666034698,0.14253456890583038,0.6427487134933472,-0.3712446689605713,0.0005797072080895305,113.24799263292243,3.5186967362891015,15.857057836164774,29.69775594939981,14.100433708767346,144.97321356447,0.0002706105588003993,0.1838419884443283,0.07360607199370861,0.08064194652251899,61897.0,0.004532721923447362
mango40_sib_r_ver.jpg,0.06860498259097576,0.07181303732244546,0.024149104952812195,0.6848834979011516,5.2241921539344674e-05,0.004575298606613048,1.0467612498438514,0.3362774484023153,0.3520022021839088,0.4390956650903819,0.0002710903063416481,0.00038411657442338765,276.0,289.0,0.15283367037773132,121.44860551213492,160.14718222953516,60345.5,974.9087220430374,0.797860275103453,0.9895868351358221,302.7803955078125,252.75665283203125,0.8347853975423897,146.2240447998047,0.019757062196731567,0.009284332394599915,0.14870239794254303,0.15798673033714294,0.509174644947052,-0.6810436248779297,0.00034382217563688755,112.52171122994652,3.54660159539592,15.831891674513514,29.75972027972028,14.498203803835583,146.66385849444674,0.0002707351231947541,0.18392661213874817,0.07472289400175214,0.07824245060328394,60775.0,0.004454655983748462
mango40_top_r.jpg,0.05594697658953468,0.06337331281558163,0.02240416407585144,0.6783141060418512,3.701833922033313e-05,0.0035060909598682304,1.132738830205815,0.35352679354239025,0.40045352656361977,0.46602064219166567,0.00029259748407639563,0.0006623436347581446,249.0,282.0,0.1371317207813263,120.36850964177248,159.81816019612864,54274.0,888.6072076559067,0.8637380089195026,0.9936380363043856,279.2062072753906,247.04710388183594,0.8848195256567665,178.53518676757812,0.015809252858161926,0.0069923847913742065,0.13416127860546112,0.14115366339683533,0.6292933821678162,-0.27962470054626465,0.0007725789910182357,113.52848622342566,3.480476377014991,12.353850278799342,29.625233268688937,5.220350883260267,152.16504445826777,0.00028021421167068183,0.19036632776260376,0.06977333870599978,0.07902040769113228,54658.0,0.004291746401709793
mango40_top_r_hor.jpg,0.05419043814425641,0.06200104273655647,0.021160408854484558,0.6681637498941454,3.649198659388532e-05,0.00343188490931039,1.144132523370784,0.34129117705964257,0.3904823356134338,0.5132769905836663,0.00028536643367260695,0.0007708934135735035,247.0,282.0,0.13289345800876617,120.43612020558594,159.77387375852797,54278.0,899.8376549482346,0.842374816906777,0.9909627006006609,280.42523193359375,245.9197235107422,0.8769529111737611,1.3190826177597046,0.016680419445037842,0.00712209939956665,0.13015852868556976,0.1372806280851364,0.9705104231834412,0.04458761215209961,0.0009320401004515588,113.76922795529786,3.5691730685734746,12.325864535066248,29.60450313683171,5.676725715318434,151.6410111023723,0.0002802254166454077,0.19037394225597382,0.0692156779114157,0.07902356749400496,54673.0,0.00429326753246323
mango40_top_r_ver.jpg,0.06123316187799342,0.06877534693344775,0.02577701210975647,0.6936140693048234,5.144562942649211e-05,0.0043456907688889474,1.1231715760568117,0.37480017563125145,0.42096490397012254,0.473910612469084,0.00031531674903817475,0.0006151258712634444,247.0,276.0,0.15108931064605713,120.38538963446281,160.01577444946986,53558.0,899.2934989929199,0.8322068901034165,0.9905949155207013,276.6482849121094,246.7704315185547,0.8920005833289485,6.366238594055176,0.020888537168502808,0.009481891989707947,0.14701198041439056,0.1564938724040985,0.6631173491477966,-0.3829071521759033,0.0006015608669258654,113.67361162601023,3.583946425724363,12.191086566825394,29.654926966708683,6.511002887789964,152.87899458738045,0.00028022544574923813,0.190373957157135,0.06921568510006182,0.07734222302678972,53948.0,0.004236336856426238
mango41_bac_r.jpg,0.05602650184252747,0.06436318509171889,0.03174446523189545,0.7543892464907913,4.9742776172275065e-05,0.003972005273343305,1.148798925062699,0.49320842631791634,0.5665973099858878,0.4345412105661909,0.00037248636363074183,0.0008232983527705073,245.0,282.0,0.13370588421821594,117.81813140089474,155.73736458756977,53692.5,913.7960253953934,0.8080253022683973,0.9900702550201914,282.7969970703125,242.96859741210938,0.859162579267769,1.3100665807724,0.02471456676721573,0.010249748826026917,0.12906748056411743,0.13931722939014435,0.6338967084884644,-0.23873043060302734,0.0007708866614848375,79.57429659481643,5.385241661953913,15.594238485524855,33.906643990091325,6.6617078600710435,176.93063925758864,0.0002792910672724247,0.1897391825914383,0.06842631148174405,0.07876008097082376,54094.0,0.0042195213429654516
mango41_bac_r_hor.jpg,0.05577826311831984,0.06455910120999903,0.03258005529642105,0.7582875942421111,5.297643960097911e-05,0.004066145230711065,1.157424014316344,0.5046547223519121,0.5840994945882501,0.45155274633636305,0.00038328178925439715,0.00086644955445081,244.0,283.0,0.13262873888015747,117.95331577687335,155.58595605974108,53893.5,912.8254622220993,0.8127757947490815,0.9900250750874873,284.2586975097656,242.30825805664062,0.8524216151673466,0.05771609768271446,0.02317734807729721,0.00993521511554718,0.12801125645637512,0.1379464715719223,0.6170657873153687,-0.20972657203674316,0.0008471567998640239,79.33391650245852,5.423961631638281,15.562700280102694,33.77877018839432,7.179985244044554,174.92455019244582,0.00027927066548727453,0.18972530961036682,0.06814204237889498,0.07903359833289869,54301.0,0.004235049271977194
mango41_bac_r_ver.jpg,0.05983048554262461,0.0682931471251046,0.03134359419345856,0.7380838284950776,5.746658108074185e-05,0.004400495547508025,1.1414439730135735,0.45895665250337586,0.5238733048744634,0.44871120041451046,0.00036270322743803263,0.000566707574762404,246.0,282.0,0.14338478446006775,117.92596623927682,155.54382437044552,53800.0,910.7249561548233,0.8151127091963355,0.9909287654832619,282.36627197265625,242.3889923095703,0.858420485620332,178.77626037597656,0.025128141045570374,0.010730594396591187,0.13856828212738037,0.14929887652397156,0.6884860396385193,-0.31228113174438477,0.0005348569247871637,79.17717922700858,5.3607914615252605,15.607832929756038,33.903698920763766,6.4077271352111165,175.16828705838944,0.000279270694591105,0.1897253394126892,0.06870059086941183,0.0787543358746916,54205.0,0.0042275629110752715
mango41_bot_r.jpg,0.05973816651445596,0.06453159567472287,0.028156816959381104,0.7392027028686506,4.568609990429817e-05,0.003933931612605966,1.080240647477973,0.43632606113302996,0.47133714678985794,0.4208973916389442,0.0003156802267767489,0.000434795452747494,250.0,270.0,0.1439751386642456,117.80101940795922,159.62621054695157,50607.5,905.310743689537,0.7759422487290679,0.9815834901177338,264.39764404296875,242.167724609375,0.9159223997095033,167.87571716308594,0.022990718483924866,0.010978132486343384,0.139112651348114,0.1500907838344574,0.47553226351737976,-0.7519164085388184,0.0003862676676362753,88.26604587335817,4.697637430847071,15.893537909320854,33.18268966869241,8.277388717887513,195.11117427955304,0.0002751770953182131,0.18694430589675903,0.06879427382955328,0.07429781573591754,51010.0,0.0038626013475140937
mango41_bot_r_hor.jpg,0.05704696506026692,0.06165512281659073,0.02414657175540924,0.7129349354904142,3.723326639602523e-05,0.00348459775488169,1.0807783157518642,0.39163934239883885,0.42327530885998477,0.43840343264766674,0.00028214085614308715,0.0004212239000480622,250.0,270.0,0.13864734768867493,117.7858195872181,159.84610327516137,49779.0,940.5239462852478,0.7071577691640029,0.972759072166963,259.5502624511719,241.75320434570312,0.9314311689096564,176.40623474121094,0.02062813937664032,0.008767589926719666,0.13476543128490448,0.14353302121162415,0.6252524256706238,-0.4565737247467041,0.0005080266273580492,87.15409594389992,4.757897391108086,15.826942657052985,33.0312574707148,8.161270874002158,196.03456450713205,0.00027516609407030046,0.18693684041500092,0.06879152351757511,0.07429484539898112,50196.0,0.0038006593766431495
mango41_bot_r_ver.jpg,0.06205590465511851,0.06546722113071918,0.026234090328216553,0.7242143105781151,4.8058521872188475e-05,0.004015539790902955,1.0549716661864714,0.40072100014501355,0.42274930119889415,0.4509178021297741,0.000305343943182379,0.0004531495796982199,252.0,266.0,0.14890919625759125,117.85716821489852,159.63582036565884,50302.5,897.1686078310013,0.785328386147369,0.9856471049279906,257.1727294921875,247.86651611328125,0.9638133740024369,7.893923759460449,0.01941165328025818,0.009244829416275024,0.14487044513225555,0.15411527454853058,0.6438480615615845,-0.37674760818481445,0.0004317253187764436,86.85071889237324,4.7645997118149905,15.90012961918943,33.01688263021912,8.520528349706666,194.9706920695028,0.00027516618138179183,0.1869369000196457,0.06934187770821154,0.07319420424755663,50703.0,0.0038390500172573528
mango41_fro_r.jpg,0.060552304208777,0.06862938036906147,0.03504617512226105,0.7666263016316042,6.288087991357449e-05,0.004618259285579064,1.1333900710439637,0.5106584808692236,0.578775251911572,0.4317548568132515,0.0004229435289744288,0.000839002022985369,237.0,269.0,0.1492384821176529,116.97175499192707,160.9345377996689,48545.0,873.695520401001,0.7991607603695579,0.9877409837733354,268.33441162109375,234.1820526123047,0.8727246393689734,167.65992736816406,0.029073566198349,0.012182801961898804,0.1441657990217209,0.1563486009836197,0.6807820200920105,-0.3779866695404053,0.0006317851948551834,90.00782766866276,4.508708774140022,14.888177085529621,32.87457336140121,4.209783402096257,194.807680516667,0.0002863954287022352,0.19456559419631958,0.06787571660242975,0.07704037032090127,48929.0,0.004013271151243029
mango41_fro_r_hor.jpg,0.05927850844121827,0.06608919675268489,0.03254787623882294,0.7615872395519474,5.4882733723902586e-05,0.004270970740481123,1.1148930445545915,0.4924840645381376,0.5490670581075441,0.43041295895755766,0.00040006215567700565,0.0007997721550054848,238.0,265.0,0.14698858559131622,116.96139645553004,160.9013578930095,48359.0,889.2102382183075,0.7685608655062327,0.9885828180099147,271.9321594238281,231.84573364257812,0.8525866676961437,9.956308364868164,0.02638058364391327,0.011628806591033936,0.14210450649261475,0.15373331308364868,0.6421035528182983,-0.44251537322998047,0.0005987928016111255,89.84977026583525,4.490014054405255,14.89797696173054,32.861564653757796,4.232346440997471,193.29001887102066,0.00028654836933128536,0.19466949999332428,0.06819851190084592,0.07593531787279062,48752.0,0.004003025158298846
mango41_fro_r_ver.jpg,0.06271482059697862,0.07031482872055266,0.029672294855117798,0.7220088006458472,5.477691334595775e-05,0.004424142797716818,1.1211836062230587,0.42199199507464263,0.4731305068350511,0.4186290025534845,0.00034532631980255246,0.00039866933366283774,237.0,266.0,0.16081002354621887,116.87154610046952,161.105933435825,47750.0,867.8965309858322,0.7966129001409054,0.9851861021705043,262.6142578125,232.82728576660156,0.8865751909511113,9.332985877990723,0.02392585575580597,0.010927259922027588,0.15590469539165497,0.16683195531368256,0.4371277689933777,-0.6671719551086426,0.00030837624217383564,89.84698965388291,4.386277573750531,14.832366751430083,33.011031703162004,4.803456511782042,194.8785473885403,0.0002865483984351158,0.19466951489448547,0.06791197042912245,0.0762218739837408,48134.0,0.003952282000937562
mango41_sia_r.jpg,0.064893367314677,0.06673196282411487,0.024001896381378174,0.7045730426339467,4.894451701696678e-05,0.0042603980102580066,1.0283325644132821,0.3596761636494923,0.36986671172401375,0.4708952192319857,0.0003331072221044451,0.0006571993581019342,243.0,250.0,0.1648583561182022,115.73921761017021,160.0161042617636,46519.5,832.7665882110596,0.8429432116279681,0.9888403532825304,265.8204650878906,225.5609130859375,0.8485460779378227,139.78707885742188,0.01807953417301178,0.00781606137752533,0.16130295395851135,0.16911901533603668,0.628940999507904,-0.2701904773712158,0.0006486120983026922,84.52214069365641,5.5094453617224,15.383034379163139,34.33345420417218,3.590559074387266,198.61801970905677,0.0003021476441062987,0.2052670121192932,0.07342187751783058,0.07553691102657467,46882.0,0.004280007747969367
mango41_sia_r_ver.jpg,0.0698692953627288,0.07176056405107367,0.02604880928993225,0.7070240453334309,5.7959038727147904e-05,0.0048915074457895,1.0270686669806284,0.3629961613929442,0.37282198360093627,0.4437732199887322,0.0003362059942446649,0.00046860016300342977,242.0,249.0,0.17957577109336853,115.6697342171311,159.91616792157367,46237.5,853.511753320694,0.7976000938767005,0.9874743721168632,267.3554382324219,225.3741455078125,0.842975729230862,36.5848503112793,0.021157115697860718,0.010173633694648743,0.17483718693256378,0.18501082062721252,0.3587729036808014,-0.807776689529419,0.00040625291876494884,84.44136259304545,5.450011385972922,15.473395513879654,34.57920930132784,3.594989546468593,196.8401656048223,0.00030227709794417024,0.2053549587726593,0.0731510577024892,0.07526699738809839,46617.0,0.004259462602223213
mango41_sib_r.jpg,0.06485993814230442,0.0680604296395563,0.03095775842666626,0.7568077222597981,5.97248845642964e-05,0.004622846574701941,1.049344658489034,0.4548569350886642,0.47730169521198307,0.4370333664647488,0.00040327152237296104,0.0007370285457000136,235.0,247.0,0.16698069870471954,118.3450312322544,154.88004542873367,43654.5,839.6538897752762,0.7781051216074647,0.9835638968997837,254.8879852294922,218.2430877685547,0.8562313659941887,38.71316146850586,0.024075955152511597,0.009969845414161682,0.1624123454093933,0.172382190823555,0.6215619444847107,-0.32630300521850586,0.0006092977127991617,81.45256104486087,5.850853013872319,14.946182858963905,35.72143100511073,21.002273817488224,169.1712208972175,0.00030759614310227334,0.20896850526332855,0.07228509362903424,0.07597624734626152,44025.0,0.0041654424237426305
mango41_sib_r_ver.jpg,0.06736170972539073,0.06972983991880771,0.026904165744781494,0.7196672920438221,5.7136631378283474e-05,0.004670175149143159,1.035155434787374,0.3858343253922319,0.3993984988572889,0.4521300081657191,0.0003551080299075693,0.0005513083888217807,233.0,242.0,0.1784811019897461,118.25693868142001,154.9551867219917,43010.0,830.7838329076767,0.7830747733750375,0.9856766357281999,253.87632751464844,217.72998046875,0.857622223388225,143.37437438964844,0.02136071026325226,0.009805604815483093,0.17408300936222076,0.18388861417770386,0.5613723397254944,-0.521493673324585,0.0004983266699127853,82.12402028584602,5.779704402046189,14.834320046585429,36.545573997233745,22.34679560616474,168.65603964960812,0.0003075961139984429,0.20896849036216736,0.07166989456163719,0.07443825958762318,43380.0,0.004104414722270391
mango41_top_r.jpg,0.057727428705019596,0.06230576161261835,0.02271437644958496,0.6964269007344699,3.765268174002923e-05,0.0035617272936679634,1.0793094896187652,0.3645630173146744,0.3934763241517783,0.4608766140577004,0.0002921171544585377,0.0005815622862428427,252.0,272.0,0.1402563750743866,117.94872081539866,151.21098626716605,53281.5,886.2224313020706,0.8525126463420846,0.9925948695020399,273.6362609863281,247.70115661621094,0.9052205132586101,164.10031127929688,0.017150655388832092,0.007520586252212524,0.13699662685394287,0.1445172131061554,0.5591493248939514,-0.3944995403289795,0.0006086264620535076,69.22419736523375,5.826084360879135,14.06723697201846,35.12365140589189,8.262664691392434,166.52266756107105,0.0002762022486422211,0.18764075636863708,0.06960296665783972,0.07512701163068414,53667.0,0.004094131038213422
mango41_top_r_hor.jpg,0.05546070010635126,0.060220232612426636,0.0198061466217041,0.6715837202826379,3.279982988336411e-05,0.003285275855920602,1.0858181107874316,0.32889521947175343,0.357120385853837,0.4958425874794418,0.00027619977481663227,0.0006453043897636235,251.0,273.0,0.13544689118862152,118.03077639173338,151.22299385589275,53324.5,884.5655770301819,0.856399857761047,0.9919453099567502,272.7535705566406,248.77749633789062,0.9120962040210173,12.755069732666016,0.014729112386703491,0.006040975451469421,0.13315093517303467,0.1391919106245041,0.8891798257827759,0.05260968208312988,0.0007651950581930578,70.02794637870043,5.796679380309223,14.027387767152547,34.88819586669149,8.710381345248837,163.63878234965557,0.00027632262208499014,0.18772253394126892,0.06935697814333253,0.07543607582920231,53710.0,0.004100983624171893
mango41_top_r_ver.jpg,0.0641012921827585,0.06890018638161993,0.02765814960002899,0.720139065398784,5.398759076189386e-05,0.004449125675932843,1.0748642349545676,0.40142343660491436,0.43147569507917466,0.44196069189661064,0.0003276036586612463,0.0006072477553971112,254.0,273.0,0.15348196029663086,118.03527032542951,151.0734721139931,53500.5,903.5950145721436,0.8234174238910579,0.9898151745573625,272.280029296875,249.9308319091797,0.917918337803147,15.3836669921875,0.02254544198513031,0.010226845741271973,0.1484605371952057,0.15868738293647766,0.4878927767276764,-0.6199681758880615,0.0005468246527016163,69.17950573305131,5.798219913995326,14.102120782919922,35.128576199487924,8.866246042094037,164.07315670340273,0.00027632262208499014,0.18772253394126892,0.0701859460095875,0.07543607582920231,53898.0,0.004115338212169367
mango42_bac_r.jpg,0.05219855713840088,0.0674994721406833,0.020882919430732727,0.6207970617852887,3.570072912256087e-05,0.003511639468255131,1.2931290794439605,0.3093790035455132,0.40006698605409924,0.48520693315130786,0.00023357819009106606,0.000497318513225764,279.0,361.0,0.11198443174362183,114.6410662806225,154.34083789888805,79646.5,1102.5899621248245,0.8232817552073024,0.991133538247116,364.43438720703125,279.9092102050781,0.7680647601623408,179.1009521484375,0.01634109765291214,0.0067545026540756226,0.10893494635820389,0.11568944901227951,0.8267786502838135,-0.021416664123535156,0.0005812998861074448,106.1947609479714,6.962180714777529,14.505781817972636,40.62812464900348,9.99684512520326,116.98563566249423,0.0002624683256726712,0.17831048369407654,0.07322866286267526,0.0947510655678343,80129.0,0.005520056519748834
mango42_bac_r_hor.jpg,0.05431905747674233,0.06951136375043507,0.02314961701631546,0.6384518347239206,3.92141530888748e-05,0.003686491148161889,1.2796864853591687,0.33303356123797195,0.4261785474872678,0.4486327717323661,0.00024478670093230903,0.000610856746789068,282.0,361.0,0.11487828195095062,114.78684558401716,154.302883296336,79698.0,1103.2346218824387,0.8228516078611327,0.9919719203913222,362.4471435546875,281.5445556640625,0.7767879004448048,179.5846405029297,0.017835281789302826,0.007159247994422913,0.1116432398557663,0.11880248785018921,0.7368023991584778,-0.05387544631958008,0.0007935150642879307,106.49680742274212,6.931351463606486,14.516449975751975,40.477277829047466,10.058846570841311,116.49521113411319,0.00026246829656884074,0.17831045389175415,0.07401605963241309,0.09475105506135151,80186.0,0.005523982003146812
mango42_bac_r_ver.jpg,0.05725030719293382,0.07314273911636643,0.02145807445049286,0.6123626722859199,4.191058029587365e-05,0.004047738660177059,1.2775955746381418,0.29337258502657576,0.3748115163501052,0.4664272173950596,0.00022477848688140512,0.0004657162062358111,281.0,359.0,0.12335370481014252,114.721521524029,154.34286895204218,79355.0,1113.3767584562302,0.8044514846213108,0.9892911461839579,361.713134765625,279.2973937988281,0.7721516498973728,178.66586303710938,0.017605289816856384,0.00705505907535553,0.12037619948387146,0.127431258559227,0.7432977557182312,-0.20763659477233887,0.0005455100326798856,106.01325133703236,6.881030749867693,14.477623083612464,40.48453801931338,9.720170880683401,117.14650367605616,0.00026246835477650166,0.17831049859523773,0.07375360769219697,0.0942261393647641,79841.0,0.005500217528402489
mango42_bot_r.jpg,0.06726855421776598,0.07195260803014727,0.04132910072803497,0.8128149001220007,9.697984405638903e-05,0.005784052237444953,1.0696321463550083,0.5743933661267508,0.6143896090622346,0.4848047786330807,0.0005860432866029441,0.0012602205388247967,220.0,236.0,0.174645334482193,111.10980999225987,157.2454620359042,39694.5,794.2569209337234,0.790711734937826,0.9898013889062052,234.1555633544922,216.0526885986328,0.9226886839820537,3.3493311405181885,0.027773767709732056,0.01050470769405365,0.17070001363754272,0.18120472133159637,1.1083446741104126,0.6527929306030273,0.000866645947098732,121.72887068987042,5.18387055549061,8.570175056263118,39.62108311902325,3.6424679518237135,125.97635514718733,0.00033553337561897933,0.22794795036315918,0.07381734263617545,0.07918587664607912,40051.0,0.004509047561124551
mango42_bot_r_hor.jpg,0.06124870213353151,0.06699542755377753,0.03166082501411438,0.7559787661320544,6.490005294432624e-05,0.0045937581371921,1.0938260766361594,0.47258187864686874,0.51692238220965,0.49955207836292204,0.000464662880403921,0.0010442525381222367,217.0,237.0,0.16740666329860687,110.98801641449107,157.32068679036277,39379.0,776.4406868219376,0.8208389897823627,0.9902929712058343,233.52127075195312,214.80117797851562,0.9198355990734479,178.82147216796875,0.02151542901992798,0.00875924527645111,0.16401900351047516,0.17277824878692627,1.0119266510009766,0.5075390338897705,0.0009773049969226122,121.48452959391757,4.998386728515497,8.482739917339973,39.75743309584351,3.5461824802155406,126.19080587094987,0.0003355358203407377,0.2279496043920517,0.07281127301394008,0.07952198942075484,39721.0,0.004471960453271119
mango42_bot_r_ver.jpg,0.06403985121377334,0.06841052068266676,0.028619900345802307,0.731628946675933,5.8343313080600873e-05,0.004528194679169413,1.0682492133578443,0.41835524799701984,0.4469076645769423,0.4653179005420478,0.00041203416185453534,0.000686648185364902,220.0,235.0,0.17731299996376038,110.96239935180027,157.3650681116119,39156.0,772.5828211307526,0.8243622380907325,0.9899127796738718,232.85379028320312,214.3917236328125,0.9207139096686527,178.3758087158203,0.021428659558296204,0.00959080457687378,0.17340320348739624,0.18299400806427002,0.7154871821403503,-0.2842395305633545,0.0006681243539787829,121.82511267534309,4.890716283311502,8.477890374854546,39.810376259685015,2.9946142123606783,126.15098495974073,0.0003355358203407377,0.2279496043920517,0.0738178804749623,0.07885091778007336,39494.0,0.004446403820183016
mango42_fro_r.jpg,0.061725685482619225,0.08087393793080475,0.03339928388595581,0.6805530197014604,8.008812973354805e-05,0.005544013762617632,1.3102153066178148,0.4129795672189481,0.5410921502906665,0.48034855068864446,0.00041881893412210047,0.000868347124196589,240.0,315.0,0.15031594038009644,109.64481277680848,157.64065226144143,59187.0,951.8376542329788,0.8209381323453282,0.9924709906767725,323.0509033203125,236.10693359375,0.7308660374171574,4.91823673248291,0.025046542286872864,0.010068029165267944,0.1457592397928238,0.15582726895809174,0.8512066006660461,0.1641554832458496,0.0007811794057488441,112.34299087370823,4.555043647396857,8.294085420548903,41.36833982015837,2.766007482172469,137.979415514696,0.00031038199085742235,0.21086110174655914,0.07449167780578136,0.09777032712008804,59608.0,0.0057424547186595626
mango42_fro_r_hor.jpg,0.0633699485169679,0.08384228005805247,0.0314205139875412,0.6567349961408748,7.825227679042634e-05,0.005594063986535137,1.3230605676695937,0.3747573893003101,0.49582672422604324,0.46874566327088885,0.000372830661945045,0.0007839968893676996,240.0,316.0,0.1578967422246933,109.59902229240512,157.62417054445882,59098.5,961.4528787136078,0.8033972000982165,0.9905468258956631,322.3421325683594,235.0497283935547,0.7291933155641932,174.94361877441406,0.02456514537334442,0.009810268878936768,0.15362493693828583,0.1634352058172226,0.7909265160560608,0.005271434783935547,0.0006562304915860295,112.40433752750853,4.651082793739835,8.317178947486225,41.43956523930317,3.11448347620283,137.85801401044904,0.00031038199085742235,0.21086110174655914,0.07449167780578136,0.09808070911094546,59527.0,0.005734651423259425
mango42_fro_r_ver.jpg,0.06458650913845802,0.08475045573529605,0.031128615140914917,0.6541427149960009,7.449596766723495e-05,0.005482606866872832,1.312200595229746,0.36729731859071024,0.4819677600810196,0.4372090183913865,0.0003386910248082131,0.0005172518431209028,239.0,314.0,0.16233287751674652,109.47901150404772,157.73598636557307,58240.5,966.8254626989365,0.7829586013894013,0.9903667930688523,321.46673583984375,233.48263549804688,0.7263041847488975,174.73948669433594,0.024371683597564697,0.010441288352012634,0.15781651437282562,0.16825780272483826,0.5989869236946106,-0.38506507873535156,0.00047407508827745914,112.01845760545378,4.46520401704114,8.325488878029114,41.554665530464426,2.5191534219942926,138.61821900298253,0.00031038199085742235,0.21086110174655914,0.07418129581492394,0.09745994512923062,58675.0,0.005652572316087603
mango42_sia_r.jpg,0.06257183365067585,0.06842294550407371,0.026547223329544067,0.7079427705766339,5.126871844030549e-05,0.00429052351306065,1.0935103146579221,0.3879871457443106,0.4242679458260901,0.451079105120555,0.0002836703206412494,0.0006718277581967413,305.0,334.0,0.12045518308877945,110.6078166944441,162.04273482525667,78127.5,1084.589962720871,0.8346081660275089,0.9922590395874875,352.0837707519531,286.26141357421875,0.8130491586216653,152.40997314453125,0.021109730005264282,0.009342312812805176,0.11619551479816437,0.12553782761096954,0.7475115656852722,-0.25232458114624023,0.000766142678912729,120.62148064273991,5.346657145312425,10.974407549840032,38.67730690449231,5.35236335107065,144.6931082301752,0.0002736199530772865,0.1858864426612854,0.08345408568857238,0.09138906432781368,78601.0,0.005884690135429215
mango42_sia_r_ver.jpg,0.07186345405108065,0.07791577040398115,0.023109734058380127,0.6491585261724717,6.0014890419851355e-05,0.005160300822217664,1.0842196695499566,0.2965989290558221,0.32157839284977446,0.4637998599970694,0.00024657335598021746,0.0003989624383393675,307.0,333.0,0.1425892859697342,110.7502592929306,161.9839814589549,77616.5,1098.5899605751038,0.8081512837943292,0.988575213179899,344.87921142578125,287.7730407714844,0.8344168950682426,32.30403137207031,0.018607810139656067,0.00823424756526947,0.13919027149677277,0.14742451906204224,0.7043641209602356,-0.3698110580444336,0.00038795912405475974,120.31626054778033,5.288933407621732,11.060150951649339,38.67015378311587,5.797800815943648,144.69185756175014,0.0002736195456236601,0.1858861744403839,0.08400120050646365,0.09111530869267881,78097.0,0.005846939310896748
mango42_sib_r.jpg,0.061936764107087955,0.07020386812828561,0.028668612241744995,0.7115591914892817,5.999478696625293e-05,0.004561565458078801,1.133476524651884,0.4083622883764466,0.46286906742782513,0.4812794201328946,0.00037987830000929534,0.000843021203763783,251.0,286.0,0.1456460952758789,112.69308470730324,157.4464654967336,54248.0,911.1513639688492,0.8211311660892398,0.9903245828617329,294.8074645996094,235.0435333251953,0.7972780934988128,25.772417068481445,0.019875243306159973,0.0077818334102630615,0.14261187613010406,0.15039370954036713,1.0157705545425415,0.620553731918335,0.0008281489717774093,114.66010942961188,6.02536470219982,12.382730892370196,38.20231668710085,4.440803791560625,129.318864713525,0.00031933505670167506,0.21694345772266388,0.08015309923212044,0.09132982621667907,54647.0,0.005572621182037564
mango42_sib_r_ver.jpg,0.07033004790449754,0.07999713163694794,0.03249673545360565,0.709486178206192,8.275152444106486e-05,0.005677817911476689,1.1374531088842355,0.4062237581353045,0.4620604765936398,0.45260665935202116,0.00038928541471250355,0.0007950766012072563,252.0,287.0,0.1652137190103531,112.69897504456328,157.6327614379085,53448.0,924.180801153183,0.7863709078554393,0.9851167162776124,299.53076171875,229.77688598632812,0.7671228312839582,152.471923828125,0.023580104112625122,0.009498894214630127,0.1611226499080658,0.17062154412269592,0.8850672245025635,0.273129940032959,0.0006290189339779317,114.26435308972074,5.76759138268879,12.306459764721593,38.237800802139034,4.5024863673252185,130.3080993761141,0.0003193350275978446,0.21694344282150269,0.08047242695465684,0.0916491529205814,53856.0,0.005491958052130942
mango42_top_r.jpg,0.0603857813635512,0.06794000506836236,0.030328556895256042,0.734815703347262,6.535644022910759e-05,0.0047063608093216155,1.1250993782680583,0.4464020405170554,0.5022466582433316,0.5252624780490491,0.00043770414777100086,0.0010437775636091828,230.0,259.0,0.15426687896251678,121.3487377425412,141.35364072605884,47555.5,843.5117539167404,0.839901465333764,0.9914831957301309,261.7165832519531,232.6168975830078,0.8888122208101303,173.05764770507812,0.01872415840625763,0.007951661944389343,0.15103848278522491,0.15899014472961426,1.06107759475708,0.9923477172851562,0.0009311783942393959,83.4942207385771,6.065519326079447,13.319940602132647,45.40369288545796,18.688530477920008,67.25622783225538,0.0003293812624178827,0.2237684428691864,0.07575769035611302,0.08530974696623161,47930.0,0.005200022328413669
mango42_top_r_hor.jpg,0.06399620699446633,0.07030051868379088,0.029207557439804077,0.7231762225267903,6.777988950764068e-05,0.004953031470733422,1.0985107084529193,0.4154671684739424,0.45639513357923883,0.5158136768685351,0.0003850716748274863,0.0008267209050245583,230.0,255.0,0.16705147922039032,121.55915330608823,141.30636068322332,47326.5,862.3990563154221,0.7996458846201944,0.9860303768985561,263.56878662109375,230.64645385742188,0.8750901683551741,6.7634406089782715,0.017964959144592285,0.006730973720550537,0.16414368152618408,0.17087465524673462,1.120105504989624,1.2645196914672852,0.0006556790904141963,83.73907576233889,6.178611856077524,13.324791578778651,45.17864403227497,19.09281380239114,66.59620664361312,0.00032919438672252,0.223641499876976,0.0757147089461796,0.0839445686142426,47715.0,0.00517082417487043
mango42_top_r_ver.jpg,0.0658870795746064,0.07393745627838573,0.02590787410736084,0.6784236960197906,5.859065050356482e-05,0.004873797516922536,1.1221844518797284,0.35040256199528647,0.3932163069699331,0.4642284779457133,0.00034712618798948824,0.0005676063010469079,230.0,258.0,0.17771275341510773,121.37547157881426,141.26869981242228,47086.0,827.6955184936523,0.8636950982009377,0.9921196797302992,260.02032470703125,231.0806427001953,0.8887022311065771,6.64737606048584,0.019655510783195496,0.00884769856929779,0.1736277937889099,0.1824754923582077,0.5548734664916992,-0.46776437759399414,0.000542332069016993,82.745379054524,5.982910963162823,13.354169101984485,45.38992981642675,18.68403813693429,66.83695491811916,0.00032919438672252,0.223641499876976,0.0757147089461796,0.08493215177441016,47447.0,0.005141781297811533
mango43_bac_u.jpg,0.049737765920075165,0.06075592369834348,0.020573556423187256,0.6520378349138418,2.7379237976920396e-05,0.0029201769084097246,1.2215249835703046,0.3386263457261567,0.41364054139961587,0.4403896285651538,0.00021345335699152201,0.00042689533438533545,295.0,360.0,0.10089369118213654,111.01522885416416,154.62211976019069,82584.5,1114.1879425048828,0.8359715528267245,0.9922026587852247,361.9681701660156,291.1789245605469,0.804432401962301,0.8191556930541992,0.01629648357629776,0.0072011202573776245,0.09749375283718109,0.10469487309455872,0.5470367670059204,-0.448793888092041,0.000513507635332644,98.46481111405389,4.9168362919071535,9.923700514756975,42.619146221077216,3.747703427378224,138.86139936917633,0.0002333802403882146,0.15854918956756592,0.0688471709145233,0.08401688653975725,83066.0,0.00452430071631969
mango43_bac_u_hor.jpg,0.05098894629776618,0.06312094881053218,0.02089531719684601,0.6442572624708355,2.8658129358949404e-05,0.003052048897490579,1.2379339718439621,0.3310361708846727,0.40980092184727945,0.4261370693634011,0.00021045828179921955,0.0004119770310353488,295.0,364.0,0.1041756421327591,110.94566970842463,154.70767823176752,82552.5,1172.8742314577103,0.7541143488614932,0.9899865087692999,364.2373352050781,289.78692626953125,0.7955991828964245,177.6222381591797,0.016514018177986145,0.00732758641242981,0.10069070011377335,0.10801828652620316,0.48224103450775146,-0.5891315937042236,0.000560214277356863,98.52144078202875,4.989437965998991,9.863635670075041,42.558784580935644,3.61980605412012,139.11116461608842,0.0002333784505026415,0.15854798257350922,0.06884664289827924,0.0849497559829615,83066.0,0.004524231319274648
mango43_bac_u_ver.jpg,0.05704679132013235,0.07049298498233814,0.025434598326683044,0.6634192991837967,4.2062944126808314e-05,0.0038908931467531715,1.2357046443988253,0.36081034634943643,0.4458550207311473,0.4112421877489593,0.00024080314324237406,0.00033608172088861465,294.0,363.0,0.11541265994310379,110.96246495184688,154.7661099597708,81517.0,1164.0041761398315,0.756047315089176,0.9900830160262833,361.45281982421875,285.7274169921875,0.7904971308043525,174.86776733398438,0.02085462212562561,0.009656459093093872,0.11106951534748077,0.12072597444057465,0.5066808462142944,-0.6527602672576904,0.00034682065597735345,97.77900768011703,5.029477207421019,9.893894342478411,42.4871510423016,3.689265306005141,139.91742045593077,0.00023337843595072627,0.15854796767234802,0.06861326016951352,0.08471637225011364,82030.0,0.004467804502909198
mango43_bot_u.jpg,0.05244778349005946,0.05768988745614318,0.024633921682834625,0.7294918383873725,3.3376551769203556e-05,0.0031099794945299085,1.0999490086569104,0.4270058890574495,0.4696847043594043,0.4477968964070064,0.0003103541093878448,0.0005802179803140461,260.0,286.0,0.11927645653486252,110.61067056328741,157.88971256481992,55728.5,912.9331104755402,0.840251508357858,0.9911517803151567,281.0773620605469,252.70066833496094,0.8990431192410533,172.2727508544922,0.019346587359905243,0.0077977776527404785,0.11607515811920166,0.12387293577194214,0.8143292665481567,-0.0994102954864502,0.0005240124883130193,107.87299748739241,4.437627068580538,9.758193824840834,40.62667284423615,3.066926944096303,146.2755849386104,0.0002609502407722175,0.17727914452552795,0.06784706260077655,0.07463176886085421,56117.0,0.0038212886952029962
mango43_bot_u_hor.jpg,0.05329928018268526,0.06022169079247281,0.023476608097553253,0.7013749782419735,3.270940381867052e-05,0.003165625915324367,1.1298781256718802,0.3898364158929863,0.44046763890781093,0.4340732167759103,0.00028800213476642966,0.0004648026078939438,258.0,291.0,0.12444338947534561,110.63355333571174,157.95899036746343,55655.5,934.5067020654678,0.8008535628003891,0.9891409630952699,281.6349182128906,250.45310974121094,0.8892828749022199,4.653107643127441,0.0187525674700737,0.008116178214550018,0.12120265513658524,0.12931883335113525,0.5974782705307007,-0.4639706611633301,0.00048046663869172335,107.71808776311096,4.51165906711879,9.659678857347814,40.507260078487334,3.0494206334274185,146.542329646807,0.00026095364592038095,0.1772814691066742,0.06732604064745829,0.07593751096283086,56060.0,0.0038175069061909634
mango43_bot_u_ver.jpg,0.05937382406447639,0.06735208567128365,0.025127440690994263,0.6902616204520502,4.3020349642561524e-05,0.0038284867415795455,1.1343733830946,0.37307591057581224,0.4232073828309825,0.42813389209814157,0.00030077635892666876,0.0004585662391036749,258.0,293.0,0.13916559517383575,110.62587381331235,157.96234780898575,55533.5,923.3351272344589,0.818551848422753,0.9903256295028176,284.3523254394531,249.7827606201172,0.8784270015519996,7.509982585906982,0.01972907781600952,0.008513465523719788,0.13549154996871948,0.14400501549243927,0.6474142074584961,-0.36962008476257324,0.00044757817522622645,107.2769384799671,4.4101306575422905,9.652234013357793,40.564300144816116,2.9396397185752066,146.82620277832407,0.00026095370412804186,0.17728149890899658,0.0673260556650348,0.07645943530951627,55933.0,0.0038088603111043787
mango43_fro_u.jpg,0.05816890552352186,0.07292255057347477,0.02766580879688263,0.6713827639146352,5.3519833556383674e-05,0.004283429470504069,1.2536345650166472,0.37938619232753407,0.47561164419185026,0.456056489825354,0.00031975837191566825,0.000710501684807241,265.0,333.0,0.12832549214363098,110.92711954459203,155.22914611005692,65418.0,1043.7199038267136,0.7546389120813267,0.9898095821701731,332.0804748535156,255.00140380859375,0.7678903853684191,6.13121223449707,0.020703889429569244,0.008110642433166504,0.12505218386650085,0.13316282629966736,0.9127572774887085,0.24687719345092773,0.0005847614374943078,109.47057305502847,4.8280664288219,8.17839801840998,41.45521062618596,2.927466212977082,129.91875521821632,0.0002573098463471979,0.17480601370334625,0.06818710928200744,0.0856841788336169,65875.0,0.004361475519168025
mango43_fro_u_hor.jpg,0.05801582761158007,0.07143834727766712,0.02912403643131256,0.691796595030343,5.332411400571157e-05,0.004240783712960378,1.2313596171712269,0.407680714086414,0.5020015680255391,0.44176793695878736,0.0003219546633772552,0.0007349610095843673,265.0,327.0,0.12724019587039948,110.90268047517515,155.22177886079805,65206.5,1020.5655763149261,0.7867177028624928,0.9917489239380066,326.3289489746094,255.85902404785156,0.7840524870741981,172.72515869140625,0.02022618055343628,0.00862574577331543,0.12395146489143372,0.13257721066474915,0.8020612001419067,0.1764659881591797,0.0006395925884135067,109.2679104477612,4.896202734977148,8.160664380721151,41.42660676210783,2.8511699774705552,130.00967103259214,0.0002574070240370929,0.174872025847435,0.06821286136982962,0.08417209686012939,65660.0,0.0043505249697117125
mango43_fro_u_ver.jpg,0.06503677118466084,0.08184567205274493,0.029759690165519714,0.661097192867472,6.668819264118199e-05,0.00512804608890111,1.2584522657245403,0.36360737738632376,0.4575825279059771,0.42098425259247124,0.0003251716261729598,0.0005470315809361637,265.0,334.0,0.14563702046871185,110.80901178464146,155.33425248401755,64459.0,1030.9503523111343,0.7621104645366539,0.9868867267340831,333.0680847167969,252.10055541992188,0.7569039694520099,172.51580810546875,0.024047046899795532,0.00964924693107605,0.1418514996767044,0.15150074660778046,0.7838588953018188,-0.13013458251953125,0.00034875026904046535,110.13184934144651,4.799583617120089,8.106579762157315,41.56358314719248,3.4459600761826947,130.25896942155126,0.0002574070240370929,0.174872025847435,0.06821286136982962,0.08597394602838904,64915.0,0.004301162479574106
mango43_sia_u.jpg,0.05830241932243712,0.06394550696478607,0.023487083613872528,0.6944354245218667,4.038718232608103e-05,0.0036774223966348526,1.0967899395587735,0.36729841905556476,0.40284921083598585,0.4612303208132965,0.00028090490377508104,0.0005502723506651819,283.0,311.0,0.12324031442403793,109.24928866179033,164.67682154721646,66694.5,1000.9331078529358,0.8365459014670048,0.9915259906785897,312.8444519042969,271.998046875,0.8694354182065139,150.97506713867188,0.01802155375480652,0.0072694867849349976,0.11986543238162994,0.12713491916656494,0.7906807661056519,-0.05269169807434082,0.0005501822452060878,109.47903228209215,3.9516353028946507,10.114915397519118,38.474160918855304,2.6812391977225483,176.4173581420293,0.0002655125572346151,0.18037860095500946,0.07514005369739607,0.08257440529996529,67127.0,0.004732246617892995
mango43_sia_u_ver.jpg,0.06305645123471558,0.06908264973613658,0.022319570183753967,0.6656191263324978,4.2326340675816775e-05,0.0040001817390480235,1.0955683103539973,0.3230850332030443,0.3539617239269244,0.43533780560691787,0.00024274169118143618,0.00036625631037168205,283.0,310.0,0.13642087578773499,109.3740485628589,164.72655884968424,65901.0,1024.7493423223495,0.7886177943353816,0.9884062753097159,309.4546203613281,271.1332702636719,0.8761648798363032,26.48790740966797,0.01777876913547516,0.007966667413711548,0.13292434811592102,0.14089101552963257,0.5898511409759521,-0.4686305522918701,0.00039093047962523997,109.08942378705895,3.9278046196075485,10.156451126738032,38.37421435784587,2.6051579654853074,176.7919423636336,0.00026551252813078463,0.18037858605384827,0.07514004546101205,0.08230888372054324,66347.0,0.004677257996430703
mango43_sib_u.jpg,0.060744630984411005,0.0665023196462298,0.028443828225135803,0.7310394024979651,5.4105240415165645e-05,0.0042519940224462335,1.094785145098608,0.42771182082741627,0.4682525478249327,0.47087603926961763,0.00038524228148162365,0.0007494393503293395,240.0,263.0,0.15119124948978424,112.03792895845876,155.3546264194814,47787.0,863.068102478981,0.8061753201719529,0.9893174336997702,265.4955749511719,232.5133056640625,0.8757709265279647,23.035781860351562,0.019996359944343567,0.008588582277297974,0.1474270522594452,0.15601563453674316,0.7580560445785522,-0.05025935173034668,0.0007159510860219598,102.4937407876435,5.0705699034912675,9.4698542161786,40.3485644294048,3.4465685837356435,137.31536880566338,0.00030559086007997394,0.20760619640350342,0.07334180641919374,0.08037039620103315,48169.0,0.00449829933645826
mango43_sib_u_ver.jpg,0.06698950222775417,0.07516194320951944,0.028623297810554504,0.6975523511411105,6.268386486115232e-05,0.004953044506503093,1.1219958457667025,0.38082168432986035,0.4272803477959819,0.4349419988897145,0.0003727935254573822,0.0005073231877759099,238.0,267.0,0.17230528593063354,112.05121507825396,155.29836805483,47482.0,858.1807994842529,0.8101795568222642,0.9891156037454822,267.9621887207031,227.70803833007812,0.8497767517767894,152.67489624023438,0.022806167602539062,0.010187014937400818,0.1676073968410492,0.17779441177845,0.5288176536560059,-0.5408082008361816,0.00042117328848689795,101.97500888062352,4.9524632284588535,9.522115168337502,40.40006686587124,2.8428198740335486,137.3352487619366,0.0003055908891838044,0.2076062262058258,0.07273063162574545,0.08159276741207577,47857.0,0.0044691638263111575
mango43_top_u.jpg,0.050379799808771664,0.05794140789701699,0.02265647053718567,0.6979487522724351,3.2974492986016314e-05,0.0030988678232301294,1.1500920630281815,0.391023818017237,0.4497133895566003,0.4985863560115378,0.0003300866228528321,0.000901068386156112,231.0,266.0,0.13138699531555176,113.12592807064712,152.517982338221,47983.5,843.4528797864914,0.8475788992286472,0.9926662253299682,264.93939208984375,230.1310577392578,0.8686177465871815,0.6997548341751099,0.01401318609714508,0.00537361204624176,0.1292331963777542,0.13460680842399597,0.9457664489746094,0.7966504096984863,0.0010341508314013481,105.5725394494654,4.091876568196349,7.860438892543854,40.9731143879387,3.5970694494499895,121.75418278079954,0.00029633898520842195,0.2013208419084549,0.06845430558314547,0.07882617006544024,48353.0,0.0042462054477456395
mango43_top_u_hor.jpg,0.049631289648198317,0.058123316077118035,0.019152984023094177,0.6552852810200914,2.7785546024381785e-05,0.002921749991609218,1.1711022721576205,0.32952325014770306,0.385905426976739,0.5028941053714273,0.0002654109266586602,0.0006828083423897624,227.0,266.0,0.13432210683822632,113.13773227625528,152.57777222881163,47678.5,850.6833276748657,0.8279356919196518,0.9915565306907631,264.300048828125,229.9562225341797,0.8700574349258664,179.91941833496094,0.013135060667991638,0.0052918940782547,0.13240285217761993,0.13769474625587463,0.9693798422813416,0.36548662185668945,0.0008643623441457748,105.6466695798739,4.145519132944466,7.829064179226176,40.87265122666833,3.6948569642251923,122.02236926982542,0.00029664536123164,0.20152898132801056,0.06733849699958228,0.07890766608761624,48057.0,0.004228942489141402
mango43_top_u_ver.jpg,0.05874480066002398,0.06717440143167916,0.022749200463294983,0.6665652269576237,4.2860945522165086e-05,0.003932224451772674,1.1434952655715036,0.33865877445044945,0.38725470522833666,0.47744392314584727,0.00031611244776286185,0.0006328542367555201,231.0,264.0,0.15699784457683563,113.09784289954433,152.60007942811757,47472.0,843.2102383375168,0.8390264474640113,0.99049606175995,263.2353515625,229.42947387695312,0.8715754647509024,176.81602478027344,0.017154887318611145,0.006329193711280823,0.15449172258377075,0.16082091629505157,0.7496886253356934,0.05564284324645996,0.0006482680328190327,104.76689937711635,3.88537909013214,7.776618931686,40.944672045483046,3.131326160287648,122.52249069854939,0.00029664539033547044,0.20152901113033295,0.06852508516749367,0.0783143830485642,47842.0,0.004210023644107663
mango44_bac_u.jpg,0.05249191052313268,0.06491779447351137,0.023196503520011902,0.6610928568949832,3.635553782276522e-05,0.003452234271351496,1.2367199788794643,0.35732118917682654,0.44190625353194996,0.4599301817205539,0.00024791594478301704,0.00047644777805544436,289.0,357.0,0.1068447157740593,110.24454223832944,158.20695733639042,80657.5,1083.8447962999344,0.8628204445288913,0.9919385584100944,354.7690734863281,289.29559326171875,0.8154476105225318,179.75143432617188,0.01912788301706314,0.008108854293823242,0.10334546864032745,0.1114543229341507,0.7819885611534119,-0.2224416732788086,0.0004332165408413857,109.91012413249017,4.553030425491018,9.110977082456943,40.55727722101007,3.0429633003672727,143.6313622523822,0.0002533442748244852,0.17211195826530457,0.07321649542427622,0.09044390611234121,81123.0,0.005206743597049006
mango44_bac_u_hor.jpg,0.05528785668232786,0.06873352662364071,0.023174837231636047,0.6472962095692146,4.011930427463441e-05,0.003753811983226907,1.2431939081771388,0.3371693316208385,0.419166859095184,0.4555523788811779,0.0002351095317862928,0.00038936908822506666,287.0,356.0,0.11520309001207352,110.21291171287449,158.22846186303954,80088.5,1114.9331084489822,0.8096221835756918,0.9906180810667062,351.9071350097656,290.2294616699219,0.824733098014247,177.18490600585938,0.018146254122257233,0.007927529513835907,0.1119222491979599,0.1198497787117958,0.6500769257545471,-0.43050599098205566,0.00043916283175349236,109.9119114398471,4.649195903087371,9.105635455903837,40.54374643202859,3.0218131371076793,143.73127900915884,0.0002534410741645843,0.17217771708965302,0.07273758828523569,0.090225022402592,80578.0,0.005175716560422462
mango44_bac_u_ver.jpg,0.0664591270503757,0.08055382876275734,0.02564351260662079,0.6404028516612571,6.157383841915557e-05,0.0050794341679119065,1.212080753057408,0.31834008389774543,0.3858538886191378,0.4485159520299147,0.00025358039420098066,0.0003963856725022197,294.0,357.0,0.13564544916152954,110.29018802064637,158.12856948346928,80292.5,1132.5899620056152,0.7865737123238868,0.9877473443352995,354.4964599609375,288.50384521484375,0.8138412588002555,177.7543487548828,0.020800918340682983,0.009581327438354492,0.13162866234779358,0.14120998978614807,0.6340062022209167,-0.4791998863220215,0.00036287945113144815,109.42172820557253,4.693651133768579,9.208793936307217,40.52983698275755,3.0267047776095093,143.79484830855685,0.00025344110326841474,0.1721777468919754,0.07451168436091393,0.09047847386682406,80789.0,0.005189270784012545
mango44_bot_u.jpg,0.05721429075994865,0.05941987976438866,0.027612045407295227,0.7648563090969727,4.844933108094093e-05,0.0037740553094803273,1.0385496171523632,0.4646937273650223,0.48260749264804853,0.5161226506645638,0.0003990020486526191,0.0008762974175624549,233.0,242.0,0.14408569037914276,109.94917282161018,159.6812314488852,43098.0,821.1269785165787,0.8032418693841143,0.9865741853517838,238.02471923828125,229.88299560546875,0.9657946298230395,14.19666862487793,0.018956050276756287,0.006260216236114502,0.14184556901454926,0.14810578525066376,1.3977936506271362,1.51265287399292,0.0007419128669425845,113.72561606957963,5.230317489722946,10.72930178363397,40.17406410344907,3.5672988083104453,147.34571224776235,0.00030930916545912623,0.21013227105140686,0.07206903555197641,0.07485281804110855,43461.0,0.004158007738676775
mango44_bot_u_hor.jpg,0.05584431369536702,0.05832926198678706,0.024987876415252686,0.7429822664103375,4.090054440925429e-05,0.0034732563676124722,1.0444977854858337,0.42839349520508285,0.44745605705824515,0.50249795639008,0.00035064658732153475,0.0007686821627430618,233.0,243.0,0.14346498250961304,110.00433914181417,159.57244530155887,43191.5,822.198047041893,0.8028885587719407,0.9895073253989164,240.34962463378906,228.22439575195312,0.9495517045208177,162.70504760742188,0.016187623143196106,0.006187081336975098,0.14112873375415802,0.14731581509113312,1.1577630043029785,1.1007146835327148,0.0006844542222097516,113.42580985834654,5.284161120372979,10.825797593635926,40.16879032072916,3.474772243127243,146.81564386895332,0.0003092858532909304,0.2101164311170578,0.07206360381678678,0.07515646234969608,43557.0,0.004166564139622219
mango44_bot_u_ver.jpg,0.06289404033438895,0.06479627548862166,0.026073917746543884,0.7309795600431819,4.999973057967695e-05,0.004136018599972688,1.0302450779774854,0.40239840253044346,0.41456897359299233,0.47054572808955947,0.0003479212464299053,0.0005206040223129094,233.0,240.0,0.16461554169654846,109.83124180558157,159.89426858962352,42349.0,813.6122596263885,0.8039296674198088,0.9850437290658727,236.52407836914062,227.37303161621094,0.9613102952729923,163.86181640625,0.020231738686561584,0.008364319801330566,0.16099391877651215,0.1693582385778427,0.7659913301467896,-0.05257701873779297,0.0004458381445147097,114.14700786664169,5.061629894043237,10.615130318906365,40.204602921895486,3.215328170949137,147.82271961041394,0.00030928588239476085,0.210116446018219,0.07206361059797928,0.0742286117747426,42712.0,0.004085734119064324
mango44_fro_u.jpg,0.054773196794734885,0.07118566215715624,0.02361626923084259,0.6343536464083283,4.430470892099829e-05,0.003937754986115089,1.2996441019122518,0.33175598168497844,0.43116470487099123,0.4811472172195226,0.00028273905627429485,0.0005133743397891521,252.0,327.0,0.13009536266326904,108.97552046166734,163.38078247649779,64031.5,985.3351278305054,0.8287730263061717,0.9910539471749511,327.5342712402344,250.08572387695312,0.7635406302063713,179.50230407714844,0.019032061100006104,0.008446767926216125,0.12695632874965668,0.1354030966758728,0.8342000842094421,-0.22815752029418945,0.0005329949781298637,113.56093512456951,3.8376491071988377,8.369500886311641,38.95774254599609,1.7556907419336034,164.11869008097793,0.00028020856552757323,0.19036248326301575,0.07061255851294845,0.09162820092751645,64462.0,0.0050613525526513985
mango44_fro_u_hor.jpg,0.05877295461164378,0.07569218928268985,0.022980406880378723,0.6177475544335842,4.766407843818904e-05,0.00429688836509498,1.287874495724163,0.3036034113711934,0.3910030903198113,0.4662350251156246,0.0002713960420805961,0.0004606260918080807,255.0,328.0,0.1402769833803177,109.1413572145449,163.26957461591908,64331.5,992.1635570526123,0.8212341484226988,0.9918899125004819,326.5987854003906,251.6741180419922,0.7705911022708022,178.9986114501953,0.018124163150787354,0.008410364389419556,0.13696753978729248,0.14537790417671204,0.6485563516616821,-0.5182855129241943,0.000467735284473747,113.55358604184359,4.00149141249773,8.428071325639312,38.85478267582799,1.8795885455837418,163.5983478730796,0.00028020853642374277,0.19036246836185455,0.0714531767880544,0.09190839994698763,64765.0,0.005085142098894926
mango44_fro_u_ver.jpg,0.06098525975473327,0.07859880845595434,0.02239014208316803,0.604621056264324,4.8914395688364696e-05,0.004511183475126454,1.2888164906086839,0.2848661770199118,0.36714022655991485,0.4557629344416499,0.0002452631015330553,0.0003432992089074105,252.0,325.0,0.1491820514202118,109.0760981871693,163.37274178903536,63432.0,1010.1219246387482,0.7812151803273405,0.9899108125190197,326.4749755859375,248.8873748779297,0.7623474798680717,179.1984100341797,0.01752932369709015,0.007370665669441223,0.14606595039367676,0.15343661606311798,0.6425686478614807,-0.3628511428833008,0.00028711839695461094,112.85846457309246,3.871857643360299,8.387684531056676,38.901249256395005,1.7636190741735085,164.56892826951375,0.0002802085946314037,0.19036251306533813,0.07061256584711373,0.0910677932552062,63878.0,0.005015499759845957
mango44_sia_u.jpg,0.061435923984891054,0.06531654561865852,0.02539578080177307,0.7151204253678133,4.777468353080673e-05,0.0040863271828677945,1.0631653498809885,0.3888108374567567,0.41337021004223296,0.46880328518014847,0.00026330180116929114,0.00046384308370761573,317.0,337.0,0.11304500699043274,111.28347895059429,160.95975194990928,82714.5,1124.1046808958054,0.8225797241073872,0.9889406321176,357.32745361328125,296.07916259765625,0.8285933801159562,148.1610870361328,0.019758939743041992,0.008082911372184753,0.10948001593351364,0.1175629273056984,0.8000688552856445,-0.08372139930725098,0.00038632904761470854,104.2510665913543,3.8185498446335857,8.78419537278042,38.14330180629499,2.777735629511965,164.43311420639594,0.00024679707712493837,0.1676640659570694,0.07823467344860546,0.08317061499110423,83209.0,0.00506816011265624
mango44_sia_u_ver.jpg,0.0697260043218388,0.07410938274668064,0.022793397307395935,0.6614329343287005,5.072018148883099e-05,0.004728046738340862,1.0628657624579947,0.30756425789306485,0.32689951947033974,0.4306294862008876,0.00021789036691188812,0.0002821024681907147,319.0,339.0,0.1336674690246582,111.46427019458258,160.83741731447057,82354.5,1124.933108329773,0.8177937763414358,0.9888512661647635,352.2708740234375,302.1827392578125,0.8578135790973951,31.17475700378418,0.01839783787727356,0.007835060358047485,0.13004299998283386,0.13787806034088135,0.5637718439102173,-0.4340956211090088,0.000253539124969393,103.55736082275119,3.722956239965044,8.985684067019802,38.07967988025687,2.593314334400052,164.3837332818309,0.00024669672711752355,0.16759587824344635,0.07869625595049001,0.08363019049284048,82844.0,0.005041825792224727
mango44_sib_u.jpg,0.06082585380639437,0.06508997297576868,0.03427411615848541,0.7894817562001065,6.429080977458874e-05,0.004561314230262736,1.0701037289660873,0.5265652233600524,0.5634794090614528,0.4737839306593661,0.0003751154581550509,0.0009375273366458714,296.0,318.0,0.11248864978551865,111.18175203525487,157.50810669815075,72369.5,1060.7077116966248,0.8083026143448364,0.9905081915607079,329.52923583984375,281.4249572753906,0.8540212116783698,25.63347053527832,0.020640507340431213,0.00799107551574707,0.10931303352117538,0.11730410903692245,1.1417949199676514,1.3793492317199707,0.000808929733466357,101.831633283453,4.113771659492896,7.9581777922251575,39.91168435359207,3.049980786626358,150.30736810312874,0.00026748355594463646,0.1817176192998886,0.0791751325596124,0.0850597707903944,72841.0,0.0052115880021780595
mango44_sib_u_ver.jpg,0.06809241291498778,0.07443591203054503,0.0284893661737442,0.7048101684808832,6.518697015672681e-05,0.005071396758189143,1.0931601458076834,0.38273684565124283,0.4183926659980854,0.45143660433985433,0.0003052886459045112,0.0005900700343772769,292.0,320.0,0.13879533112049103,111.18624214379446,157.5268319635334,71935.5,1044.9919835329056,0.8278034135106621,0.9922959141446188,334.3064270019531,277.5221862792969,0.8301431377437308,152.79811096191406,0.021809548139572144,0.00896143913269043,0.1346900761127472,0.14365151524543762,0.6171750426292419,-0.2562592029571533,0.0005828026332892478,100.85237930796326,3.834226141652052,7.8917906421909825,39.9167760204434,2.258492503950867,150.97813384902273,0.00026748355594463646,0.1817176192998886,0.07810519833583385,0.08559473790228367,72395.0,0.0051796778382735085
mango44_top_u.jpg,0.05914933564517782,0.0633276331541578,0.02186080813407898,0.685714274183141,4.076432587603466e-05,0.003750041260577857,1.070639804545643,0.3452017238803705,0.36958670618409883,0.4978183767314695,0.00031819456489756703,0.0006694364710710943,225.0,241.0,0.1628485471010208,112.03913917188522,157.54138237218433,42447.5,793.1686078310013,0.8478732748943607,0.9917524327986823,240.74578857421875,224.856689453125,0.934000510600021,2.449070453643799,0.01588071882724762,0.005710482597351074,0.16057813167572021,0.1662886142730713,0.8535624742507935,0.23129773139953613,0.0007624495774507523,113.32540424338723,5.039227005332223,9.580096219241915,38.819819609309285,3.8387795407702585,132.68634919151322,0.00031393879908137023,0.21327745914459229,0.0706362297933083,0.07565925057861023,42796.0,0.0042178697472600715
mango44_top_u_hor.jpg,0.060395711924998305,0.06455185406833003,0.019739270210266113,0.658930967818174,4.155968522386902e-05,0.00388845226051604,1.0688151858942068,0.30578936105183774,0.3268323127770907,0.5400405013603998,0.00031271070474758744,0.0007562675164081156,226.0,241.0,0.16693156957626343,112.27038037152568,157.46664183621212,42612.0,791.0681021213531,0.8556852313159273,0.9927775965705232,240.33787536621094,226.23825073242188,0.9413341546258367,175.8147735595703,0.013576969504356384,0.005490317940711975,0.1646338850259781,0.17012420296669006,0.9949446320533752,0.4623088836669922,0.0008083711727522314,113.1320592206341,5.051889903862046,9.587125624498489,38.633223148191256,3.8315448789106727,132.50684389403602,0.00031410111114382744,0.21338772773742676,0.070986851118505,0.07569836778566241,42958.0,0.004238215145599928
mango44_top_u_ver.jpg,0.06083969493561964,0.06541117948571634,0.023554310202598572,0.6944662626365241,4.6973779121258685e-05,0.004038311052210301,1.075139833540162,0.36009609347805843,0.3871536540004624,0.5011250389077055,0.00035459286300465465,0.0006767752347514033,225.0,242.0,0.16610562801361084,112.14764343780837,157.55072599971805,42221.5,785.4528793096542,0.8600095031938663,0.9925362608429912,239.30406188964844,224.91265869140625,0.9398614336731209,173.9467010498047,0.016934752464294434,0.006877020001411438,0.16382363438606262,0.17070065438747406,0.941490113735199,0.19902491569519043,0.0006666101980954409,113.20602885202763,4.896936495978546,9.566560387163381,38.78097833748414,3.5920117975677073,132.78938959635354,0.000314101082039997,0.21338771283626556,0.07067274345899932,0.07601246185367927,42562.0,0.004199145202258418
mango45_bac_u.jpg,0.055248295959371245,0.06914482861265954,0.02441743016242981,0.6558932239978671,4.371895384223625e-05,0.0038675205381050242,1.251528710740827,0.35313458218564864,0.4419580683608055,0.46869596520172,0.00025987636763602495,0.0005140198045410216,289.0,362.0,0.11231521517038345,110.76840675005155,159.32541945189192,81951.0,1102.2884451150894,0.8475661656990616,0.9927678441633958,360.2615661621094,289.8212585449219,0.8044745422954971,174.80154418945312,0.019401326775550842,0.00783742219209671,0.10879013687372208,0.11662755906581879,0.7849684357643127,-0.07349205017089844,0.0004666070453822613,110.90417207536183,4.189318252724659,9.705646665482503,39.47222458115469,2.794132309896197,145.19056400053378,0.00025239845854230225,0.17146942019462585,0.07294315451872535,0.09136824199231341,82429.0,0.005251137950935655
mango45_bac_u_hor.jpg,0.0576555563309776,0.07316272833449937,0.023334026336669922,0.6310789417382957,4.450197090523707e-05,0.004097401954871868,1.2689623167366777,0.3189332446705234,0.4047142690414531,0.45212497955662595,0.00024286693951580673,0.00045670094550587237,289.0,367.0,0.11961927264928818,110.9532265312815,159.308758335054,81850.5,1109.2173783779144,0.8359838170096315,0.9921693647609292,361.2998352050781,288.3973083496094,0.7982215330541504,3.43479061126709,0.018654897809028625,0.007689639925956726,0.11604258418083191,0.12373222410678864,0.6297042369842529,-0.33466291427612305,0.0005247592926025391,110.4892813331228,4.134213777008377,9.692654698473563,39.29782711670897,2.741636867660336,145.3419649472265,0.0002523013099562377,0.1714034080505371,0.07291507857735269,0.09259458075393923,82333.0,0.0052409854141468246
mango45_bac_u_ver.jpg,0.06578076250054507,0.08053122357225367,0.027862846851348877,0.6562438784289606,6.691439180452309e-05,0.005250660894085333,1.2242366994694898,0.3459881225615548,0.4235713572204032,0.4533471042964623,0.0002652662806212902,0.0004551161837298423,291.0,356.0,0.13459759950637817,110.98983848931394,159.28623011613155,81477.5,1121.3351303339005,0.8142855015269092,0.9915844174810452,358.6111145019531,290.3630065917969,0.809687694691391,5.528977394104004,0.022541821002960205,0.01019170880317688,0.13026398420333862,0.1404556930065155,0.6203923225402832,-0.49319958686828613,0.00042342880624346435,110.70935395725579,4.154258356165706,9.72741338683309,39.27533668390748,2.7527153652097884,145.10396945447448,0.0002523013099562377,0.1714034080505371,0.07341968119726516,0.08981926634442061,81976.0,0.005218260239637813
mango45_bot_u.jpg,0.05679956895706791,0.06246774475381052,0.029483690857887268,0.7542901067418127,5.2034399525060316e-05,0.004036381676620208,1.099792584711812,0.4719826363843361,0.5190830036082243,0.4974023482798579,0.00035491492599248886,0.0006890426157042384,265.0,292.0,0.12187191843986511,109.6118846671702,162.56627040162886,60462.0,989.0092282295227,0.7767686424491268,0.9831858982698062,294.7278747558594,263.22882080078125,0.8931249581290176,173.74588012695312,0.02153719961643219,0.007975295186042786,0.11888322234153748,0.12685851752758026,1.1700783967971802,0.7376234531402588,0.0004539177461992949,122.02364454369315,4.531901230415262,10.292026806242692,38.89483104003153,2.7479751915069865,152.05563035696693,0.0002698287134990096,0.1833108365535736,0.07150460907723755,0.0787899843417108,60902.0,0.004434124473946771
mango45_bot_u_hor.jpg,0.06043423222508623,0.06918248823996119,0.04060047119855881,0.8003388686780787,8.029913941565986e-05,0.005125062787045955,1.1447566336623958,0.5868605225318734,0.6718124762029419,0.4730430105526038,0.00045813340693712234,0.000993435038253665,268.0,306.0,0.11943784356117249,110.15383142068217,161.88283083012786,62188.0,1035.6955199241638,0.7285380829796247,0.9828210193599368,297.3868713378906,266.4734191894531,0.8960497078792907,4.269155979156494,0.028521940112113953,0.008994683623313904,0.11637721955776215,0.12537190318107605,1.5987472534179688,2.488490104675293,0.0006238104542717338,120.92611686591225,5.16445485045676,10.824624865991494,38.71338962220484,3.5830848104766817,150.3241185577706,0.0002697585732676089,0.18326318264007568,0.07229529763571918,0.08254612341988832,62653.0,0.004559239252952255
mango45_bot_u_ver.jpg,0.06375787981482704,0.07037437361679547,0.02860623598098755,0.7167843254548482,6.228563198678203e-05,0.004768054266641059,1.1037753109291715,0.40648654489992386,0.44866981248543814,0.4852647549464207,0.0003289124579168856,0.0005170858930796385,264.0,291.0,0.14276494085788727,109.73684557237199,162.50404308229443,60282.5,983.109733581543,0.7837853232710138,0.9861038408689393,290.3260498046875,265.29681396484375,0.9137892178236097,4.099152088165283,0.02193969488143921,0.009011432528495789,0.13901814818382263,0.14802958071231842,0.9032425880432129,0.09599661827087402,0.000422027544118464,122.19874507995587,4.453093670373013,10.367254698540446,38.8636550781443,2.579262425712684,151.5803428797286,0.0002697585441637784,0.1832631677389145,0.0712162556592375,0.07849973635165952,60721.0,0.004418647262581361
mango45_fro_u.jpg,0.055168563341243725,0.07393696304591432,0.025339968502521515,0.634733630975791,4.586806379729915e-05,0.003958500447512316,1.340200987083516,0.34272395644362047,0.4593189847229081,0.44376296502577034,0.0002596411795821041,0.0006210478022694588,286.0,384.0,0.11170133948326111,108.88944754058639,165.2220256845166,82037.0,1143.1757484674454,0.7888485452910127,0.9920310534971462,380.42791748046875,274.614013671875,0.7218555764535176,9.062079429626465,0.018962591886520386,0.008077524602413177,0.10862437635660172,0.11670190095901489,0.9728578925132751,0.21236324310302734,0.0007048193365335464,117.94452386721589,3.897956646006841,9.128320306201942,38.2448630966804,1.9083116631830532,167.83111218803003,0.0002555045357439667,0.17357955873012543,0.07307429722277448,0.09811374172568321,82540.0,0.005388423145034976
mango45_fro_u_hor.jpg,0.0560577460698471,0.07578527006078063,0.029405012726783752,0.6596230138644017,5.480634473575714e-05,0.004334419730249235,1.3519143271717229,0.38800432726835443,0.5245486090387144,0.4387216150748214,0.00028512245626188815,0.0006713481852784753,285.0,387.0,0.11147093027830124,109.12335265571866,165.21380078177,82118.0,1161.3767583370209,0.7650713980361812,0.9892245143803644,382.0943603515625,273.8713073730469,0.7167635427046337,170.3717803955078,0.021018631756305695,0.009043119847774506,0.10811575502157211,0.11715887486934662,0.8977077007293701,0.23808002471923828,0.0007167122093960643,117.92016506722496,4.075078780217284,9.110639987750107,38.017607977442424,2.188676837463536,167.73009572446844,0.0002552993828430772,0.17344018816947937,0.072760324110277,0.09880086116027087,82633.0,0.005385835071663675
mango45_fro_u_ver.jpg,0.06457184164140424,0.08577858152686567,0.026502087712287903,0.6149717695478412,6.188236397585614e-05,0.005185399681935524,1.3284208618863893,0.30895926745987873,0.4104279363668396,0.42156522203847835,0.0002579615102149546,0.00029708872898481786,283.0,376.0,0.13726678490638733,108.86811053024645,165.45548917102315,79852.0,1118.1463106870651,0.8025985887378675,0.9878516465843581,373.4990234375,272.8943786621094,0.7306428170829596,169.43017578125,0.021929427981376648,0.010609596967697144,0.1326347440481186,0.14324434101581573,0.5207247138023376,-0.7405543327331543,0.00022504417574964464,118.34896689071446,3.625038949218601,8.915615403568129,38.19648991784914,1.6566497972173486,168.25612397311426,0.0002552993828430772,0.17344018816947937,0.07224972534459084,0.09599256794899702,80340.0,0.005236382433863707
mango45_sia_u.jpg,0.06519658679648833,0.07166135797362197,0.023681700229644775,0.6699194041661282,5.26878737441895e-05,0.004470973935023643,1.0991581230672929,0.3304668080440485,0.3632352764657357,0.4761983646510518,0.000327341869706288,0.0006908015930093825,246.0,271.0,0.1624348759651184,109.70541722409696,169.7248657175376,49694.0,881.3523741960526,0.803923385556978,0.987481122327319,277.37005615234375,229.96853637695312,0.8291036875683666,151.69223022460938,0.01802438497543335,0.007671535015106201,0.159423828125,0.1670953631401062,0.8941228985786438,-0.046363115310668945,0.0006050641532056034,133.04486731494978,4.575009579404876,11.414102771233573,35.92204628501827,2.9804835943777532,167.26047802559853,0.0003233162860851735,0.21964815258979797,0.07953580637695268,0.08761871352908202,50081.0,0.005235138249484168
mango45_sia_u_ver.jpg,0.07164390681787897,0.07913635168057874,0.023808777332305908,0.6482185197836966,6.000657094355931e-05,0.005182049206845552,1.1045789543798303,0.3008576567745534,0.332321035937202,0.4445354821755832,0.0002943955478258431,0.00041416450403630733,243.0,269.0,0.1840161830186844,109.51581975071907,170.00432467717917,48634.0,880.5239464044571,0.7882564111942637,0.984483962712928,273.5721740722656,227.57260131835938,0.8318558058402709,27.910032272338867,0.01918525993824005,0.00818084180355072,0.18107321858406067,0.1892540603876114,0.6228463649749756,-0.4629061222076416,0.0003133141726721078,132.59725423797966,3.854731901698419,11.248232610099667,36.08949225841986,2.1288649082462974,168.42926500887376,0.00032346558873541653,0.2197495847940445,0.07860213806270622,0.08701224336982705,49021.0,0.005129066597430547
mango45_sib_u.jpg,0.06235995416775577,0.07350001893446263,0.03225848078727722,0.7194350604649531,6.808984099486475e-05,0.004822701122936448,1.1786413238332207,0.4388907820015797,0.5172948123165394,0.4605164745274927,0.00035388817195780575,0.000736098678316921,298.0,352.0,0.11578664183616638,108.37898906420666,163.1687349484794,75492.0,1122.8914779424667,0.7523765024944757,0.9845648218792182,343.62628173828125,279.5963439941406,0.8136640264527023,23.536483764648438,0.02184981107711792,0.00822719931602478,0.11253318935632706,0.12076038867235184,1.269981861114502,1.3642516136169434,0.0005477452650666237,119.61757622813829,4.466963506108111,9.276182719112041,39.62859098027346,3.0820430939860564,157.7210780507705,0.00026818440528586507,0.18219375610351562,0.07991895277518779,0.0944009106606245,75989.0,0.0054653473665008945
mango45_sib_u_ver.jpg,0.06914545733216682,0.0808008012304357,0.027403831481933594,0.6620861996591088,6.7075939466448e-05,0.0052007425935049496,1.168562684346391,0.3391529671071038,0.39632150164672053,0.4381029274586139,0.000271244061877951,0.00044834782602265477,294.0,343.0,0.1399802565574646,108.03159894172715,163.6713384437962,73226.0,1089.3767582178116,0.7753878017906485,0.9849750480879168,341.0307312011719,271.2048034667969,0.7952503356854808,152.31748962402344,0.02116955816745758,0.008811816573143005,0.13616560399532318,0.1449774205684662,0.8209922313690186,-0.03561973571777344,0.0003611030988395214,119.66277728783665,3.8772800261423317,8.847056521610318,39.71921850620718,2.2782026406892304,159.61016213282682,0.0002679512545000762,0.18203535676002502,0.0787776688230224,0.09190728029352613,73705.0,0.005291862361261671
mango45_top_u.jpg,0.057619618531799074,0.060046655163203996,0.021103069186210632,0.6960591072719531,3.7019781945994275e-05,0.003469266254412519,1.042121705996118,0.3514445413962439,0.3662479850428771,0.5070246038031962,0.00028299071709625423,0.0007513496093451977,275.0,287.0,0.12642188370227814,111.36229059885045,161.8025447459348,60657.5,944.1635557413101,0.8550665262141284,0.9931722732073124,297.1879577636719,259.5685119628906,0.8734153090055662,33.086856842041016,0.013940073549747467,0.00540846586227417,0.12387369573116302,0.1292821615934372,1.0058192014694214,0.700913667678833,0.0008502471609972417,118.06615684412203,4.626889228369343,10.69382318138071,37.56639428824079,3.334726590562948,148.164229452896,0.00028851567185483873,0.19600600004196167,0.07934180976008065,0.08280399782233872,61067.0,0.005083296033881479
mango45_top_u_hor.jpg,0.05947700714814427,0.06228633373238768,0.02018018066883087,0.6763365742465561,3.63493640419846e-05,0.0035401686272673095,1.047233825623505,0.3239905041695779,0.3392938151471952,0.48621672259242243,0.00025569405988790095,0.0006660412182100117,277.0,290.0,0.13084907829761505,111.52273024594453,161.73791535845106,60730.5,968.2224303483963,0.8140787936192737,0.991259426109098,298.2257385253906,258.67022705078125,0.867363857760246,147.0535125732422,0.013800755143165588,0.005793586373329163,0.12821879982948303,0.1340123862028122,0.9470773935317993,0.4756128787994385,0.0007732643280178308,117.97344322344323,4.604931755238493,10.716572229653472,37.44840724751439,3.3481174585899334,147.88173731030875,0.00028851593378931284,0.196006178855896,0.07991891365963966,0.08366962079890072,61152.0,0.005090380786565117
mango45_top_u_ver.jpg,0.06604872078486085,0.06788595747579901,0.019633322954177856,0.6552888453360276,4.2500347553977524e-05,0.0041407808712887375,1.0278163856787257,0.2892103711018149,0.2972551583266704,0.4827856051952002,0.0002562037843745202,0.000568144372664392,276.0,284.0,0.1485954374074936,111.39311510171625,161.93759525545028,59960.0,942.2051863670349,0.8487514070044903,0.9916808626763475,296.23565673828125,257.06768798828125,0.867781045734801,144.2159423828125,0.01526692509651184,0.005455389618873596,0.14634928107261658,0.15180467069149017,0.8778193593025208,0.20850467681884766,0.0006516519351862371,118.10484725995626,4.45110415360891,10.628923884832401,37.50236896163276,3.1198548824292733,148.59724339010006,0.00028851593378931284,0.196006178855896,0.07963039772585034,0.08193852519616485,60364.0,0.0050247865286534655
